Fishery,Batch.Year,limited,status,source
A11A,1975,0,Open,current
A11A,1976,0,Open,current
A11A,1977,0,Open,current
A11A,1978,0,Open,current
A11A,1979,0,Open,current
A11A,1980,0,Open,current
A11A,1981,0,Open,current
A11A,1982,0,Open,current
A11A,1983,0,Open,current
A11A,1984,0,Open,current
A11A,1985,0,Open,current
A11A,1986,0,Open,current
A11A,1987,0,Open,current
A11A,1988,0,Open,current
A11A,1989,0,Open,current
A11A,1990,0,Open,current
A11A,1991,0,Open,current
A11A,1992,0,Open,current
A11A,1993,0,Open,current
A11A,1994,0,Open,current
A11A,1995,0,Open,current
A11A,1996,0,Open,historical
A11A,1997,0,Open,historical
A11A,1998,0,Open,historical
A11A,1999,0,Open,historical
A11A,2000,0,Open,historical
A11A,2001,0,Open,historical
A11A,2002,0,Open,historical
A11A,2003,0,Open,historical
A11A,2004,0,Open,historical
A11A,2005,0,Open,historical
A11A,2006,0,Open,historical
A11A,2007,0,Open,historical
A11A,2008,0,Open,historical
A11A,2009,0,Open,historical
A11A,2010,0,Open,historical
A11A,2011,0,Open,historical
A11A,2012,0,Open,historical
A11A,2013,0,Open,historical
A11A,2014,0,Open,historical
A11A,2015,0,Open,historical
A11A,2016,0,Open,historical
A11A,2017,0,Open,historical
A11A,2018,0,Open,historical
A11A,2019,0,Open,historical
A11A,2020,0,Open,historical
A11A,2021,0,Open,historical
A11A,2022,0,Open,current
A11A,2023,0,Open,current
A11A,2024,0,Open,current
A11A,2025,0,Open,current
A11B,1975,0,Open,historical-outside-range
A11B,1976,0,Open,historical-outside-range
A11B,1977,0,Open,historical-outside-range
A11B,1978,0,Open,historical-outside-range
A11B,1979,0,Open,historical-outside-range
A11B,1980,0,Open,historical-outside-range
A11B,1981,0,Open,historical-outside-range
A11B,1982,0,Open,historical-outside-range
A11B,1983,0,Open,historical-outside-range
A11B,1984,0,Open,historical-outside-range
A11B,1985,0,Open,historical-outside-range
A11B,1986,0,Open,historical-outside-range
A11B,1987,0,Open,historical-outside-range
A11B,1988,0,Open,historical-outside-range
A11B,1989,0,Open,historical-outside-range
A11B,1990,0,Open,historical-outside-range
A11B,1991,0,Open,historical-outside-range
A11B,1992,0,Open,historical-outside-range
A11B,1993,0,Open,historical-outside-range
A11B,1994,0,Open,historical
A11B,1995,0,Open,historical
A11B,1996,0,Open,historical
A11B,1997,0,Open,historical
A11B,1998,0,Open,historical
A11B,1999,0,Open,historical
A11B,2000,0,Open,historical
A11B,2001,0,Open,historical
A11B,2002,0,Open,historical-outside-range
A11B,2003,0,Open,historical-outside-range
A11B,2004,0,Open,historical-outside-range
A11B,2005,0,Open,historical-outside-range
A11B,2006,0,Open,historical-outside-range
A11B,2007,0,Open,historical-outside-range
A11B,2008,0,Open,historical-outside-range
A11B,2009,0,Open,historical-outside-range
A11B,2010,0,Open,historical-outside-range
A11B,2011,0,Open,historical-outside-range
A11B,2012,0,Open,historical-outside-range
A11B,2013,0,Open,historical-outside-range
A11B,2014,0,Open,historical-outside-range
A11B,2015,0,Open,historical-outside-range
A11B,2016,0,Open,historical-outside-range
A11B,2017,0,Open,historical-outside-range
A11B,2018,0,Open,historical-outside-range
A11B,2019,0,Open,historical-outside-range
A11B,2020,0,Open,historical-outside-range
A11B,2021,0,Open,historical-outside-range
A11B,2022,0,Open,historical-outside-range
A11B,2023,0,Open,historical-outside-range
A11B,2024,0,Open,historical-outside-range
A11B,2025,0,Open,historical-outside-range
A12B,1975,0,Open,historical-outside-range
A12B,1976,0,Open,historical-outside-range
A12B,1977,0,Open,historical-outside-range
A12B,1978,0,Open,historical-outside-range
A12B,1979,0,Open,historical-outside-range
A12B,1980,0,Open,historical-outside-range
A12B,1981,0,Open,historical-outside-range
A12B,1982,0,Open,historical-outside-range
A12B,1983,0,Open,historical
A12B,1984,0,Open,historical
A12B,1985,0,Open,historical
A12B,1986,0,Open,historical
A12B,1987,0,Open,historical
A12B,1988,0,Open,historical
A12B,1989,0,Open,historical
A12B,1990,0,Open,historical
A12B,1991,0,Open,historical
A12B,1992,0,Open,historical
A12B,1993,0,Open,historical
A12B,1994,0,Open,historical-outside-range
A12B,1995,0,Open,historical-outside-range
A12B,1996,0,Open,historical-outside-range
A12B,1997,0,Open,historical-outside-range
A12B,1998,0,Open,historical-outside-range
A12B,1999,0,Open,historical-outside-range
A12B,2000,0,Open,historical-outside-range
A12B,2001,0,Open,historical-outside-range
A12B,2002,0,Open,historical-outside-range
A12B,2003,0,Open,historical-outside-range
A12B,2004,0,Open,historical-outside-range
A12B,2005,0,Open,historical-outside-range
A12B,2006,0,Open,historical-outside-range
A12B,2007,0,Open,historical-outside-range
A12B,2008,0,Open,historical-outside-range
A12B,2009,0,Open,historical-outside-range
A12B,2010,0,Open,historical-outside-range
A12B,2011,0,Open,historical-outside-range
A12B,2012,0,Open,historical-outside-range
A12B,2013,0,Open,historical-outside-range
A12B,2014,0,Open,historical-outside-range
A12B,2015,0,Open,historical-outside-range
A12B,2016,0,Open,historical-outside-range
A12B,2017,0,Open,historical-outside-range
A12B,2018,0,Open,historical-outside-range
A12B,2019,0,Open,historical-outside-range
A12B,2020,0,Open,historical-outside-range
A12B,2021,0,Open,historical-outside-range
A12B,2022,0,Open,historical-outside-range
A12B,2023,0,Open,historical-outside-range
A12B,2024,0,Open,historical-outside-range
A12B,2025,0,Open,historical-outside-range
A99B,1975,0,Open,historical-outside-range
A99B,1976,0,Open,historical-outside-range
A99B,1977,0,Open,historical-outside-range
A99B,1978,0,Open,historical-outside-range
A99B,1979,0,Open,historical-outside-range
A99B,1980,0,Open,historical
A99B,1981,0,Open,historical
A99B,1982,0,Open,historical
A99B,1983,0,Open,historical-outside-range
A99B,1984,0,Open,historical-outside-range
A99B,1985,0,Open,historical-outside-range
A99B,1986,0,Open,historical-outside-range
A99B,1987,0,Open,historical-outside-range
A99B,1988,0,Open,historical-outside-range
A99B,1989,0,Open,historical-outside-range
A99B,1990,0,Open,historical-outside-range
A99B,1991,0,Open,historical-outside-range
A99B,1992,0,Open,historical-outside-range
A99B,1993,0,Open,historical-outside-range
A99B,1994,0,Open,historical-outside-range
A99B,1995,0,Open,historical-outside-range
A99B,1996,0,Open,historical-outside-range
A99B,1997,0,Open,historical-outside-range
A99B,1998,0,Open,historical-outside-range
A99B,1999,0,Open,historical-outside-range
A99B,2000,0,Open,historical-outside-range
A99B,2001,0,Open,historical-outside-range
A99B,2002,0,Open,historical-outside-range
A99B,2003,0,Open,historical-outside-range
A99B,2004,0,Open,historical-outside-range
A99B,2005,0,Open,historical-outside-range
A99B,2006,0,Open,historical-outside-range
A99B,2007,0,Open,historical-outside-range
A99B,2008,0,Open,historical-outside-range
A99B,2009,0,Open,historical-outside-range
A99B,2010,0,Open,historical-outside-range
A99B,2011,0,Open,historical-outside-range
A99B,2012,0,Open,historical-outside-range
A99B,2013,0,Open,historical-outside-range
A99B,2014,0,Open,historical-outside-range
A99B,2015,0,Open,historical-outside-range
A99B,2016,0,Open,historical-outside-range
A99B,2017,0,Open,historical-outside-range
A99B,2018,0,Open,historical-outside-range
A99B,2019,0,Open,historical-outside-range
A99B,2020,0,Open,historical-outside-range
A99B,2021,0,Open,historical-outside-range
A99B,2022,0,Open,historical-outside-range
A99B,2023,0,Open,historical-outside-range
A99B,2024,0,Open,historical-outside-range
A99B,2025,0,Open,historical-outside-range
B05B,1975,0,Open,historical
B05B,1976,0,Open,historical
B05B,1977,0,Open,historical
B05B,1978,0,Open,historical
B05B,1979,0,Open,historical
B05B,1980,0,Open,historical
B05B,1981,0,Open,historical
B05B,1982,0,Open,historical
B05B,1983,0,Open,historical
B05B,1984,0,Open,historical
B05B,1985,0,Open,historical
B05B,1986,0,Open,historical
B05B,1987,0,Open,historical
B05B,1988,0,Open,historical
B05B,1989,0,Open,historical
B05B,1990,0,Open,historical
B05B,1991,0,Open,historical
B05B,1992,0,Open,historical
B05B,1993,0,Open,historical
B05B,1994,0,Open,historical
B05B,1995,0,Open,historical
B05B,1996,0,Open,historical
B05B,1997,0,Open,historical
B05B,1998,0,Open,historical
B05B,1999,0,Open,historical
B05B,2000,0,Open,historical
B05B,2001,0,Open,historical
B05B,2002,0,Open,historical
B05B,2003,0,Open,historical
B05B,2004,0,Open,historical
B05B,2005,0,Open,historical
B05B,2006,0,Open,historical
B05B,2007,0,Open,historical
B05B,2008,0,Open,historical
B05B,2009,0,Open,historical
B05B,2010,0,Open,historical
B05B,2011,0,Open,historical
B05B,2012,0,Open,historical
B05B,2013,0,Open,historical
B05B,2014,0,Open,historical
B05B,2015,0,Open,historical
B05B,2016,0,Open,historical
B05B,2017,0,Open,historical
B05B,2018,0,Open,historical
B05B,2019,0,Open,historical
B05B,2020,0,Open,historical
B05B,2021,0,Open,historical
B05B,2022,0,Open,current
B05B,2023,0,Open,current
B05B,2024,0,Open,current
B05B,2025,0,Open,current
B06B,1975,0,Open,historical
B06B,1976,0,Open,historical
B06B,1977,0,Open,historical
B06B,1978,0,Open,historical
B06B,1979,0,Open,historical
B06B,1980,0,Open,historical
B06B,1981,0,Open,historical
B06B,1982,0,Open,historical
B06B,1983,0,Open,historical
B06B,1984,0,Open,historical
B06B,1985,0,Open,historical
B06B,1986,0,Open,historical
B06B,1987,0,Open,historical
B06B,1988,0,Open,historical
B06B,1989,0,Open,historical
B06B,1990,0,Open,historical
B06B,1991,0,Open,historical
B06B,1992,0,Open,historical
B06B,1993,0,Open,historical
B06B,1994,0,Open,historical
B06B,1995,0,Open,historical
B06B,1996,0,Open,current
B06B,1997,0,Open,current
B06B,1998,0,Open,current
B06B,1999,0,Open,current
B06B,2000,0,Open,current
B06B,2001,0,Open,current
B06B,2002,0,Open,current
B06B,2003,0,Open,current
B06B,2004,0,Open,current
B06B,2005,0,Open,current
B06B,2006,0,Open,current
B06B,2007,0,Open,current
B06B,2008,0,Open,current
B06B,2009,0,Open,current
B06B,2010,0,Open,current
B06B,2011,0,Open,current
B06B,2012,0,Open,current
B06B,2013,0,Open,current
B06B,2014,0,Open,current
B06B,2015,0,Open,current
B06B,2016,0,Open,current
B06B,2017,0,Open,current
B06B,2018,0,Open,current
B06B,2019,0,Open,current
B06B,2020,0,Open,current
B06B,2021,0,Open,current
B06B,2022,0,Open,current
B06B,2023,0,Open,current
B06B,2024,0,Open,current
B06B,2025,0,Open,current
B06ZL,1975,0,Open,historical-outside-range
B06ZL,1976,0,Open,historical-outside-range
B06ZL,1977,0,Open,historical-outside-range
B06ZL,1978,0,Open,historical-outside-range
B06ZL,1979,0,Open,historical-outside-range
B06ZL,1980,0,Open,historical-outside-range
B06ZL,1981,0,Open,historical-outside-range
B06ZL,1982,0,Open,historical-outside-range
B06ZL,1983,0,Open,historical-outside-range
B06ZL,1984,0,Open,historical-outside-range
B06ZL,1985,0,Open,historical-outside-range
B06ZL,1986,0,Open,historical-outside-range
B06ZL,1987,0,Open,historical-outside-range
B06ZL,1988,0,Open,historical-outside-range
B06ZL,1989,0,Open,historical-outside-range
B06ZL,1990,0,Open,historical-outside-range
B06ZL,1991,0,Open,historical-outside-range
B06ZL,1992,0,Open,historical-outside-range
B06ZL,1993,0,Open,historical-outside-range
B06ZL,1994,0,Open,historical-outside-range
B06ZL,1995,0,Open,historical-outside-range
B06ZL,1996,0,Open,historical-outside-range
B06ZL,1997,0,Open,historical-outside-range
B06ZL,1998,0,Open,historical-outside-range
B06ZL,1999,0,Open,historical-outside-range
B06ZL,2000,0,Open,historical-outside-range
B06ZL,2001,0,Open,historical-outside-range
B06ZL,2002,0,Open,historical-outside-range
B06ZL,2003,0,Open,historical-outside-range
B06ZL,2004,0,Open,historical-outside-range
B06ZL,2005,0,Open,historical-outside-range
B06ZL,2006,0,Open,historical-outside-range
B06ZL,2007,0,Open,historical-outside-range
B06ZL,2008,0,Open,historical-outside-range
B06ZL,2009,0,Open,historical-outside-range
B06ZL,2010,0,Open,historical-outside-range
B06ZL,2011,0,Open,historical-outside-range
B06ZL,2012,0,Open,historical-outside-range
B06ZL,2013,0,Open,historical-outside-range
B06ZL,2014,0,Open,historical-outside-range
B06ZL,2015,0,Open,historical-outside-range
B06ZL,2016,0,Open,historical-outside-range
B06ZL,2017,0,Open,historical-outside-range
B06ZL,2018,0,Open,historical-outside-range
B06ZL,2019,0,Open,historical-outside-range
B06ZL,2020,0,Open,historical-outside-range
B06ZL,2021,0,Open,historical-outside-range
B06ZL,2022,0,Open,historical-outside-range
B06ZL,2023,0,Open,historical-outside-range
B06ZL,2024,0,Open,historical-outside-range
B06ZL,2025,0,Open,historical-outside-range
B09B,1975,0,Open,current
B09B,1976,0,Open,current
B09B,1977,0,Open,current
B09B,1978,0,Open,current
B09B,1979,0,Open,current
B09B,1980,0,Open,current
B09B,1981,0,Open,current
B09B,1982,0,Open,current
B09B,1983,0,Open,current
B09B,1984,0,Open,current
B09B,1985,0,Open,current
B09B,1986,0,Open,current
B09B,1987,0,Open,current
B09B,1988,0,Open,current
B09B,1989,0,Open,current
B09B,1990,0,Open,current
B09B,1991,0,Open,current
B09B,1992,0,Open,current
B09B,1993,0,Open,current
B09B,1994,0,Open,current
B09B,1995,0,Open,current
B09B,1996,0,Open,current
B09B,1997,0,Open,current
B09B,1998,0,Open,current
B09B,1999,0,Open,current
B09B,2000,0,Open,current
B09B,2001,0,Open,current
B09B,2002,0,Open,current
B09B,2003,0,Open,current
B09B,2004,0,Open,current
B09B,2005,0,Open,current
B09B,2006,0,Open,current
B09B,2007,0,Open,current
B09B,2008,0,Open,current
B09B,2009,0,Open,current
B09B,2010,0,Open,current
B09B,2011,0,Open,current
B09B,2012,0,Open,current
B09B,2013,0,Open,current
B09B,2014,0,Open,current
B09B,2015,0,Open,current
B09B,2016,0,Open,current
B09B,2017,0,Open,historical
B09B,2018,0,Open,historical
B09B,2019,0,Open,historical
B09B,2020,0,Open,historical
B09B,2021,0,Open,historical
B09B,2022,0,Open,current
B09B,2023,0,Open,current
B09B,2024,0,Open,current
B09B,2025,0,Open,current
B25B,1975,0,Open,current
B25B,1976,0,Open,current
B25B,1977,0,Open,current
B25B,1978,0,Open,current
B25B,1979,0,Open,current
B25B,1980,0,Open,current
B25B,1981,0,Open,current
B25B,1982,0,Open,current
B25B,1983,0,Open,current
B25B,1984,0,Open,current
B25B,1985,0,Open,current
B25B,1986,0,Open,current
B25B,1987,0,Open,current
B25B,1988,0,Open,current
B25B,1989,0,Open,current
B25B,1990,0,Open,current
B25B,1991,0,Open,current
B25B,1992,0,Open,current
B25B,1993,0,Open,current
B25B,1994,0,Open,current
B25B,1995,0,Open,current
B25B,1996,0,Open,current
B25B,1997,0,Open,historical
B25B,1998,0,Open,historical
B25B,1999,0,Open,historical
B25B,2000,0,Open,historical
B25B,2001,0,Open,historical
B25B,2002,0,Open,historical
B25B,2003,0,Open,historical
B25B,2004,0,Open,historical
B25B,2005,0,Open,historical
B25B,2006,0,Open,historical
B25B,2007,0,Open,historical
B25B,2008,0,Open,historical
B25B,2009,0,Open,historical
B25B,2010,0,Open,historical
B25B,2011,0,Open,historical
B25B,2012,0,Open,historical
B25B,2013,0,Open,historical
B25B,2014,0,Open,historical
B25B,2015,0,Open,historical
B25B,2016,0,Open,historical
B25B,2017,0,Open,historical
B25B,2018,0,Open,historical
B25B,2019,0,Open,historical
B25B,2020,0,Open,historical
B25B,2021,0,Open,historical
B25B,2022,0,Open,current
B25B,2023,0,Open,current
B25B,2024,0,Open,current
B25B,2025,0,Open,current
B26B,1975,0,Open,current
B26B,1976,0,Open,current
B26B,1977,0,Open,current
B26B,1978,0,Open,current
B26B,1979,0,Open,current
B26B,1980,0,Open,historical
B26B,1981,0,Open,historical
B26B,1982,0,Open,historical
B26B,1983,0,Open,historical
B26B,1984,0,Open,historical
B26B,1985,0,Open,historical
B26B,1986,0,Open,historical
B26B,1987,0,Open,historical
B26B,1988,0,Open,historical
B26B,1989,0,Open,historical
B26B,1990,0,Open,historical
B26B,1991,0,Open,historical
B26B,1992,0,Open,historical
B26B,1993,0,Open,historical
B26B,1994,0,Open,historical
B26B,1995,0,Open,historical
B26B,1996,0,Open,historical
B26B,1997,0,Open,historical
B26B,1998,0,Open,historical
B26B,1999,0,Open,historical
B26B,2000,0,Open,historical
B26B,2001,0,Open,historical
B26B,2002,0,Open,historical
B26B,2003,0,Open,historical
B26B,2004,0,Open,historical
B26B,2005,0,Open,historical
B26B,2006,0,Open,historical
B26B,2007,0,Open,historical
B26B,2008,0,Open,historical
B26B,2009,0,Open,historical
B26B,2010,0,Open,historical
B26B,2011,0,Open,historical
B26B,2012,0,Open,historical
B26B,2013,0,Open,historical
B26B,2014,0,Open,historical
B26B,2015,0,Open,historical
B26B,2016,0,Open,historical
B26B,2017,0,Open,historical
B26B,2018,0,Open,historical
B26B,2019,0,Open,historical
B26B,2020,0,Open,historical
B26B,2021,0,Open,historical
B26B,2022,0,Open,current
B26B,2023,0,Open,current
B26B,2024,0,Open,current
B26B,2025,0,Open,current
B61B,1975,0,Open,historical
B61B,1976,0,Open,historical
B61B,1977,0,Open,historical
B61B,1978,0,Open,historical
B61B,1979,0,Open,historical
B61B,1980,0,Open,historical
B61B,1981,0,Open,historical
B61B,1982,0,Open,historical
B61B,1983,0,Open,historical
B61B,1984,0,Open,historical
B61B,1985,0,Open,historical
B61B,1986,0,Open,historical
B61B,1987,0,Open,historical
B61B,1988,0,Open,historical
B61B,1989,0,Open,historical
B61B,1990,0,Open,historical
B61B,1991,0,Open,historical
B61B,1992,0,Open,historical
B61B,1993,0,Open,historical
B61B,1994,0,Open,historical
B61B,1995,0,Open,historical
B61B,1996,0,Open,current
B61B,1997,0,Open,current
B61B,1998,0,Open,current
B61B,1999,0,Open,current
B61B,2000,0,Open,current
B61B,2001,0,Open,current
B61B,2002,0,Open,current
B61B,2003,0,Open,current
B61B,2004,0,Open,current
B61B,2005,0,Open,current
B61B,2006,0,Open,current
B61B,2007,0,Open,current
B61B,2008,0,Open,current
B61B,2009,0,Open,current
B61B,2010,0,Open,current
B61B,2011,0,Open,current
B61B,2012,0,Open,current
B61B,2013,0,Open,current
B61B,2014,0,Open,current
B61B,2015,0,Open,current
B61B,2016,0,Open,current
B61B,2017,0,Open,current
B61B,2018,0,Open,current
B61B,2019,0,Open,current
B61B,2020,0,Open,current
B61B,2021,0,Open,current
B61B,2022,0,Open,current
B61B,2023,0,Open,current
B61B,2024,0,Open,current
B61B,2025,0,Open,current
B61ZL,1975,0,Open,historical-outside-range
B61ZL,1976,0,Open,historical-outside-range
B61ZL,1977,0,Open,historical-outside-range
B61ZL,1978,0,Open,historical-outside-range
B61ZL,1979,0,Open,historical-outside-range
B61ZL,1980,0,Open,historical-outside-range
B61ZL,1981,0,Open,historical-outside-range
B61ZL,1982,0,Open,historical-outside-range
B61ZL,1983,0,Open,historical-outside-range
B61ZL,1984,0,Open,historical-outside-range
B61ZL,1985,0,Open,historical-outside-range
B61ZL,1986,0,Open,historical-outside-range
B61ZL,1987,0,Open,historical-outside-range
B61ZL,1988,0,Open,historical-outside-range
B61ZL,1989,0,Open,historical-outside-range
B61ZL,1990,0,Open,historical-outside-range
B61ZL,1991,0,Open,historical-outside-range
B61ZL,1992,0,Open,historical-outside-range
B61ZL,1993,0,Open,historical-outside-range
B61ZL,1994,0,Open,historical-outside-range
B61ZL,1995,0,Open,historical-outside-range
B61ZL,1996,0,Open,historical-outside-range
B61ZL,1997,0,Open,historical-outside-range
B61ZL,1998,0,Open,historical-outside-range
B61ZL,1999,0,Open,historical-outside-range
B61ZL,2000,0,Open,historical-outside-range
B61ZL,2001,0,Open,historical-outside-range
B61ZL,2002,0,Open,historical-outside-range
B61ZL,2003,0,Open,historical-outside-range
B61ZL,2004,0,Open,historical-outside-range
B61ZL,2005,0,Open,historical-outside-range
B61ZL,2006,0,Open,historical-outside-range
B61ZL,2007,0,Open,historical-outside-range
B61ZL,2008,0,Open,historical-outside-range
B61ZL,2009,0,Open,historical-outside-range
B61ZL,2010,0,Open,historical-outside-range
B61ZL,2011,0,Open,historical-outside-range
B61ZL,2012,0,Open,historical-outside-range
B61ZL,2013,0,Open,historical-outside-range
B61ZL,2014,0,Open,historical-outside-range
B61ZL,2015,0,Open,historical-outside-range
B61ZL,2016,0,Open,historical-outside-range
B61ZL,2017,0,Open,historical-outside-range
B61ZL,2018,0,Open,historical-outside-range
B61ZL,2019,0,Open,historical-outside-range
B61ZL,2020,0,Open,historical-outside-range
B61ZL,2021,0,Open,historical-outside-range
B61ZL,2022,0,Open,historical-outside-range
B61ZL,2023,0,Open,historical-outside-range
B61ZL,2024,0,Open,historical-outside-range
B61ZL,2025,0,Open,historical-outside-range
B91B,1975,0,Open,current
B91B,1976,0,Open,current
B91B,1977,0,Open,current
B91B,1978,0,Open,current
B91B,1979,0,Open,current
B91B,1980,0,Open,current
B91B,1981,0,Open,current
B91B,1982,0,Open,current
B91B,1983,0,Open,current
B91B,1984,0,Open,current
B91B,1985,0,Open,current
B91B,1986,0,Open,current
B91B,1987,0,Open,current
B91B,1988,0,Open,current
B91B,1989,0,Open,current
B91B,1990,0,Open,current
B91B,1991,0,Open,current
B91B,1992,0,Open,current
B91B,1993,0,Open,current
B91B,1994,0,Open,current
B91B,1995,0,Open,current
B91B,1996,0,Open,current
B91B,1997,0,Open,current
B91B,1998,0,Open,current
B91B,1999,0,Open,current
B91B,2000,0,Open,current
B91B,2001,0,Open,current
B91B,2002,0,Open,current
B91B,2003,0,Open,current
B91B,2004,0,Open,current
B91B,2005,0,Open,current
B91B,2006,0,Open,current
B91B,2007,0,Open,current
B91B,2008,0,Open,current
B91B,2009,0,Open,current
B91B,2010,0,Open,current
B91B,2011,0,Open,current
B91B,2012,0,Open,current
B91B,2013,0,Open,current
B91B,2014,0,Open,current
B91B,2015,0,Open,current
B91B,2016,0,Open,current
B91B,2017,0,Open,historical
B91B,2018,0,Open,historical
B91B,2019,0,Open,historical
B91B,2020,0,Open,historical
B91B,2021,0,Open,historical
B91B,2022,0,Open,current
B91B,2023,0,Open,current
B91B,2024,0,Open,current
B91B,2025,0,Open,current
B99B,1975,0,Open,historical
B99B,1976,0,Open,historical
B99B,1977,0,Open,historical
B99B,1978,0,Open,historical
B99B,1979,0,Open,historical
B99B,1980,0,Open,historical
B99B,1981,0,Open,historical-outside-range
B99B,1982,0,Open,historical-outside-range
B99B,1983,0,Open,historical-outside-range
B99B,1984,0,Open,historical-outside-range
B99B,1985,0,Open,historical-outside-range
B99B,1986,0,Open,historical-outside-range
B99B,1987,0,Open,historical-outside-range
B99B,1988,0,Open,historical-outside-range
B99B,1989,0,Open,historical-outside-range
B99B,1990,0,Open,historical-outside-range
B99B,1991,0,Open,historical-outside-range
B99B,1992,0,Open,historical-outside-range
B99B,1993,0,Open,historical-outside-range
B99B,1994,0,Open,historical-outside-range
B99B,1995,0,Open,historical-outside-range
B99B,1996,0,Open,historical-outside-range
B99B,1997,0,Open,historical-outside-range
B99B,1998,0,Open,historical-outside-range
B99B,1999,0,Open,historical-outside-range
B99B,2000,0,Open,historical-outside-range
B99B,2001,0,Open,historical-outside-range
B99B,2002,0,Open,historical-outside-range
B99B,2003,0,Open,historical-outside-range
B99B,2004,0,Open,historical-outside-range
B99B,2005,0,Open,historical-outside-range
B99B,2006,0,Open,historical-outside-range
B99B,2007,0,Open,historical-outside-range
B99B,2008,0,Open,historical-outside-range
B99B,2009,0,Open,historical-outside-range
B99B,2010,0,Open,historical-outside-range
B99B,2011,0,Open,historical-outside-range
B99B,2012,0,Open,historical-outside-range
B99B,2013,0,Open,historical-outside-range
B99B,2014,0,Open,historical-outside-range
B99B,2015,0,Open,historical-outside-range
B99B,2016,0,Open,historical-outside-range
B99B,2017,0,Open,historical-outside-range
B99B,2018,0,Open,historical-outside-range
B99B,2019,0,Open,historical-outside-range
B99B,2020,0,Open,historical-outside-range
B99B,2021,0,Open,historical-outside-range
B99B,2022,0,Open,historical-outside-range
B99B,2023,0,Open,historical-outside-range
B99B,2024,0,Open,historical-outside-range
B99B,2025,0,Open,historical-outside-range
C04B,1975,0,Open,historical-outside-range
C04B,1976,0,Open,historical-outside-range
C04B,1977,0,Open,historical-outside-range
C04B,1978,0,Open,historical-outside-range
C04B,1979,0,Open,historical-outside-range
C04B,1980,0,Open,historical-outside-range
C04B,1981,0,Open,historical-outside-range
C04B,1982,0,Open,historical-outside-range
C04B,1983,0,Open,historical-outside-range
C04B,1984,0,Open,historical-outside-range
C04B,1985,0,Open,historical-outside-range
C04B,1986,0,Open,historical-outside-range
C04B,1987,0,Open,historical-outside-range
C04B,1988,0,Open,historical-outside-range
C04B,1989,0,Open,historical-outside-range
C04B,1990,0,Open,historical-outside-range
C04B,1991,0,Open,historical-outside-range
C04B,1992,0,Open,historical-outside-range
C04B,1993,0,Open,historical-outside-range
C04B,1994,0,Open,historical-outside-range
C04B,1995,0,Open,historical-outside-range
C04B,1996,0,Open,historical-outside-range
C04B,1997,0,Open,historical-outside-range
C04B,1998,0,Open,historical-outside-range
C04B,1999,0,Open,historical-outside-range
C04B,2000,0,Open,historical-outside-range
C04B,2001,0,Open,historical-outside-range
C04B,2002,0,Open,historical-outside-range
C04B,2003,0,Open,historical-outside-range
C04B,2004,0,Open,historical-outside-range
C04B,2005,0,Open,historical-outside-range
C04B,2006,0,Open,historical-outside-range
C04B,2007,0,Open,historical-outside-range
C04B,2008,0,Open,historical-outside-range
C04B,2009,0,Open,historical-outside-range
C04B,2010,0,Open,historical-outside-range
C04B,2011,0,Open,historical-outside-range
C04B,2012,0,Open,historical-outside-range
C04B,2013,0,Open,historical-outside-range
C04B,2014,0,Open,historical-outside-range
C04B,2015,0,Open,historical-outside-range
C04B,2016,0,Open,historical-outside-range
C04B,2017,0,Open,historical-outside-range
C04B,2018,0,Open,historical-outside-range
C04B,2019,0,Open,historical-outside-range
C04B,2020,0,Open,historical-outside-range
C04B,2021,0,Open,historical-outside-range
C04B,2022,0,Open,historical-outside-range
C04B,2023,0,Open,historical-outside-range
C04B,2024,0,Open,historical-outside-range
C04B,2025,0,Open,historical-outside-range
C05B,1975,0,Open,historical
C05B,1976,0,Open,historical
C05B,1977,0,Open,historical
C05B,1978,0,Open,historical
C05B,1979,0,Open,historical
C05B,1980,0,Open,historical
C05B,1981,0,Open,historical-outside-range
C05B,1982,0,Open,historical-outside-range
C05B,1983,0,Open,historical-outside-range
C05B,1984,0,Open,historical-outside-range
C05B,1985,0,Open,historical-outside-range
C05B,1986,0,Open,historical-outside-range
C05B,1987,0,Open,historical-outside-range
C05B,1988,0,Open,historical-outside-range
C05B,1989,0,Open,historical-outside-range
C05B,1990,0,Open,historical-outside-range
C05B,1991,0,Open,historical-outside-range
C05B,1992,0,Open,historical-outside-range
C05B,1993,0,Open,historical-outside-range
C05B,1994,0,Open,historical-outside-range
C05B,1995,0,Open,historical-outside-range
C05B,1996,0,Open,historical-outside-range
C05B,1997,0,Open,historical-outside-range
C05B,1998,0,Open,historical-outside-range
C05B,1999,0,Open,historical-outside-range
C05B,2000,0,Open,historical-outside-range
C05B,2001,0,Open,historical-outside-range
C05B,2002,0,Open,historical-outside-range
C05B,2003,0,Open,historical-outside-range
C05B,2004,0,Open,historical-outside-range
C05B,2005,0,Open,historical-outside-range
C05B,2006,0,Open,historical-outside-range
C05B,2007,0,Open,historical-outside-range
C05B,2008,0,Open,historical-outside-range
C05B,2009,0,Open,historical-outside-range
C05B,2010,0,Open,historical-outside-range
C05B,2011,0,Open,historical-outside-range
C05B,2012,0,Open,historical-outside-range
C05B,2013,0,Open,historical-outside-range
C05B,2014,0,Open,historical-outside-range
C05B,2015,0,Open,historical-outside-range
C05B,2016,0,Open,historical-outside-range
C05B,2017,0,Open,historical-outside-range
C05B,2018,0,Open,historical-outside-range
C05B,2019,0,Open,historical-outside-range
C05B,2020,0,Open,historical-outside-range
C05B,2021,0,Open,historical-outside-range
C05B,2022,0,Open,historical-outside-range
C05B,2023,0,Open,historical-outside-range
C05B,2024,0,Open,historical-outside-range
C05B,2025,0,Open,historical-outside-range
C06A,1975,1,Limited,historical-outside-range
C06A,1976,1,Limited,historical-outside-range
C06A,1977,1,Limited,historical-outside-range
C06A,1978,1,Limited,historical-outside-range
C06A,1979,1,Limited,historical-outside-range
C06A,1980,1,Limited,historical-outside-range
C06A,1981,1,Limited,historical-outside-range
C06A,1982,1,Limited,historical-outside-range
C06A,1983,1,Limited,historical-outside-range
C06A,1984,1,Limited,historical-outside-range
C06A,1985,1,Limited,historical
C06A,1986,1,Limited,historical
C06A,1987,1,Limited,historical
C06A,1988,1,Limited,historical-outside-range
C06A,1989,1,Limited,historical-outside-range
C06A,1990,1,Limited,historical-outside-range
C06A,1991,1,Limited,historical-outside-range
C06A,1992,1,Limited,historical-outside-range
C06A,1993,1,Limited,historical-outside-range
C06A,1994,1,Limited,historical-outside-range
C06A,1995,1,Limited,historical-outside-range
C06A,1996,1,Limited,historical-outside-range
C06A,1997,1,Limited,historical-outside-range
C06A,1998,1,Limited,historical-outside-range
C06A,1999,1,Limited,historical-outside-range
C06A,2000,1,Limited,historical-outside-range
C06A,2001,1,Limited,historical-outside-range
C06A,2002,1,Limited,historical-outside-range
C06A,2003,1,Limited,historical-outside-range
C06A,2004,1,Limited,historical-outside-range
C06A,2005,1,Limited,historical-outside-range
C06A,2006,1,Limited,historical-outside-range
C06A,2007,1,Limited,historical-outside-range
C06A,2008,1,Limited,historical-outside-range
C06A,2009,1,Limited,historical-outside-range
C06A,2010,1,Limited,historical-outside-range
C06A,2011,1,Limited,historical-outside-range
C06A,2012,1,Limited,historical-outside-range
C06A,2013,1,Limited,historical-outside-range
C06A,2014,1,Limited,historical-outside-range
C06A,2015,1,Limited,historical-outside-range
C06A,2016,1,Limited,historical-outside-range
C06A,2017,1,Limited,historical-outside-range
C06A,2018,1,Limited,historical-outside-range
C06A,2019,1,Limited,historical-outside-range
C06A,2020,1,Limited,historical-outside-range
C06A,2021,1,Limited,historical-outside-range
C06A,2022,1,Limited,historical-outside-range
C06A,2023,1,Limited,historical-outside-range
C06A,2024,1,Limited,historical-outside-range
C06A,2025,1,Limited,historical-outside-range
C06B,1975,0,Open,historical
C06B,1976,0,Open,historical
C06B,1977,0,Open,historical
C06B,1978,0,Open,historical
C06B,1979,0,Open,historical
C06B,1980,0,Open,historical
C06B,1981,0,Open,historical
C06B,1982,0,Open,historical
C06B,1983,0,Open,historical
C06B,1984,0,Open,historical
C06B,1985,0,Open,historical
C06B,1986,0,Open,historical
C06B,1987,0,Open,historical
C06B,1988,0,Open,historical
C06B,1989,0,Open,historical
C06B,1990,0,Open,historical
C06B,1991,0,Open,historical
C06B,1992,0,Open,historical
C06B,1993,0,Open,historical
C06B,1994,0,Open,historical
C06B,1995,0,Open,current
C06B,1996,0,Open,current
C06B,1997,0,Open,current
C06B,1998,0,Open,current
C06B,1999,0,Open,current
C06B,2000,0,Open,current
C06B,2001,0,Open,current
C06B,2002,0,Open,current
C06B,2003,0,Open,current
C06B,2004,0,Open,current
C06B,2005,0,Open,current
C06B,2006,0,Open,current
C06B,2007,0,Open,current
C06B,2008,0,Open,current
C06B,2009,0,Open,current
C06B,2010,0,Open,current
C06B,2011,0,Open,current
C06B,2012,0,Open,current
C06B,2013,0,Open,current
C06B,2014,0,Open,current
C06B,2015,0,Open,current
C06B,2016,0,Open,current
C06B,2017,0,Open,current
C06B,2018,0,Open,current
C06B,2019,0,Open,current
C06B,2020,0,Open,current
C06B,2021,0,Open,current
C06B,2022,0,Open,current
C06B,2023,0,Open,current
C06B,2024,0,Open,current
C06B,2025,0,Open,current
C06C,1975,1,Limited,historical-outside-range
C06C,1976,1,Limited,historical-outside-range
C06C,1977,1,Limited,historical-outside-range
C06C,1978,1,Limited,historical-outside-range
C06C,1979,1,Limited,historical-outside-range
C06C,1980,1,Limited,historical-outside-range
C06C,1981,1,Limited,historical-outside-range
C06C,1982,1,Limited,historical-outside-range
C06C,1983,1,Limited,historical-outside-range
C06C,1984,1,Limited,historical-outside-range
C06C,1985,1,Limited,historical-outside-range
C06C,1986,1,Limited,historical
C06C,1987,1,Limited,historical
C06C,1988,1,Limited,historical-outside-range
C06C,1989,1,Limited,historical-outside-range
C06C,1990,1,Limited,historical-outside-range
C06C,1991,1,Limited,historical-outside-range
C06C,1992,1,Limited,historical-outside-range
C06C,1993,1,Limited,historical-outside-range
C06C,1994,1,Limited,historical-outside-range
C06C,1995,1,Limited,historical-outside-range
C06C,1996,1,Limited,historical-outside-range
C06C,1997,1,Limited,historical-outside-range
C06C,1998,1,Limited,historical-outside-range
C06C,1999,1,Limited,historical-outside-range
C06C,2000,1,Limited,historical-outside-range
C06C,2001,1,Limited,historical-outside-range
C06C,2002,1,Limited,historical-outside-range
C06C,2003,1,Limited,historical-outside-range
C06C,2004,1,Limited,historical-outside-range
C06C,2005,1,Limited,historical-outside-range
C06C,2006,1,Limited,historical-outside-range
C06C,2007,1,Limited,historical-outside-range
C06C,2008,1,Limited,historical-outside-range
C06C,2009,1,Limited,historical-outside-range
C06C,2010,1,Limited,historical-outside-range
C06C,2011,1,Limited,historical-outside-range
C06C,2012,1,Limited,historical-outside-range
C06C,2013,1,Limited,historical-outside-range
C06C,2014,1,Limited,historical-outside-range
C06C,2015,1,Limited,historical-outside-range
C06C,2016,1,Limited,historical-outside-range
C06C,2017,1,Limited,historical-outside-range
C06C,2018,1,Limited,historical-outside-range
C06C,2019,1,Limited,historical-outside-range
C06C,2020,1,Limited,historical-outside-range
C06C,2021,1,Limited,historical-outside-range
C06C,2022,1,Limited,historical-outside-range
C06C,2023,1,Limited,historical-outside-range
C06C,2024,1,Limited,historical-outside-range
C06C,2025,1,Limited,historical-outside-range
C06ZL,1975,0,Open,historical-outside-range
C06ZL,1976,0,Open,historical-outside-range
C06ZL,1977,0,Open,historical-outside-range
C06ZL,1978,0,Open,historical-outside-range
C06ZL,1979,0,Open,historical-outside-range
C06ZL,1980,0,Open,historical-outside-range
C06ZL,1981,0,Open,historical-outside-range
C06ZL,1982,0,Open,historical-outside-range
C06ZL,1983,0,Open,historical-outside-range
C06ZL,1984,0,Open,historical-outside-range
C06ZL,1985,0,Open,historical-outside-range
C06ZL,1986,0,Open,historical-outside-range
C06ZL,1987,0,Open,historical-outside-range
C06ZL,1988,0,Open,historical-outside-range
C06ZL,1989,0,Open,historical-outside-range
C06ZL,1990,0,Open,historical-outside-range
C06ZL,1991,0,Open,historical-outside-range
C06ZL,1992,0,Open,historical-outside-range
C06ZL,1993,0,Open,historical-outside-range
C06ZL,1994,0,Open,historical-outside-range
C06ZL,1995,0,Open,historical-outside-range
C06ZL,1996,0,Open,historical-outside-range
C06ZL,1997,0,Open,historical-outside-range
C06ZL,1998,0,Open,historical-outside-range
C06ZL,1999,0,Open,historical-outside-range
C06ZL,2000,0,Open,historical-outside-range
C06ZL,2001,0,Open,historical-outside-range
C06ZL,2002,0,Open,historical-outside-range
C06ZL,2003,0,Open,historical-outside-range
C06ZL,2004,0,Open,historical-outside-range
C06ZL,2005,0,Open,historical-outside-range
C06ZL,2006,0,Open,historical-outside-range
C06ZL,2007,0,Open,historical-outside-range
C06ZL,2008,0,Open,historical-outside-range
C06ZL,2009,0,Open,historical-outside-range
C06ZL,2010,0,Open,historical-outside-range
C06ZL,2011,0,Open,historical-outside-range
C06ZL,2012,0,Open,historical-outside-range
C06ZL,2013,0,Open,historical-outside-range
C06ZL,2014,0,Open,historical-outside-range
C06ZL,2015,0,Open,historical-outside-range
C06ZL,2016,0,Open,historical-outside-range
C06ZL,2017,0,Open,historical-outside-range
C06ZL,2018,0,Open,historical-outside-range
C06ZL,2019,0,Open,historical-outside-range
C06ZL,2020,0,Open,historical-outside-range
C06ZL,2021,0,Open,historical-outside-range
C06ZL,2022,0,Open,historical-outside-range
C06ZL,2023,0,Open,historical-outside-range
C06ZL,2024,0,Open,historical-outside-range
C06ZL,2025,0,Open,historical-outside-range
C07B,1975,0,Open,current
C07B,1976,0,Open,current
C07B,1977,0,Open,current
C07B,1978,0,Open,historical
C07B,1979,0,Open,historical
C07B,1980,0,Open,historical
C07B,1981,0,Open,historical
C07B,1982,0,Open,historical
C07B,1983,0,Open,historical
C07B,1984,0,Open,historical
C07B,1985,0,Open,historical
C07B,1986,0,Open,historical
C07B,1987,0,Open,historical
C07B,1988,0,Open,historical
C07B,1989,0,Open,historical
C07B,1990,0,Open,historical
C07B,1991,0,Open,historical
C07B,1992,0,Open,historical
C07B,1993,0,Open,historical
C07B,1994,0,Open,historical
C07B,1995,0,Open,historical
C07B,1996,0,Open,historical
C07B,1997,0,Open,historical
C07B,1998,0,Open,historical
C07B,1999,0,Open,historical
C07B,2000,0,Open,historical
C07B,2001,0,Open,historical
C07B,2002,0,Open,historical
C07B,2003,0,Open,historical
C07B,2004,0,Open,historical
C07B,2005,0,Open,historical
C07B,2006,0,Open,historical
C07B,2007,0,Open,historical
C07B,2008,0,Open,historical
C07B,2009,0,Open,historical
C07B,2010,0,Open,historical
C07B,2011,0,Open,historical
C07B,2012,0,Open,historical
C07B,2013,0,Open,historical
C07B,2014,0,Open,historical
C07B,2015,0,Open,historical
C07B,2016,0,Open,historical
C07B,2017,0,Open,historical
C07B,2018,0,Open,historical
C07B,2019,0,Open,historical
C07B,2020,0,Open,historical
C07B,2021,0,Open,historical
C07B,2022,0,Open,current
C07B,2023,0,Open,current
C07B,2024,0,Open,current
C07B,2025,0,Open,current
C09B,1975,0,Open,historical
C09B,1976,0,Open,historical
C09B,1977,0,Open,historical
C09B,1978,0,Open,historical
C09B,1979,0,Open,historical
C09B,1980,0,Open,historical
C09B,1981,0,Open,historical
C09B,1982,0,Open,historical
C09B,1983,0,Open,historical
C09B,1984,0,Open,historical
C09B,1985,0,Open,historical
C09B,1986,0,Open,historical
C09B,1987,0,Open,historical
C09B,1988,0,Open,historical
C09B,1989,0,Open,historical
C09B,1990,0,Open,historical
C09B,1991,0,Open,historical
C09B,1992,0,Open,historical
C09B,1993,0,Open,historical
C09B,1994,0,Open,historical
C09B,1995,0,Open,historical
C09B,1996,0,Open,current
C09B,1997,0,Open,current
C09B,1998,0,Open,current
C09B,1999,0,Open,current
C09B,2000,0,Open,current
C09B,2001,0,Open,current
C09B,2002,0,Open,current
C09B,2003,0,Open,current
C09B,2004,0,Open,current
C09B,2005,0,Open,current
C09B,2006,0,Open,current
C09B,2007,0,Open,current
C09B,2008,0,Open,current
C09B,2009,0,Open,current
C09B,2010,0,Open,current
C09B,2011,0,Open,current
C09B,2012,0,Open,current
C09B,2013,0,Open,current
C09B,2014,0,Open,current
C09B,2015,0,Open,current
C09B,2016,0,Open,current
C09B,2017,0,Open,current
C09B,2018,0,Open,current
C09B,2019,0,Open,current
C09B,2020,0,Open,current
C09B,2021,0,Open,current
C09B,2022,0,Open,current
C09B,2023,0,Open,current
C09B,2024,0,Open,current
C09B,2025,0,Open,current
C09C,1975,1,Limited,historical-outside-range
C09C,1976,1,Limited,historical-outside-range
C09C,1977,1,Limited,historical-outside-range
C09C,1978,1,Limited,historical-outside-range
C09C,1979,1,Limited,historical-outside-range
C09C,1980,1,Limited,historical-outside-range
C09C,1981,1,Limited,historical-outside-range
C09C,1982,1,Limited,historical-outside-range
C09C,1983,1,Limited,historical-outside-range
C09C,1984,1,Limited,historical-outside-range
C09C,1985,1,Limited,historical-outside-range
C09C,1986,1,Limited,historical
C09C,1987,1,Limited,historical
C09C,1988,1,Limited,historical-outside-range
C09C,1989,1,Limited,historical-outside-range
C09C,1990,1,Limited,historical-outside-range
C09C,1991,1,Limited,historical-outside-range
C09C,1992,1,Limited,historical-outside-range
C09C,1993,1,Limited,historical-outside-range
C09C,1994,1,Limited,historical-outside-range
C09C,1995,1,Limited,historical-outside-range
C09C,1996,1,Limited,historical-outside-range
C09C,1997,1,Limited,historical-outside-range
C09C,1998,1,Limited,historical-outside-range
C09C,1999,1,Limited,historical-outside-range
C09C,2000,1,Limited,historical-outside-range
C09C,2001,1,Limited,historical-outside-range
C09C,2002,1,Limited,historical-outside-range
C09C,2003,1,Limited,historical-outside-range
C09C,2004,1,Limited,historical-outside-range
C09C,2005,1,Limited,historical-outside-range
C09C,2006,1,Limited,historical-outside-range
C09C,2007,1,Limited,historical-outside-range
C09C,2008,1,Limited,historical-outside-range
C09C,2009,1,Limited,historical-outside-range
C09C,2010,1,Limited,historical-outside-range
C09C,2011,1,Limited,historical-outside-range
C09C,2012,1,Limited,historical-outside-range
C09C,2013,1,Limited,historical-outside-range
C09C,2014,1,Limited,historical-outside-range
C09C,2015,1,Limited,historical-outside-range
C09C,2016,1,Limited,historical-outside-range
C09C,2017,1,Limited,historical-outside-range
C09C,2018,1,Limited,historical-outside-range
C09C,2019,1,Limited,historical-outside-range
C09C,2020,1,Limited,historical-outside-range
C09C,2021,1,Limited,historical-outside-range
C09C,2022,1,Limited,historical-outside-range
C09C,2023,1,Limited,historical-outside-range
C09C,2024,1,Limited,historical-outside-range
C09C,2025,1,Limited,historical-outside-range
C09ZL,1975,0,Open,historical-outside-range
C09ZL,1976,0,Open,historical-outside-range
C09ZL,1977,0,Open,historical-outside-range
C09ZL,1978,0,Open,historical-outside-range
C09ZL,1979,0,Open,historical-outside-range
C09ZL,1980,0,Open,historical-outside-range
C09ZL,1981,0,Open,historical-outside-range
C09ZL,1982,0,Open,historical-outside-range
C09ZL,1983,0,Open,historical-outside-range
C09ZL,1984,0,Open,historical-outside-range
C09ZL,1985,0,Open,historical-outside-range
C09ZL,1986,0,Open,historical-outside-range
C09ZL,1987,0,Open,historical-outside-range
C09ZL,1988,0,Open,historical-outside-range
C09ZL,1989,0,Open,historical-outside-range
C09ZL,1990,0,Open,historical-outside-range
C09ZL,1991,0,Open,historical-outside-range
C09ZL,1992,0,Open,historical-outside-range
C09ZL,1993,0,Open,historical-outside-range
C09ZL,1994,0,Open,historical-outside-range
C09ZL,1995,0,Open,historical-outside-range
C09ZL,1996,0,Open,historical-outside-range
C09ZL,1997,0,Open,historical-outside-range
C09ZL,1998,0,Open,historical-outside-range
C09ZL,1999,0,Open,historical-outside-range
C09ZL,2000,0,Open,historical-outside-range
C09ZL,2001,0,Open,historical-outside-range
C09ZL,2002,0,Open,historical-outside-range
C09ZL,2003,0,Open,historical-outside-range
C09ZL,2004,0,Open,historical-outside-range
C09ZL,2005,0,Open,historical-outside-range
C09ZL,2006,0,Open,historical-outside-range
C09ZL,2007,0,Open,historical-outside-range
C09ZL,2008,0,Open,historical-outside-range
C09ZL,2009,0,Open,historical-outside-range
C09ZL,2010,0,Open,historical-outside-range
C09ZL,2011,0,Open,historical-outside-range
C09ZL,2012,0,Open,historical-outside-range
C09ZL,2013,0,Open,historical-outside-range
C09ZL,2014,0,Open,historical-outside-range
C09ZL,2015,0,Open,historical-outside-range
C09ZL,2016,0,Open,historical-outside-range
C09ZL,2017,0,Open,historical-outside-range
C09ZL,2018,0,Open,historical-outside-range
C09ZL,2019,0,Open,historical-outside-range
C09ZL,2020,0,Open,historical-outside-range
C09ZL,2021,0,Open,historical-outside-range
C09ZL,2022,0,Open,historical-outside-range
C09ZL,2023,0,Open,historical-outside-range
C09ZL,2024,0,Open,historical-outside-range
C09ZL,2025,0,Open,historical-outside-range
C17B,1975,0,Open,historical-outside-range
C17B,1976,0,Open,historical-outside-range
C17B,1977,0,Open,historical-outside-range
C17B,1978,0,Open,historical-outside-range
C17B,1979,0,Open,historical
C17B,1980,0,Open,historical
C17B,1981,0,Open,historical
C17B,1982,0,Open,historical
C17B,1983,0,Open,historical
C17B,1984,0,Open,historical
C17B,1985,0,Open,historical
C17B,1986,0,Open,historical
C17B,1987,0,Open,historical
C17B,1988,0,Open,historical
C17B,1989,0,Open,historical
C17B,1990,0,Open,historical
C17B,1991,0,Open,historical
C17B,1992,0,Open,historical
C17B,1993,0,Open,historical-outside-range
C17B,1994,0,Open,historical-outside-range
C17B,1995,0,Open,historical-outside-range
C17B,1996,0,Open,historical-outside-range
C17B,1997,0,Open,historical-outside-range
C17B,1998,0,Open,historical-outside-range
C17B,1999,0,Open,historical-outside-range
C17B,2000,0,Open,historical-outside-range
C17B,2001,0,Open,historical-outside-range
C17B,2002,0,Open,historical-outside-range
C17B,2003,0,Open,historical-outside-range
C17B,2004,0,Open,historical-outside-range
C17B,2005,0,Open,historical-outside-range
C17B,2006,0,Open,historical-outside-range
C17B,2007,0,Open,historical-outside-range
C17B,2008,0,Open,historical-outside-range
C17B,2009,0,Open,historical-outside-range
C17B,2010,0,Open,historical-outside-range
C17B,2011,0,Open,historical-outside-range
C17B,2012,0,Open,historical-outside-range
C17B,2013,0,Open,historical-outside-range
C17B,2014,0,Open,historical-outside-range
C17B,2015,0,Open,historical-outside-range
C17B,2016,0,Open,historical-outside-range
C17B,2017,0,Open,historical-outside-range
C17B,2018,0,Open,historical-outside-range
C17B,2019,0,Open,historical-outside-range
C17B,2020,0,Open,historical-outside-range
C17B,2021,0,Open,historical-outside-range
C17B,2022,0,Open,historical-outside-range
C17B,2023,0,Open,historical-outside-range
C17B,2024,0,Open,historical-outside-range
C17B,2025,0,Open,historical-outside-range
C25B,1975,0,Open,current
C25B,1976,0,Open,current
C25B,1977,0,Open,current
C25B,1978,0,Open,current
C25B,1979,0,Open,current
C25B,1980,0,Open,current
C25B,1981,0,Open,current
C25B,1982,0,Open,current
C25B,1983,0,Open,current
C25B,1984,0,Open,current
C25B,1985,0,Open,current
C25B,1986,0,Open,current
C25B,1987,0,Open,current
C25B,1988,0,Open,current
C25B,1989,0,Open,current
C25B,1990,0,Open,current
C25B,1991,0,Open,current
C25B,1992,0,Open,current
C25B,1993,0,Open,current
C25B,1994,0,Open,current
C25B,1995,0,Open,current
C25B,1996,0,Open,current
C25B,1997,0,Open,current
C25B,1998,0,Open,historical
C25B,1999,0,Open,historical
C25B,2000,0,Open,historical
C25B,2001,0,Open,historical
C25B,2002,0,Open,historical
C25B,2003,0,Open,historical
C25B,2004,0,Open,historical
C25B,2005,0,Open,historical
C25B,2006,0,Open,historical
C25B,2007,0,Open,historical
C25B,2008,0,Open,historical
C25B,2009,0,Open,historical
C25B,2010,0,Open,historical
C25B,2011,0,Open,historical
C25B,2012,0,Open,historical
C25B,2013,0,Open,historical
C25B,2014,0,Open,historical
C25B,2015,0,Open,historical
C25B,2016,0,Open,historical
C25B,2017,0,Open,historical
C25B,2018,0,Open,historical
C25B,2019,0,Open,historical
C25B,2020,0,Open,historical
C25B,2021,0,Open,historical
C25B,2022,0,Open,current
C25B,2023,0,Open,current
C25B,2024,0,Open,current
C25B,2025,0,Open,current
C26B,1975,0,Open,current
C26B,1976,0,Open,current
C26B,1977,0,Open,current
C26B,1978,0,Open,current
C26B,1979,0,Open,current
C26B,1980,0,Open,historical
C26B,1981,0,Open,historical
C26B,1982,0,Open,historical
C26B,1983,0,Open,historical
C26B,1984,0,Open,historical
C26B,1985,0,Open,historical
C26B,1986,0,Open,historical
C26B,1987,0,Open,historical
C26B,1988,0,Open,historical
C26B,1989,0,Open,historical
C26B,1990,0,Open,historical
C26B,1991,0,Open,historical
C26B,1992,0,Open,historical
C26B,1993,0,Open,historical
C26B,1994,0,Open,historical
C26B,1995,0,Open,historical
C26B,1996,0,Open,historical
C26B,1997,0,Open,historical
C26B,1998,0,Open,historical
C26B,1999,0,Open,historical
C26B,2000,0,Open,historical
C26B,2001,0,Open,historical
C26B,2002,0,Open,historical
C26B,2003,0,Open,historical
C26B,2004,0,Open,historical
C26B,2005,0,Open,historical
C26B,2006,0,Open,historical
C26B,2007,0,Open,historical
C26B,2008,0,Open,historical
C26B,2009,0,Open,historical
C26B,2010,0,Open,historical
C26B,2011,0,Open,historical
C26B,2012,0,Open,historical
C26B,2013,0,Open,historical
C26B,2014,0,Open,historical
C26B,2015,0,Open,historical
C26B,2016,0,Open,historical
C26B,2017,0,Open,historical
C26B,2018,0,Open,historical
C26B,2019,0,Open,historical
C26B,2020,0,Open,historical
C26B,2021,0,Open,historical
C26B,2022,0,Open,current
C26B,2023,0,Open,current
C26B,2024,0,Open,current
C26B,2025,0,Open,current
C37B,1975,0,Open,historical-outside-range
C37B,1976,0,Open,historical-outside-range
C37B,1977,0,Open,historical-outside-range
C37B,1978,0,Open,historical-outside-range
C37B,1979,0,Open,historical-outside-range
C37B,1980,0,Open,historical-outside-range
C37B,1981,0,Open,historical-outside-range
C37B,1982,0,Open,historical-outside-range
C37B,1983,0,Open,historical
C37B,1984,0,Open,historical
C37B,1985,0,Open,historical
C37B,1986,0,Open,historical
C37B,1987,0,Open,historical
C37B,1988,0,Open,historical
C37B,1989,0,Open,historical
C37B,1990,0,Open,historical
C37B,1991,0,Open,historical
C37B,1992,0,Open,historical-outside-range
C37B,1993,0,Open,historical-outside-range
C37B,1994,0,Open,historical-outside-range
C37B,1995,0,Open,historical-outside-range
C37B,1996,0,Open,historical-outside-range
C37B,1997,0,Open,historical-outside-range
C37B,1998,0,Open,historical-outside-range
C37B,1999,0,Open,historical-outside-range
C37B,2000,0,Open,historical-outside-range
C37B,2001,0,Open,historical-outside-range
C37B,2002,0,Open,historical-outside-range
C37B,2003,0,Open,historical-outside-range
C37B,2004,0,Open,historical-outside-range
C37B,2005,0,Open,historical-outside-range
C37B,2006,0,Open,historical-outside-range
C37B,2007,0,Open,historical-outside-range
C37B,2008,0,Open,historical-outside-range
C37B,2009,0,Open,historical-outside-range
C37B,2010,0,Open,historical-outside-range
C37B,2011,0,Open,historical-outside-range
C37B,2012,0,Open,historical-outside-range
C37B,2013,0,Open,historical-outside-range
C37B,2014,0,Open,historical-outside-range
C37B,2015,0,Open,historical-outside-range
C37B,2016,0,Open,historical-outside-range
C37B,2017,0,Open,historical-outside-range
C37B,2018,0,Open,historical-outside-range
C37B,2019,0,Open,historical-outside-range
C37B,2020,0,Open,historical-outside-range
C37B,2021,0,Open,historical-outside-range
C37B,2022,0,Open,historical-outside-range
C37B,2023,0,Open,historical-outside-range
C37B,2024,0,Open,historical-outside-range
C37B,2025,0,Open,historical-outside-range
C4AE,1975,1,Limited,historical-outside-range
C4AE,1976,1,Limited,historical-outside-range
C4AE,1977,1,Limited,historical-outside-range
C4AE,1978,1,Limited,historical-outside-range
C4AE,1979,1,Limited,historical-outside-range
C4AE,1980,1,Limited,historical-outside-range
C4AE,1981,1,Limited,historical-outside-range
C4AE,1982,1,Limited,historical-outside-range
C4AE,1983,1,Limited,historical-outside-range
C4AE,1984,1,Limited,historical-outside-range
C4AE,1985,1,Limited,historical-outside-range
C4AE,1986,1,Limited,historical-outside-range
C4AE,1987,1,Limited,historical-outside-range
C4AE,1988,1,Limited,historical-outside-range
C4AE,1989,1,Limited,historical-outside-range
C4AE,1990,1,Limited,historical-outside-range
C4AE,1991,1,Limited,historical-outside-range
C4AE,1992,1,Limited,historical-outside-range
C4AE,1993,1,Limited,historical-outside-range
C4AE,1994,1,Limited,historical-outside-range
C4AE,1995,1,Limited,historical-outside-range
C4AE,1996,1,Limited,historical-outside-range
C4AE,1997,1,Limited,historical-outside-range
C4AE,1998,1,Limited,historical
C4AE,1999,1,Limited,historical
C4AE,2000,1,Limited,historical
C4AE,2001,1,Limited,historical
C4AE,2002,1,Limited,historical-outside-range
C4AE,2003,1,Limited,historical-outside-range
C4AE,2004,1,Limited,historical-outside-range
C4AE,2005,1,Limited,historical-outside-range
C4AE,2006,1,Limited,historical-outside-range
C4AE,2007,1,Limited,historical-outside-range
C4AE,2008,1,Limited,historical-outside-range
C4AE,2009,1,Limited,historical-outside-range
C4AE,2010,1,Limited,historical-outside-range
C4AE,2011,1,Limited,historical-outside-range
C4AE,2012,1,Limited,historical-outside-range
C4AE,2013,1,Limited,historical-outside-range
C4AE,2014,1,Limited,historical-outside-range
C4AE,2015,1,Limited,historical-outside-range
C4AE,2016,1,Limited,historical-outside-range
C4AE,2017,1,Limited,historical-outside-range
C4AE,2018,1,Limited,historical-outside-range
C4AE,2019,1,Limited,historical-outside-range
C4AE,2020,1,Limited,historical-outside-range
C4AE,2021,1,Limited,historical-outside-range
C4AE,2022,1,Limited,historical-outside-range
C4AE,2023,1,Limited,historical-outside-range
C4AE,2024,1,Limited,historical-outside-range
C4AE,2025,1,Limited,historical-outside-range
C4BE,1975,1,Limited,historical-outside-range
C4BE,1976,1,Limited,historical-outside-range
C4BE,1977,1,Limited,historical-outside-range
C4BE,1978,1,Limited,historical-outside-range
C4BE,1979,1,Limited,historical-outside-range
C4BE,1980,1,Limited,historical-outside-range
C4BE,1981,1,Limited,historical-outside-range
C4BE,1982,1,Limited,historical-outside-range
C4BE,1983,1,Limited,historical-outside-range
C4BE,1984,1,Limited,historical-outside-range
C4BE,1985,1,Limited,historical-outside-range
C4BE,1986,1,Limited,historical-outside-range
C4BE,1987,1,Limited,historical-outside-range
C4BE,1988,1,Limited,historical-outside-range
C4BE,1989,1,Limited,historical-outside-range
C4BE,1990,1,Limited,historical-outside-range
C4BE,1991,1,Limited,historical-outside-range
C4BE,1992,1,Limited,historical-outside-range
C4BE,1993,1,Limited,historical-outside-range
C4BE,1994,1,Limited,historical-outside-range
C4BE,1995,1,Limited,historical-outside-range
C4BE,1996,1,Limited,historical-outside-range
C4BE,1997,1,Limited,historical-outside-range
C4BE,1998,1,Limited,historical
C4BE,1999,1,Limited,historical
C4BE,2000,1,Limited,historical
C4BE,2001,1,Limited,historical
C4BE,2002,1,Limited,historical-outside-range
C4BE,2003,1,Limited,historical-outside-range
C4BE,2004,1,Limited,historical-outside-range
C4BE,2005,1,Limited,historical-outside-range
C4BE,2006,1,Limited,historical-outside-range
C4BE,2007,1,Limited,historical-outside-range
C4BE,2008,1,Limited,historical-outside-range
C4BE,2009,1,Limited,historical-outside-range
C4BE,2010,1,Limited,historical-outside-range
C4BE,2011,1,Limited,historical-outside-range
C4BE,2012,1,Limited,historical-outside-range
C4BE,2013,1,Limited,historical-outside-range
C4BE,2014,1,Limited,historical-outside-range
C4BE,2015,1,Limited,historical-outside-range
C4BE,2016,1,Limited,historical-outside-range
C4BE,2017,1,Limited,historical-outside-range
C4BE,2018,1,Limited,historical-outside-range
C4BE,2019,1,Limited,historical-outside-range
C4BE,2020,1,Limited,historical-outside-range
C4BE,2021,1,Limited,historical-outside-range
C4BE,2022,1,Limited,historical-outside-range
C4BE,2023,1,Limited,historical-outside-range
C4BE,2024,1,Limited,historical-outside-range
C4BE,2025,1,Limited,historical-outside-range
C4CE,1975,1,Limited,current
C4CE,1976,1,Limited,current
C4CE,1977,1,Limited,current
C4CE,1978,1,Limited,current
C4CE,1979,1,Limited,current
C4CE,1980,1,Limited,current
C4CE,1981,1,Limited,current
C4CE,1982,1,Limited,current
C4CE,1983,1,Limited,current
C4CE,1984,1,Limited,current
C4CE,1985,1,Limited,current
C4CE,1986,1,Limited,current
C4CE,1987,1,Limited,current
C4CE,1988,1,Limited,current
C4CE,1989,1,Limited,current
C4CE,1990,1,Limited,current
C4CE,1991,1,Limited,current
C4CE,1992,1,Limited,current
C4CE,1993,1,Limited,current
C4CE,1994,1,Limited,current
C4CE,1995,1,Limited,current
C4CE,1996,1,Limited,historical
C4CE,1997,1,Limited,historical
C4CE,1998,1,Limited,historical
C4CE,1999,1,Limited,historical
C4CE,2000,1,Limited,historical
C4CE,2001,1,Limited,historical
C4CE,2002,1,Limited,historical
C4CE,2003,1,Limited,historical
C4CE,2004,1,Limited,historical
C4CE,2005,1,Limited,historical
C4CE,2006,1,Limited,historical
C4CE,2007,1,Limited,historical
C4CE,2008,1,Limited,historical
C4CE,2009,1,Limited,historical
C4CE,2010,1,Limited,historical
C4CE,2011,1,Limited,historical
C4CE,2012,1,Limited,historical
C4CE,2013,1,Limited,historical
C4CE,2014,1,Limited,historical
C4CE,2015,1,Limited,historical
C4CE,2016,1,Limited,historical
C4CE,2017,1,Limited,historical
C4CE,2018,1,Limited,historical
C4CE,2019,1,Limited,historical
C4CE,2020,1,Limited,historical
C4CE,2021,1,Limited,historical
C4CE,2022,1,Limited,current
C4CE,2023,1,Limited,current
C4CE,2024,1,Limited,current
C4CE,2025,1,Limited,current
C4DE,1975,1,Limited,historical-outside-range
C4DE,1976,1,Limited,historical-outside-range
C4DE,1977,1,Limited,historical-outside-range
C4DE,1978,1,Limited,historical-outside-range
C4DE,1979,1,Limited,historical-outside-range
C4DE,1980,1,Limited,historical-outside-range
C4DE,1981,1,Limited,historical-outside-range
C4DE,1982,1,Limited,historical-outside-range
C4DE,1983,1,Limited,historical-outside-range
C4DE,1984,1,Limited,historical-outside-range
C4DE,1985,1,Limited,historical-outside-range
C4DE,1986,1,Limited,historical-outside-range
C4DE,1987,1,Limited,historical-outside-range
C4DE,1988,1,Limited,historical-outside-range
C4DE,1989,1,Limited,historical-outside-range
C4DE,1990,1,Limited,historical-outside-range
C4DE,1991,1,Limited,historical-outside-range
C4DE,1992,1,Limited,historical-outside-range
C4DE,1993,1,Limited,historical-outside-range
C4DE,1994,1,Limited,historical-outside-range
C4DE,1995,1,Limited,historical-outside-range
C4DE,1996,1,Limited,historical-outside-range
C4DE,1997,1,Limited,historical-outside-range
C4DE,1998,1,Limited,historical
C4DE,1999,1,Limited,historical
C4DE,2000,1,Limited,historical
C4DE,2001,1,Limited,historical
C4DE,2002,1,Limited,historical-outside-range
C4DE,2003,1,Limited,historical-outside-range
C4DE,2004,1,Limited,historical-outside-range
C4DE,2005,1,Limited,historical-outside-range
C4DE,2006,1,Limited,historical-outside-range
C4DE,2007,1,Limited,historical-outside-range
C4DE,2008,1,Limited,historical-outside-range
C4DE,2009,1,Limited,historical-outside-range
C4DE,2010,1,Limited,historical-outside-range
C4DE,2011,1,Limited,historical-outside-range
C4DE,2012,1,Limited,historical-outside-range
C4DE,2013,1,Limited,historical-outside-range
C4DE,2014,1,Limited,historical-outside-range
C4DE,2015,1,Limited,historical-outside-range
C4DE,2016,1,Limited,historical-outside-range
C4DE,2017,1,Limited,historical-outside-range
C4DE,2018,1,Limited,historical-outside-range
C4DE,2019,1,Limited,historical-outside-range
C4DE,2020,1,Limited,historical-outside-range
C4DE,2021,1,Limited,historical-outside-range
C4DE,2022,1,Limited,historical-outside-range
C4DE,2023,1,Limited,historical-outside-range
C4DE,2024,1,Limited,historical-outside-range
C4DE,2025,1,Limited,historical-outside-range
C50B,1975,0,Open,current
C50B,1976,0,Open,current
C50B,1977,0,Open,current
C50B,1978,0,Open,current
C50B,1979,0,Open,current
C50B,1980,0,Open,current
C50B,1981,0,Open,current
C50B,1982,0,Open,current
C50B,1983,0,Open,current
C50B,1984,0,Open,current
C50B,1985,0,Open,current
C50B,1986,0,Open,current
C50B,1987,0,Open,current
C50B,1988,0,Open,current
C50B,1989,0,Open,current
C50B,1990,0,Open,current
C50B,1991,0,Open,current
C50B,1992,0,Open,current
C50B,1993,0,Open,current
C50B,1994,0,Open,current
C50B,1995,0,Open,current
C50B,1996,0,Open,current
C50B,1997,0,Open,current
C50B,1998,0,Open,current
C50B,1999,0,Open,current
C50B,2000,0,Open,current
C50B,2001,0,Open,current
C50B,2002,0,Open,current
C50B,2003,0,Open,current
C50B,2004,0,Open,current
C50B,2005,0,Open,current
C50B,2006,0,Open,current
C50B,2007,0,Open,current
C50B,2008,0,Open,current
C50B,2009,0,Open,current
C50B,2010,0,Open,current
C50B,2011,0,Open,current
C50B,2012,0,Open,current
C50B,2013,0,Open,current
C50B,2014,0,Open,current
C50B,2015,0,Open,current
C50B,2016,0,Open,current
C50B,2017,0,Open,current
C50B,2018,0,Open,current
C50B,2019,0,Open,current
C50B,2020,0,Open,current
C50B,2021,0,Open,current
C50B,2022,0,Open,current
C50B,2023,0,Open,current
C50B,2024,0,Open,current
C50B,2025,0,Open,current
C51B,1975,0,Open,current
C51B,1976,0,Open,current
C51B,1977,0,Open,current
C51B,1978,0,Open,current
C51B,1979,0,Open,current
C51B,1980,0,Open,current
C51B,1981,0,Open,current
C51B,1982,0,Open,current
C51B,1983,0,Open,current
C51B,1984,0,Open,current
C51B,1985,0,Open,current
C51B,1986,0,Open,current
C51B,1987,0,Open,current
C51B,1988,0,Open,current
C51B,1989,0,Open,current
C51B,1990,0,Open,current
C51B,1991,0,Open,current
C51B,1992,0,Open,current
C51B,1993,0,Open,current
C51B,1994,0,Open,current
C51B,1995,0,Open,current
C51B,1996,0,Open,current
C51B,1997,0,Open,current
C51B,1998,0,Open,current
C51B,1999,0,Open,current
C51B,2000,0,Open,current
C51B,2001,0,Open,current
C51B,2002,0,Open,current
C51B,2003,0,Open,current
C51B,2004,0,Open,current
C51B,2005,0,Open,current
C51B,2006,0,Open,current
C51B,2007,0,Open,current
C51B,2008,0,Open,current
C51B,2009,0,Open,current
C51B,2010,0,Open,current
C51B,2011,0,Open,current
C51B,2012,0,Open,current
C51B,2013,0,Open,current
C51B,2014,0,Open,current
C51B,2015,0,Open,current
C51B,2016,0,Open,current
C51B,2017,0,Open,current
C51B,2018,0,Open,current
C51B,2019,0,Open,current
C51B,2020,0,Open,current
C51B,2021,0,Open,current
C51B,2022,0,Open,current
C51B,2023,0,Open,current
C51B,2024,0,Open,current
C51B,2025,0,Open,current
C5AE,1975,1,Limited,current
C5AE,1976,1,Limited,current
C5AE,1977,1,Limited,current
C5AE,1978,1,Limited,current
C5AE,1979,1,Limited,current
C5AE,1980,1,Limited,current
C5AE,1981,1,Limited,current
C5AE,1982,1,Limited,current
C5AE,1983,1,Limited,current
C5AE,1984,1,Limited,current
C5AE,1985,1,Limited,current
C5AE,1986,1,Limited,current
C5AE,1987,1,Limited,current
C5AE,1988,1,Limited,current
C5AE,1989,1,Limited,current
C5AE,1990,1,Limited,current
C5AE,1991,1,Limited,current
C5AE,1992,1,Limited,current
C5AE,1993,1,Limited,current
C5AE,1994,1,Limited,current
C5AE,1995,1,Limited,current
C5AE,1996,1,Limited,historical
C5AE,1997,1,Limited,historical
C5AE,1998,1,Limited,historical
C5AE,1999,1,Limited,historical
C5AE,2000,1,Limited,historical
C5AE,2001,1,Limited,historical
C5AE,2002,1,Limited,historical
C5AE,2003,1,Limited,historical
C5AE,2004,1,Limited,historical
C5AE,2005,1,Limited,historical
C5AE,2006,1,Limited,historical
C5AE,2007,1,Limited,historical
C5AE,2008,1,Limited,historical
C5AE,2009,1,Limited,historical
C5AE,2010,1,Limited,historical
C5AE,2011,1,Limited,historical
C5AE,2012,1,Limited,historical
C5AE,2013,1,Limited,historical
C5AE,2014,1,Limited,historical
C5AE,2015,1,Limited,historical
C5AE,2016,1,Limited,historical
C5AE,2017,1,Limited,historical
C5AE,2018,1,Limited,historical
C5AE,2019,1,Limited,historical
C5AE,2020,1,Limited,historical
C5AE,2021,1,Limited,historical
C5AE,2022,1,Limited,current
C5AE,2023,1,Limited,current
C5AE,2024,1,Limited,current
C5AE,2025,1,Limited,current
C5BE,1975,1,Limited,current
C5BE,1976,1,Limited,current
C5BE,1977,1,Limited,current
C5BE,1978,1,Limited,current
C5BE,1979,1,Limited,current
C5BE,1980,1,Limited,current
C5BE,1981,1,Limited,current
C5BE,1982,1,Limited,current
C5BE,1983,1,Limited,current
C5BE,1984,1,Limited,current
C5BE,1985,1,Limited,current
C5BE,1986,1,Limited,current
C5BE,1987,1,Limited,current
C5BE,1988,1,Limited,current
C5BE,1989,1,Limited,current
C5BE,1990,1,Limited,current
C5BE,1991,1,Limited,current
C5BE,1992,1,Limited,current
C5BE,1993,1,Limited,current
C5BE,1994,1,Limited,current
C5BE,1995,1,Limited,current
C5BE,1996,1,Limited,historical
C5BE,1997,1,Limited,historical
C5BE,1998,1,Limited,historical
C5BE,1999,1,Limited,historical
C5BE,2000,1,Limited,historical
C5BE,2001,1,Limited,historical
C5BE,2002,1,Limited,historical
C5BE,2003,1,Limited,historical
C5BE,2004,1,Limited,historical
C5BE,2005,1,Limited,historical
C5BE,2006,1,Limited,historical
C5BE,2007,1,Limited,historical
C5BE,2008,1,Limited,historical
C5BE,2009,1,Limited,historical
C5BE,2010,1,Limited,historical
C5BE,2011,1,Limited,historical
C5BE,2012,1,Limited,historical
C5BE,2013,1,Limited,historical
C5BE,2014,1,Limited,historical
C5BE,2015,1,Limited,historical
C5BE,2016,1,Limited,historical
C5BE,2017,1,Limited,historical
C5BE,2018,1,Limited,historical
C5BE,2019,1,Limited,historical
C5BE,2020,1,Limited,historical
C5BE,2021,1,Limited,historical
C5BE,2022,1,Limited,current
C5BE,2023,1,Limited,current
C5BE,2024,1,Limited,current
C5BE,2025,1,Limited,current
C5CE,1975,1,Limited,current
C5CE,1976,1,Limited,current
C5CE,1977,1,Limited,current
C5CE,1978,1,Limited,current
C5CE,1979,1,Limited,current
C5CE,1980,1,Limited,current
C5CE,1981,1,Limited,current
C5CE,1982,1,Limited,current
C5CE,1983,1,Limited,current
C5CE,1984,1,Limited,current
C5CE,1985,1,Limited,current
C5CE,1986,1,Limited,current
C5CE,1987,1,Limited,current
C5CE,1988,1,Limited,current
C5CE,1989,1,Limited,current
C5CE,1990,1,Limited,current
C5CE,1991,1,Limited,current
C5CE,1992,1,Limited,current
C5CE,1993,1,Limited,current
C5CE,1994,1,Limited,current
C5CE,1995,1,Limited,current
C5CE,1996,1,Limited,historical
C5CE,1997,1,Limited,historical
C5CE,1998,1,Limited,historical
C5CE,1999,1,Limited,historical
C5CE,2000,1,Limited,historical
C5CE,2001,1,Limited,historical
C5CE,2002,1,Limited,historical
C5CE,2003,1,Limited,historical
C5CE,2004,1,Limited,historical
C5CE,2005,1,Limited,historical
C5CE,2006,1,Limited,historical
C5CE,2007,1,Limited,historical
C5CE,2008,1,Limited,historical
C5CE,2009,1,Limited,historical
C5CE,2010,1,Limited,historical
C5CE,2011,1,Limited,historical
C5CE,2012,1,Limited,historical
C5CE,2013,1,Limited,historical
C5CE,2014,1,Limited,historical
C5CE,2015,1,Limited,historical
C5CE,2016,1,Limited,historical
C5CE,2017,1,Limited,historical
C5CE,2018,1,Limited,historical
C5CE,2019,1,Limited,historical
C5CE,2020,1,Limited,historical
C5CE,2021,1,Limited,historical
C5CE,2022,1,Limited,current
C5CE,2023,1,Limited,current
C5CE,2024,1,Limited,current
C5CE,2025,1,Limited,current
C5DE,1975,1,Limited,current
C5DE,1976,1,Limited,current
C5DE,1977,1,Limited,current
C5DE,1978,1,Limited,current
C5DE,1979,1,Limited,current
C5DE,1980,1,Limited,current
C5DE,1981,1,Limited,current
C5DE,1982,1,Limited,current
C5DE,1983,1,Limited,current
C5DE,1984,1,Limited,current
C5DE,1985,1,Limited,current
C5DE,1986,1,Limited,current
C5DE,1987,1,Limited,current
C5DE,1988,1,Limited,current
C5DE,1989,1,Limited,current
C5DE,1990,1,Limited,current
C5DE,1991,1,Limited,current
C5DE,1992,1,Limited,current
C5DE,1993,1,Limited,current
C5DE,1994,1,Limited,current
C5DE,1995,1,Limited,current
C5DE,1996,1,Limited,historical
C5DE,1997,1,Limited,historical
C5DE,1998,1,Limited,historical
C5DE,1999,1,Limited,historical
C5DE,2000,1,Limited,historical
C5DE,2001,1,Limited,historical
C5DE,2002,1,Limited,historical
C5DE,2003,1,Limited,historical
C5DE,2004,1,Limited,historical
C5DE,2005,1,Limited,historical
C5DE,2006,1,Limited,historical
C5DE,2007,1,Limited,historical
C5DE,2008,1,Limited,historical
C5DE,2009,1,Limited,historical
C5DE,2010,1,Limited,historical
C5DE,2011,1,Limited,historical
C5DE,2012,1,Limited,historical
C5DE,2013,1,Limited,historical
C5DE,2014,1,Limited,historical
C5DE,2015,1,Limited,historical
C5DE,2016,1,Limited,historical
C5DE,2017,1,Limited,historical
C5DE,2018,1,Limited,historical
C5DE,2019,1,Limited,historical
C5DE,2020,1,Limited,historical
C5DE,2021,1,Limited,historical
C5DE,2022,1,Limited,current
C5DE,2023,1,Limited,current
C5DE,2024,1,Limited,current
C5DE,2025,1,Limited,current
C61A,1975,1,Limited,current
C61A,1976,1,Limited,current
C61A,1977,1,Limited,current
C61A,1978,1,Limited,current
C61A,1979,1,Limited,current
C61A,1980,1,Limited,current
C61A,1981,1,Limited,current
C61A,1982,1,Limited,current
C61A,1983,1,Limited,current
C61A,1984,1,Limited,current
C61A,1985,1,Limited,historical
C61A,1986,1,Limited,historical
C61A,1987,1,Limited,historical
C61A,1988,1,Limited,historical
C61A,1989,1,Limited,historical
C61A,1990,1,Limited,historical
C61A,1991,1,Limited,historical
C61A,1992,1,Limited,historical
C61A,1993,1,Limited,historical
C61A,1994,1,Limited,historical
C61A,1995,1,Limited,historical
C61A,1996,1,Limited,historical
C61A,1997,1,Limited,historical
C61A,1998,1,Limited,historical
C61A,1999,1,Limited,historical
C61A,2000,1,Limited,historical
C61A,2001,1,Limited,historical
C61A,2002,1,Limited,historical
C61A,2003,1,Limited,historical
C61A,2004,1,Limited,historical
C61A,2005,1,Limited,historical
C61A,2006,1,Limited,historical
C61A,2007,1,Limited,historical
C61A,2008,1,Limited,historical
C61A,2009,1,Limited,historical
C61A,2010,1,Limited,historical
C61A,2011,1,Limited,historical
C61A,2012,1,Limited,historical
C61A,2013,1,Limited,historical
C61A,2014,1,Limited,historical
C61A,2015,1,Limited,historical
C61A,2016,1,Limited,historical
C61A,2017,1,Limited,historical
C61A,2018,1,Limited,historical
C61A,2019,1,Limited,historical
C61A,2020,1,Limited,historical
C61A,2021,1,Limited,historical
C61A,2022,1,Limited,current
C61A,2023,1,Limited,current
C61A,2024,1,Limited,current
C61A,2025,1,Limited,current
C61B,1975,0,Open,historical
C61B,1976,0,Open,historical
C61B,1977,0,Open,historical
C61B,1978,0,Open,historical
C61B,1979,0,Open,historical
C61B,1980,0,Open,historical
C61B,1981,0,Open,historical
C61B,1982,0,Open,historical
C61B,1983,0,Open,historical
C61B,1984,0,Open,historical
C61B,1985,0,Open,historical
C61B,1986,0,Open,historical
C61B,1987,0,Open,historical
C61B,1988,0,Open,historical
C61B,1989,0,Open,historical
C61B,1990,0,Open,historical
C61B,1991,0,Open,historical
C61B,1992,0,Open,historical
C61B,1993,0,Open,historical
C61B,1994,0,Open,historical
C61B,1995,0,Open,historical
C61B,1996,0,Open,current
C61B,1997,0,Open,current
C61B,1998,0,Open,current
C61B,1999,0,Open,current
C61B,2000,0,Open,current
C61B,2001,0,Open,current
C61B,2002,0,Open,current
C61B,2003,0,Open,current
C61B,2004,0,Open,current
C61B,2005,0,Open,current
C61B,2006,0,Open,current
C61B,2007,0,Open,current
C61B,2008,0,Open,current
C61B,2009,0,Open,current
C61B,2010,0,Open,current
C61B,2011,0,Open,current
C61B,2012,0,Open,current
C61B,2013,0,Open,current
C61B,2014,0,Open,current
C61B,2015,0,Open,current
C61B,2016,0,Open,current
C61B,2017,0,Open,current
C61B,2018,0,Open,current
C61B,2019,0,Open,current
C61B,2020,0,Open,current
C61B,2021,0,Open,current
C61B,2022,0,Open,current
C61B,2023,0,Open,current
C61B,2024,0,Open,current
C61B,2025,0,Open,current
C61C,1975,1,Limited,current
C61C,1976,1,Limited,current
C61C,1977,1,Limited,current
C61C,1978,1,Limited,current
C61C,1979,1,Limited,current
C61C,1980,1,Limited,current
C61C,1981,1,Limited,current
C61C,1982,1,Limited,current
C61C,1983,1,Limited,current
C61C,1984,1,Limited,current
C61C,1985,1,Limited,current
C61C,1986,1,Limited,historical
C61C,1987,1,Limited,historical
C61C,1988,1,Limited,historical
C61C,1989,1,Limited,historical
C61C,1990,1,Limited,historical
C61C,1991,1,Limited,historical
C61C,1992,1,Limited,historical
C61C,1993,1,Limited,historical
C61C,1994,1,Limited,historical
C61C,1995,1,Limited,historical
C61C,1996,1,Limited,historical
C61C,1997,1,Limited,historical
C61C,1998,1,Limited,historical
C61C,1999,1,Limited,historical
C61C,2000,1,Limited,historical
C61C,2001,1,Limited,historical
C61C,2002,1,Limited,historical
C61C,2003,1,Limited,historical
C61C,2004,1,Limited,historical
C61C,2005,1,Limited,historical
C61C,2006,1,Limited,historical
C61C,2007,1,Limited,historical
C61C,2008,1,Limited,historical
C61C,2009,1,Limited,historical
C61C,2010,1,Limited,historical
C61C,2011,1,Limited,historical
C61C,2012,1,Limited,historical
C61C,2013,1,Limited,historical
C61C,2014,1,Limited,historical
C61C,2015,1,Limited,historical
C61C,2016,1,Limited,historical
C61C,2017,1,Limited,historical
C61C,2018,1,Limited,historical
C61C,2019,1,Limited,historical
C61C,2020,1,Limited,historical
C61C,2021,1,Limited,historical
C61C,2022,1,Limited,current
C61C,2023,1,Limited,current
C61C,2024,1,Limited,current
C61C,2025,1,Limited,current
C61ZL,1975,0,Open,historical-outside-range
C61ZL,1976,0,Open,historical-outside-range
C61ZL,1977,0,Open,historical-outside-range
C61ZL,1978,0,Open,historical-outside-range
C61ZL,1979,0,Open,historical-outside-range
C61ZL,1980,0,Open,historical-outside-range
C61ZL,1981,0,Open,historical-outside-range
C61ZL,1982,0,Open,historical-outside-range
C61ZL,1983,0,Open,historical-outside-range
C61ZL,1984,0,Open,historical-outside-range
C61ZL,1985,0,Open,historical-outside-range
C61ZL,1986,0,Open,historical-outside-range
C61ZL,1987,0,Open,historical-outside-range
C61ZL,1988,0,Open,historical-outside-range
C61ZL,1989,0,Open,historical-outside-range
C61ZL,1990,0,Open,historical-outside-range
C61ZL,1991,0,Open,historical-outside-range
C61ZL,1992,0,Open,historical-outside-range
C61ZL,1993,0,Open,historical-outside-range
C61ZL,1994,0,Open,historical-outside-range
C61ZL,1995,0,Open,historical-outside-range
C61ZL,1996,0,Open,historical-outside-range
C61ZL,1997,0,Open,historical-outside-range
C61ZL,1998,0,Open,historical-outside-range
C61ZL,1999,0,Open,historical-outside-range
C61ZL,2000,0,Open,historical-outside-range
C61ZL,2001,0,Open,historical-outside-range
C61ZL,2002,0,Open,historical-outside-range
C61ZL,2003,0,Open,historical-outside-range
C61ZL,2004,0,Open,historical-outside-range
C61ZL,2005,0,Open,historical-outside-range
C61ZL,2006,0,Open,historical-outside-range
C61ZL,2007,0,Open,historical-outside-range
C61ZL,2008,0,Open,historical-outside-range
C61ZL,2009,0,Open,historical-outside-range
C61ZL,2010,0,Open,historical-outside-range
C61ZL,2011,0,Open,historical-outside-range
C61ZL,2012,0,Open,historical-outside-range
C61ZL,2013,0,Open,historical-outside-range
C61ZL,2014,0,Open,historical-outside-range
C61ZL,2015,0,Open,historical-outside-range
C61ZL,2016,0,Open,historical-outside-range
C61ZL,2017,0,Open,historical-outside-range
C61ZL,2018,0,Open,historical-outside-range
C61ZL,2019,0,Open,historical-outside-range
C61ZL,2020,0,Open,historical-outside-range
C61ZL,2021,0,Open,historical-outside-range
C61ZL,2022,0,Open,historical-outside-range
C61ZL,2023,0,Open,historical-outside-range
C61ZL,2024,0,Open,historical-outside-range
C61ZL,2025,0,Open,historical-outside-range
C91A,1975,0,Open,current
C91A,1976,0,Open,current
C91A,1977,0,Open,current
C91A,1978,0,Open,current
C91A,1979,0,Open,current
C91A,1980,0,Open,current
C91A,1981,0,Open,current
C91A,1982,0,Open,current
C91A,1983,0,Open,current
C91A,1984,0,Open,current
C91A,1985,0,Open,current
C91A,1986,0,Open,current
C91A,1987,0,Open,current
C91A,1988,0,Open,current
C91A,1989,0,Open,current
C91A,1990,0,Open,current
C91A,1991,0,Open,current
C91A,1992,0,Open,current
C91A,1993,0,Open,current
C91A,1994,0,Open,current
C91A,1995,0,Open,current
C91A,1996,0,Open,current
C91A,1997,0,Open,current
C91A,1998,0,Open,current
C91A,1999,0,Open,current
C91A,2000,0,Open,current
C91A,2001,0,Open,current
C91A,2002,0,Open,current
C91A,2003,0,Open,current
C91A,2004,0,Open,historical
C91A,2005,0,Open,historical
C91A,2006,0,Open,historical
C91A,2007,0,Open,historical
C91A,2008,0,Open,historical
C91A,2009,0,Open,historical
C91A,2010,0,Open,historical
C91A,2011,0,Open,historical
C91A,2012,0,Open,historical
C91A,2013,0,Open,historical
C91A,2014,0,Open,historical
C91A,2015,0,Open,historical
C91A,2016,0,Open,historical
C91A,2017,0,Open,historical
C91A,2018,0,Open,historical
C91A,2019,0,Open,historical
C91A,2020,0,Open,historical
C91A,2021,0,Open,historical
C91A,2022,0,Open,current
C91A,2023,0,Open,current
C91A,2024,0,Open,current
C91A,2025,0,Open,current
C91B,1975,0,Open,historical
C91B,1976,0,Open,historical
C91B,1977,0,Open,historical
C91B,1978,0,Open,historical
C91B,1979,0,Open,historical
C91B,1980,0,Open,historical
C91B,1981,0,Open,historical
C91B,1982,0,Open,historical
C91B,1983,0,Open,historical
C91B,1984,0,Open,historical
C91B,1985,0,Open,historical
C91B,1986,0,Open,historical
C91B,1987,0,Open,historical
C91B,1988,0,Open,historical
C91B,1989,0,Open,historical
C91B,1990,0,Open,historical
C91B,1991,0,Open,historical
C91B,1992,0,Open,historical
C91B,1993,0,Open,historical
C91B,1994,0,Open,historical
C91B,1995,0,Open,historical
C91B,1996,0,Open,current
C91B,1997,0,Open,current
C91B,1998,0,Open,current
C91B,1999,0,Open,current
C91B,2000,0,Open,current
C91B,2001,0,Open,current
C91B,2002,0,Open,current
C91B,2003,0,Open,current
C91B,2004,0,Open,current
C91B,2005,0,Open,current
C91B,2006,0,Open,current
C91B,2007,0,Open,current
C91B,2008,0,Open,current
C91B,2009,0,Open,current
C91B,2010,0,Open,current
C91B,2011,0,Open,current
C91B,2012,0,Open,current
C91B,2013,0,Open,current
C91B,2014,0,Open,current
C91B,2015,0,Open,current
C91B,2016,0,Open,current
C91B,2017,0,Open,current
C91B,2018,0,Open,current
C91B,2019,0,Open,current
C91B,2020,0,Open,current
C91B,2021,0,Open,current
C91B,2022,0,Open,current
C91B,2023,0,Open,current
C91B,2024,0,Open,current
C91B,2025,0,Open,current
C91C,1975,1,Limited,current
C91C,1976,1,Limited,current
C91C,1977,1,Limited,current
C91C,1978,1,Limited,current
C91C,1979,1,Limited,current
C91C,1980,1,Limited,current
C91C,1981,1,Limited,current
C91C,1982,1,Limited,current
C91C,1983,1,Limited,current
C91C,1984,1,Limited,current
C91C,1985,1,Limited,current
C91C,1986,1,Limited,historical
C91C,1987,1,Limited,historical
C91C,1988,1,Limited,historical
C91C,1989,1,Limited,historical
C91C,1990,1,Limited,historical
C91C,1991,1,Limited,historical
C91C,1992,1,Limited,historical
C91C,1993,1,Limited,historical
C91C,1994,1,Limited,historical
C91C,1995,1,Limited,historical
C91C,1996,1,Limited,historical
C91C,1997,1,Limited,historical
C91C,1998,1,Limited,historical
C91C,1999,1,Limited,historical
C91C,2000,1,Limited,historical
C91C,2001,1,Limited,historical
C91C,2002,1,Limited,historical
C91C,2003,1,Limited,historical
C91C,2004,1,Limited,historical
C91C,2005,1,Limited,historical
C91C,2006,1,Limited,historical
C91C,2007,1,Limited,historical
C91C,2008,1,Limited,historical
C91C,2009,1,Limited,historical
C91C,2010,1,Limited,historical
C91C,2011,1,Limited,historical
C91C,2012,1,Limited,historical
C91C,2013,1,Limited,historical
C91C,2014,1,Limited,historical
C91C,2015,1,Limited,historical
C91C,2016,1,Limited,historical
C91C,2017,1,Limited,historical
C91C,2018,1,Limited,historical
C91C,2019,1,Limited,historical
C91C,2020,1,Limited,historical
C91C,2021,1,Limited,historical
C91C,2022,1,Limited,current
C91C,2023,1,Limited,current
C91C,2024,1,Limited,current
C91C,2025,1,Limited,current
C91ZL,1975,0,Open,historical-outside-range
C91ZL,1976,0,Open,historical-outside-range
C91ZL,1977,0,Open,historical-outside-range
C91ZL,1978,0,Open,historical-outside-range
C91ZL,1979,0,Open,historical-outside-range
C91ZL,1980,0,Open,historical-outside-range
C91ZL,1981,0,Open,historical-outside-range
C91ZL,1982,0,Open,historical-outside-range
C91ZL,1983,0,Open,historical-outside-range
C91ZL,1984,0,Open,historical-outside-range
C91ZL,1985,0,Open,historical-outside-range
C91ZL,1986,0,Open,historical-outside-range
C91ZL,1987,0,Open,historical-outside-range
C91ZL,1988,0,Open,historical-outside-range
C91ZL,1989,0,Open,historical-outside-range
C91ZL,1990,0,Open,historical-outside-range
C91ZL,1991,0,Open,historical-outside-range
C91ZL,1992,0,Open,historical-outside-range
C91ZL,1993,0,Open,historical-outside-range
C91ZL,1994,0,Open,historical-outside-range
C91ZL,1995,0,Open,historical-outside-range
C91ZL,1996,0,Open,historical-outside-range
C91ZL,1997,0,Open,historical-outside-range
C91ZL,1998,0,Open,historical-outside-range
C91ZL,1999,0,Open,historical-outside-range
C91ZL,2000,0,Open,historical-outside-range
C91ZL,2001,0,Open,historical-outside-range
C91ZL,2002,0,Open,historical-outside-range
C91ZL,2003,0,Open,historical-outside-range
C91ZL,2004,0,Open,historical-outside-range
C91ZL,2005,0,Open,historical-outside-range
C91ZL,2006,0,Open,historical-outside-range
C91ZL,2007,0,Open,historical-outside-range
C91ZL,2008,0,Open,historical-outside-range
C91ZL,2009,0,Open,historical-outside-range
C91ZL,2010,0,Open,historical-outside-range
C91ZL,2011,0,Open,historical-outside-range
C91ZL,2012,0,Open,historical-outside-range
C91ZL,2013,0,Open,historical-outside-range
C91ZL,2014,0,Open,historical-outside-range
C91ZL,2015,0,Open,historical-outside-range
C91ZL,2016,0,Open,historical-outside-range
C91ZL,2017,0,Open,historical-outside-range
C91ZL,2018,0,Open,historical-outside-range
C91ZL,2019,0,Open,historical-outside-range
C91ZL,2020,0,Open,historical-outside-range
C91ZL,2021,0,Open,historical-outside-range
C91ZL,2022,0,Open,historical-outside-range
C91ZL,2023,0,Open,historical-outside-range
C91ZL,2024,0,Open,historical-outside-range
C91ZL,2025,0,Open,historical-outside-range
C99B,1975,0,Open,historical-outside-range
C99B,1976,0,Open,historical-outside-range
C99B,1977,0,Open,historical-outside-range
C99B,1978,0,Open,historical
C99B,1979,0,Open,historical
C99B,1980,0,Open,historical
C99B,1981,0,Open,historical-outside-range
C99B,1982,0,Open,historical-outside-range
C99B,1983,0,Open,historical-outside-range
C99B,1984,0,Open,historical-outside-range
C99B,1985,0,Open,historical-outside-range
C99B,1986,0,Open,historical-outside-range
C99B,1987,0,Open,historical-outside-range
C99B,1988,0,Open,historical-outside-range
C99B,1989,0,Open,historical-outside-range
C99B,1990,0,Open,historical-outside-range
C99B,1991,0,Open,historical-outside-range
C99B,1992,0,Open,historical-outside-range
C99B,1993,0,Open,historical-outside-range
C99B,1994,0,Open,historical-outside-range
C99B,1995,0,Open,historical-outside-range
C99B,1996,0,Open,historical-outside-range
C99B,1997,0,Open,historical-outside-range
C99B,1998,0,Open,historical-outside-range
C99B,1999,0,Open,historical-outside-range
C99B,2000,0,Open,historical-outside-range
C99B,2001,0,Open,historical-outside-range
C99B,2002,0,Open,historical-outside-range
C99B,2003,0,Open,historical-outside-range
C99B,2004,0,Open,historical-outside-range
C99B,2005,0,Open,historical-outside-range
C99B,2006,0,Open,historical-outside-range
C99B,2007,0,Open,historical-outside-range
C99B,2008,0,Open,historical-outside-range
C99B,2009,0,Open,historical-outside-range
C99B,2010,0,Open,historical-outside-range
C99B,2011,0,Open,historical-outside-range
C99B,2012,0,Open,historical-outside-range
C99B,2013,0,Open,historical-outside-range
C99B,2014,0,Open,historical-outside-range
C99B,2015,0,Open,historical-outside-range
C99B,2016,0,Open,historical-outside-range
C99B,2017,0,Open,historical-outside-range
C99B,2018,0,Open,historical-outside-range
C99B,2019,0,Open,historical-outside-range
C99B,2020,0,Open,historical-outside-range
C99B,2021,0,Open,historical-outside-range
C99B,2022,0,Open,historical-outside-range
C99B,2023,0,Open,historical-outside-range
C99B,2024,0,Open,historical-outside-range
C99B,2025,0,Open,historical-outside-range
C9AE,1975,1,Limited,historical-outside-range
C9AE,1976,1,Limited,historical-outside-range
C9AE,1977,1,Limited,historical-outside-range
C9AE,1978,1,Limited,historical-outside-range
C9AE,1979,1,Limited,historical-outside-range
C9AE,1980,1,Limited,historical-outside-range
C9AE,1981,1,Limited,historical-outside-range
C9AE,1982,1,Limited,historical-outside-range
C9AE,1983,1,Limited,historical-outside-range
C9AE,1984,1,Limited,historical-outside-range
C9AE,1985,1,Limited,historical-outside-range
C9AE,1986,1,Limited,historical-outside-range
C9AE,1987,1,Limited,historical-outside-range
C9AE,1988,1,Limited,historical-outside-range
C9AE,1989,1,Limited,historical-outside-range
C9AE,1990,1,Limited,historical-outside-range
C9AE,1991,1,Limited,historical-outside-range
C9AE,1992,1,Limited,historical-outside-range
C9AE,1993,1,Limited,historical-outside-range
C9AE,1994,1,Limited,historical-outside-range
C9AE,1995,1,Limited,historical-outside-range
C9AE,1996,1,Limited,historical-outside-range
C9AE,1997,1,Limited,historical-outside-range
C9AE,1998,1,Limited,historical
C9AE,1999,1,Limited,historical
C9AE,2000,1,Limited,historical
C9AE,2001,1,Limited,historical
C9AE,2002,1,Limited,historical-outside-range
C9AE,2003,1,Limited,historical-outside-range
C9AE,2004,1,Limited,historical-outside-range
C9AE,2005,1,Limited,historical-outside-range
C9AE,2006,1,Limited,historical-outside-range
C9AE,2007,1,Limited,historical-outside-range
C9AE,2008,1,Limited,historical-outside-range
C9AE,2009,1,Limited,historical-outside-range
C9AE,2010,1,Limited,historical-outside-range
C9AE,2011,1,Limited,historical-outside-range
C9AE,2012,1,Limited,historical-outside-range
C9AE,2013,1,Limited,historical-outside-range
C9AE,2014,1,Limited,historical-outside-range
C9AE,2015,1,Limited,historical-outside-range
C9AE,2016,1,Limited,historical-outside-range
C9AE,2017,1,Limited,historical-outside-range
C9AE,2018,1,Limited,historical-outside-range
C9AE,2019,1,Limited,historical-outside-range
C9AE,2020,1,Limited,historical-outside-range
C9AE,2021,1,Limited,historical-outside-range
C9AE,2022,1,Limited,historical-outside-range
C9AE,2023,1,Limited,historical-outside-range
C9AE,2024,1,Limited,historical-outside-range
C9AE,2025,1,Limited,historical-outside-range
C9BE,1975,1,Limited,historical-outside-range
C9BE,1976,1,Limited,historical-outside-range
C9BE,1977,1,Limited,historical-outside-range
C9BE,1978,1,Limited,historical-outside-range
C9BE,1979,1,Limited,historical-outside-range
C9BE,1980,1,Limited,historical-outside-range
C9BE,1981,1,Limited,historical-outside-range
C9BE,1982,1,Limited,historical-outside-range
C9BE,1983,1,Limited,historical-outside-range
C9BE,1984,1,Limited,historical-outside-range
C9BE,1985,1,Limited,historical-outside-range
C9BE,1986,1,Limited,historical-outside-range
C9BE,1987,1,Limited,historical-outside-range
C9BE,1988,1,Limited,historical-outside-range
C9BE,1989,1,Limited,historical-outside-range
C9BE,1990,1,Limited,historical-outside-range
C9BE,1991,1,Limited,historical-outside-range
C9BE,1992,1,Limited,historical-outside-range
C9BE,1993,1,Limited,historical-outside-range
C9BE,1994,1,Limited,historical-outside-range
C9BE,1995,1,Limited,historical-outside-range
C9BE,1996,1,Limited,historical-outside-range
C9BE,1997,1,Limited,historical-outside-range
C9BE,1998,1,Limited,historical
C9BE,1999,1,Limited,historical
C9BE,2000,1,Limited,historical
C9BE,2001,1,Limited,historical
C9BE,2002,1,Limited,historical-outside-range
C9BE,2003,1,Limited,historical-outside-range
C9BE,2004,1,Limited,historical-outside-range
C9BE,2005,1,Limited,historical-outside-range
C9BE,2006,1,Limited,historical-outside-range
C9BE,2007,1,Limited,historical-outside-range
C9BE,2008,1,Limited,historical-outside-range
C9BE,2009,1,Limited,historical-outside-range
C9BE,2010,1,Limited,historical-outside-range
C9BE,2011,1,Limited,historical-outside-range
C9BE,2012,1,Limited,historical-outside-range
C9BE,2013,1,Limited,historical-outside-range
C9BE,2014,1,Limited,historical-outside-range
C9BE,2015,1,Limited,historical-outside-range
C9BE,2016,1,Limited,historical-outside-range
C9BE,2017,1,Limited,historical-outside-range
C9BE,2018,1,Limited,historical-outside-range
C9BE,2019,1,Limited,historical-outside-range
C9BE,2020,1,Limited,historical-outside-range
C9BE,2021,1,Limited,historical-outside-range
C9BE,2022,1,Limited,historical-outside-range
C9BE,2023,1,Limited,historical-outside-range
C9BE,2024,1,Limited,historical-outside-range
C9BE,2025,1,Limited,historical-outside-range
C9CE,1975,1,Limited,current
C9CE,1976,1,Limited,current
C9CE,1977,1,Limited,current
C9CE,1978,1,Limited,current
C9CE,1979,1,Limited,current
C9CE,1980,1,Limited,current
C9CE,1981,1,Limited,current
C9CE,1982,1,Limited,current
C9CE,1983,1,Limited,current
C9CE,1984,1,Limited,current
C9CE,1985,1,Limited,current
C9CE,1986,1,Limited,current
C9CE,1987,1,Limited,current
C9CE,1988,1,Limited,current
C9CE,1989,1,Limited,current
C9CE,1990,1,Limited,current
C9CE,1991,1,Limited,current
C9CE,1992,1,Limited,current
C9CE,1993,1,Limited,current
C9CE,1994,1,Limited,current
C9CE,1995,1,Limited,current
C9CE,1996,1,Limited,historical
C9CE,1997,1,Limited,historical
C9CE,1998,1,Limited,historical
C9CE,1999,1,Limited,historical
C9CE,2000,1,Limited,historical
C9CE,2001,1,Limited,historical
C9CE,2002,1,Limited,historical
C9CE,2003,1,Limited,historical
C9CE,2004,1,Limited,historical
C9CE,2005,1,Limited,historical
C9CE,2006,1,Limited,historical
C9CE,2007,1,Limited,historical
C9CE,2008,1,Limited,historical
C9CE,2009,1,Limited,historical
C9CE,2010,1,Limited,historical
C9CE,2011,1,Limited,historical
C9CE,2012,1,Limited,historical
C9CE,2013,1,Limited,historical
C9CE,2014,1,Limited,historical
C9CE,2015,1,Limited,historical
C9CE,2016,1,Limited,historical
C9CE,2017,1,Limited,historical
C9CE,2018,1,Limited,historical
C9CE,2019,1,Limited,historical
C9CE,2020,1,Limited,historical
C9CE,2021,1,Limited,historical
C9CE,2022,1,Limited,current
C9CE,2023,1,Limited,current
C9CE,2024,1,Limited,current
C9CE,2025,1,Limited,current
C9DE,1975,1,Limited,historical-outside-range
C9DE,1976,1,Limited,historical-outside-range
C9DE,1977,1,Limited,historical-outside-range
C9DE,1978,1,Limited,historical-outside-range
C9DE,1979,1,Limited,historical-outside-range
C9DE,1980,1,Limited,historical-outside-range
C9DE,1981,1,Limited,historical-outside-range
C9DE,1982,1,Limited,historical-outside-range
C9DE,1983,1,Limited,historical-outside-range
C9DE,1984,1,Limited,historical-outside-range
C9DE,1985,1,Limited,historical-outside-range
C9DE,1986,1,Limited,historical-outside-range
C9DE,1987,1,Limited,historical-outside-range
C9DE,1988,1,Limited,historical-outside-range
C9DE,1989,1,Limited,historical-outside-range
C9DE,1990,1,Limited,historical-outside-range
C9DE,1991,1,Limited,historical-outside-range
C9DE,1992,1,Limited,historical-outside-range
C9DE,1993,1,Limited,historical-outside-range
C9DE,1994,1,Limited,historical-outside-range
C9DE,1995,1,Limited,historical-outside-range
C9DE,1996,1,Limited,historical-outside-range
C9DE,1997,1,Limited,historical-outside-range
C9DE,1998,1,Limited,historical
C9DE,1999,1,Limited,historical
C9DE,2000,1,Limited,historical
C9DE,2001,1,Limited,historical
C9DE,2002,1,Limited,historical-outside-range
C9DE,2003,1,Limited,historical-outside-range
C9DE,2004,1,Limited,historical-outside-range
C9DE,2005,1,Limited,historical-outside-range
C9DE,2006,1,Limited,historical-outside-range
C9DE,2007,1,Limited,historical-outside-range
C9DE,2008,1,Limited,historical-outside-range
C9DE,2009,1,Limited,historical-outside-range
C9DE,2010,1,Limited,historical-outside-range
C9DE,2011,1,Limited,historical-outside-range
C9DE,2012,1,Limited,historical-outside-range
C9DE,2013,1,Limited,historical-outside-range
C9DE,2014,1,Limited,historical-outside-range
C9DE,2015,1,Limited,historical-outside-range
C9DE,2016,1,Limited,historical-outside-range
C9DE,2017,1,Limited,historical-outside-range
C9DE,2018,1,Limited,historical-outside-range
C9DE,2019,1,Limited,historical-outside-range
C9DE,2020,1,Limited,historical-outside-range
C9DE,2021,1,Limited,historical-outside-range
C9DE,2022,1,Limited,historical-outside-range
C9DE,2023,1,Limited,historical-outside-range
C9DE,2024,1,Limited,historical-outside-range
C9DE,2025,1,Limited,historical-outside-range
D09A,1975,1,Limited,historical-outside-range
D09A,1976,1,Limited,historical-outside-range
D09A,1977,1,Limited,historical-outside-range
D09A,1978,1,Limited,historical-outside-range
D09A,1979,1,Limited,historical-outside-range
D09A,1980,1,Limited,historical-outside-range
D09A,1981,1,Limited,historical-outside-range
D09A,1982,1,Limited,historical-outside-range
D09A,1983,1,Limited,historical-outside-range
D09A,1984,1,Limited,historical-outside-range
D09A,1985,1,Limited,historical-outside-range
D09A,1986,1,Limited,historical-outside-range
D09A,1987,1,Limited,historical-outside-range
D09A,1988,1,Limited,historical-outside-range
D09A,1989,1,Limited,historical-outside-range
D09A,1990,1,Limited,historical-outside-range
D09A,1991,1,Limited,historical-outside-range
D09A,1992,1,Limited,historical
D09A,1993,1,Limited,historical
D09A,1994,1,Limited,historical
D09A,1995,1,Limited,historical
D09A,1996,1,Limited,historical-outside-range
D09A,1997,1,Limited,historical-outside-range
D09A,1998,1,Limited,historical-outside-range
D09A,1999,1,Limited,historical-outside-range
D09A,2000,1,Limited,historical-outside-range
D09A,2001,1,Limited,historical-outside-range
D09A,2002,1,Limited,historical-outside-range
D09A,2003,1,Limited,historical-outside-range
D09A,2004,1,Limited,historical-outside-range
D09A,2005,1,Limited,historical-outside-range
D09A,2006,1,Limited,historical-outside-range
D09A,2007,1,Limited,historical-outside-range
D09A,2008,1,Limited,historical-outside-range
D09A,2009,1,Limited,historical-outside-range
D09A,2010,1,Limited,historical-outside-range
D09A,2011,1,Limited,historical-outside-range
D09A,2012,1,Limited,historical-outside-range
D09A,2013,1,Limited,historical-outside-range
D09A,2014,1,Limited,historical-outside-range
D09A,2015,1,Limited,historical-outside-range
D09A,2016,1,Limited,historical-outside-range
D09A,2017,1,Limited,historical-outside-range
D09A,2018,1,Limited,historical-outside-range
D09A,2019,1,Limited,historical-outside-range
D09A,2020,1,Limited,historical-outside-range
D09A,2021,1,Limited,historical-outside-range
D09A,2022,1,Limited,historical-outside-range
D09A,2023,1,Limited,historical-outside-range
D09A,2024,1,Limited,historical-outside-range
D09A,2025,1,Limited,historical-outside-range
D09B,1975,0,Open,historical
D09B,1976,0,Open,historical
D09B,1977,0,Open,historical
D09B,1978,0,Open,historical
D09B,1979,0,Open,historical
D09B,1980,0,Open,historical
D09B,1981,0,Open,historical
D09B,1982,0,Open,historical
D09B,1983,0,Open,historical
D09B,1984,0,Open,historical
D09B,1985,0,Open,historical
D09B,1986,0,Open,historical
D09B,1987,0,Open,historical
D09B,1988,0,Open,historical
D09B,1989,0,Open,historical
D09B,1990,0,Open,historical
D09B,1991,0,Open,historical
D09B,1992,0,Open,historical-outside-range
D09B,1993,0,Open,historical-outside-range
D09B,1994,0,Open,historical-outside-range
D09B,1995,0,Open,historical-outside-range
D09B,1996,0,Open,historical-outside-range
D09B,1997,0,Open,historical-outside-range
D09B,1998,0,Open,historical-outside-range
D09B,1999,0,Open,historical-outside-range
D09B,2000,0,Open,historical-outside-range
D09B,2001,0,Open,historical-outside-range
D09B,2002,0,Open,historical-outside-range
D09B,2003,0,Open,historical-outside-range
D09B,2004,0,Open,historical-outside-range
D09B,2005,0,Open,historical-outside-range
D09B,2006,0,Open,historical-outside-range
D09B,2007,0,Open,historical-outside-range
D09B,2008,0,Open,historical-outside-range
D09B,2009,0,Open,historical-outside-range
D09B,2010,0,Open,historical-outside-range
D09B,2011,0,Open,historical-outside-range
D09B,2012,0,Open,historical-outside-range
D09B,2013,0,Open,historical-outside-range
D09B,2014,0,Open,historical-outside-range
D09B,2015,0,Open,historical-outside-range
D09B,2016,0,Open,historical-outside-range
D09B,2017,0,Open,historical-outside-range
D09B,2018,0,Open,historical-outside-range
D09B,2019,0,Open,historical-outside-range
D09B,2020,0,Open,historical-outside-range
D09B,2021,0,Open,historical-outside-range
D09B,2022,0,Open,historical-outside-range
D09B,2023,0,Open,historical-outside-range
D09B,2024,0,Open,historical-outside-range
D09B,2025,0,Open,historical-outside-range
D09D,1975,0,Open,current
D09D,1976,0,Open,current
D09D,1977,0,Open,current
D09D,1978,0,Open,current
D09D,1979,0,Open,current
D09D,1980,0,Open,current
D09D,1981,0,Open,current
D09D,1982,0,Open,current
D09D,1983,0,Open,current
D09D,1984,0,Open,current
D09D,1985,0,Open,current
D09D,1986,0,Open,current
D09D,1987,0,Open,current
D09D,1988,0,Open,current
D09D,1989,0,Open,current
D09D,1990,0,Open,current
D09D,1991,0,Open,current
D09D,1992,0,Open,historical
D09D,1993,0,Open,historical
D09D,1994,0,Open,historical
D09D,1995,0,Open,historical
D09D,1996,0,Open,current
D09D,1997,0,Open,current
D09D,1998,0,Open,current
D09D,1999,0,Open,current
D09D,2000,0,Open,current
D09D,2001,0,Open,current
D09D,2002,0,Open,current
D09D,2003,0,Open,current
D09D,2004,0,Open,current
D09D,2005,0,Open,current
D09D,2006,0,Open,current
D09D,2007,0,Open,current
D09D,2008,0,Open,current
D09D,2009,0,Open,current
D09D,2010,0,Open,current
D09D,2011,0,Open,current
D09D,2012,0,Open,current
D09D,2013,0,Open,current
D09D,2014,0,Open,current
D09D,2015,0,Open,current
D09D,2016,0,Open,current
D09D,2017,0,Open,current
D09D,2018,0,Open,current
D09D,2019,0,Open,current
D09D,2020,0,Open,current
D09D,2021,0,Open,current
D09D,2022,0,Open,current
D09D,2023,0,Open,current
D09D,2024,0,Open,current
D09D,2025,0,Open,current
D09E,1975,0,Open,current
D09E,1976,0,Open,current
D09E,1977,0,Open,current
D09E,1978,0,Open,current
D09E,1979,0,Open,current
D09E,1980,0,Open,historical
D09E,1981,0,Open,historical
D09E,1982,0,Open,historical
D09E,1983,0,Open,historical
D09E,1984,0,Open,historical
D09E,1985,0,Open,historical
D09E,1986,0,Open,historical
D09E,1987,0,Open,historical
D09E,1988,0,Open,historical
D09E,1989,0,Open,historical
D09E,1990,0,Open,historical
D09E,1991,0,Open,historical
D09E,1992,0,Open,historical
D09E,1993,0,Open,historical
D09E,1994,0,Open,historical
D09E,1995,0,Open,historical
D09E,1996,0,Open,current
D09E,1997,0,Open,current
D09E,1998,0,Open,current
D09E,1999,0,Open,current
D09E,2000,0,Open,current
D09E,2001,0,Open,current
D09E,2002,0,Open,current
D09E,2003,0,Open,current
D09E,2004,0,Open,current
D09E,2005,0,Open,current
D09E,2006,0,Open,current
D09E,2007,0,Open,current
D09E,2008,0,Open,current
D09E,2009,0,Open,current
D09E,2010,0,Open,current
D09E,2011,0,Open,current
D09E,2012,0,Open,current
D09E,2013,0,Open,current
D09E,2014,0,Open,current
D09E,2015,0,Open,current
D09E,2016,0,Open,current
D09E,2017,0,Open,current
D09E,2018,0,Open,current
D09E,2019,0,Open,current
D09E,2020,0,Open,current
D09E,2021,0,Open,current
D09E,2022,0,Open,current
D09E,2023,0,Open,current
D09E,2024,0,Open,current
D09E,2025,0,Open,current
D09H,1975,1,Limited,historical-outside-range
D09H,1976,1,Limited,historical-outside-range
D09H,1977,1,Limited,historical-outside-range
D09H,1978,1,Limited,historical-outside-range
D09H,1979,1,Limited,historical-outside-range
D09H,1980,1,Limited,historical-outside-range
D09H,1981,1,Limited,historical-outside-range
D09H,1982,1,Limited,historical-outside-range
D09H,1983,1,Limited,historical-outside-range
D09H,1984,1,Limited,historical-outside-range
D09H,1985,1,Limited,historical-outside-range
D09H,1986,1,Limited,historical-outside-range
D09H,1987,1,Limited,historical-outside-range
D09H,1988,1,Limited,historical-outside-range
D09H,1989,1,Limited,historical-outside-range
D09H,1990,1,Limited,historical-outside-range
D09H,1991,1,Limited,historical-outside-range
D09H,1992,1,Limited,historical-outside-range
D09H,1993,1,Limited,historical-outside-range
D09H,1994,1,Limited,historical-outside-range
D09H,1995,1,Limited,historical-outside-range
D09H,1996,1,Limited,historical-outside-range
D09H,1997,1,Limited,historical-outside-range
D09H,1998,1,Limited,historical-outside-range
D09H,1999,1,Limited,historical-outside-range
D09H,2000,1,Limited,historical-outside-range
D09H,2001,1,Limited,historical-outside-range
D09H,2002,1,Limited,historical-outside-range
D09H,2003,1,Limited,historical-outside-range
D09H,2004,1,Limited,historical-outside-range
D09H,2005,1,Limited,historical-outside-range
D09H,2006,1,Limited,historical-outside-range
D09H,2007,1,Limited,historical-outside-range
D09H,2008,1,Limited,historical-outside-range
D09H,2009,1,Limited,historical-outside-range
D09H,2010,1,Limited,historical-outside-range
D09H,2011,1,Limited,historical-outside-range
D09H,2012,1,Limited,historical-outside-range
D09H,2013,1,Limited,historical-outside-range
D09H,2014,1,Limited,historical-outside-range
D09H,2015,1,Limited,historical-outside-range
D09H,2016,1,Limited,historical-outside-range
D09H,2017,1,Limited,historical-outside-range
D09H,2018,1,Limited,historical-outside-range
D09H,2019,1,Limited,historical-outside-range
D09H,2020,1,Limited,historical-outside-range
D09H,2021,1,Limited,historical-outside-range
D09H,2022,1,Limited,historical-outside-range
D09H,2023,1,Limited,historical-outside-range
D09H,2024,1,Limited,historical-outside-range
D09H,2025,1,Limited,historical-outside-range
D09J,1975,0,Open,current
D09J,1976,0,Open,current
D09J,1977,0,Open,current
D09J,1978,0,Open,current
D09J,1979,0,Open,current
D09J,1980,0,Open,current
D09J,1981,0,Open,current
D09J,1982,0,Open,current
D09J,1983,0,Open,current
D09J,1984,0,Open,current
D09J,1985,0,Open,current
D09J,1986,0,Open,current
D09J,1987,0,Open,current
D09J,1988,0,Open,current
D09J,1989,0,Open,current
D09J,1990,0,Open,current
D09J,1991,0,Open,current
D09J,1992,0,Open,historical
D09J,1993,0,Open,historical
D09J,1994,0,Open,historical
D09J,1995,0,Open,historical
D09J,1996,0,Open,current
D09J,1997,0,Open,current
D09J,1998,0,Open,current
D09J,1999,0,Open,current
D09J,2000,0,Open,current
D09J,2001,0,Open,current
D09J,2002,0,Open,current
D09J,2003,0,Open,current
D09J,2004,0,Open,current
D09J,2005,0,Open,current
D09J,2006,0,Open,current
D09J,2007,0,Open,current
D09J,2008,0,Open,current
D09J,2009,0,Open,current
D09J,2010,0,Open,current
D09J,2011,0,Open,current
D09J,2012,0,Open,current
D09J,2013,0,Open,current
D09J,2014,0,Open,current
D09J,2015,0,Open,current
D09J,2016,0,Open,current
D09J,2017,0,Open,current
D09J,2018,0,Open,current
D09J,2019,0,Open,current
D09J,2020,0,Open,current
D09J,2021,0,Open,current
D09J,2022,0,Open,current
D09J,2023,0,Open,current
D09J,2024,0,Open,current
D09J,2025,0,Open,current
D09L,1975,0,Open,current
D09L,1976,0,Open,current
D09L,1977,0,Open,current
D09L,1978,0,Open,current
D09L,1979,0,Open,current
D09L,1980,0,Open,current
D09L,1981,0,Open,current
D09L,1982,0,Open,current
D09L,1983,0,Open,current
D09L,1984,0,Open,current
D09L,1985,0,Open,current
D09L,1986,0,Open,current
D09L,1987,0,Open,current
D09L,1988,0,Open,current
D09L,1989,0,Open,current
D09L,1990,0,Open,current
D09L,1991,0,Open,current
D09L,1992,0,Open,current
D09L,1993,0,Open,current
D09L,1994,0,Open,current
D09L,1995,0,Open,current
D09L,1996,0,Open,current
D09L,1997,0,Open,current
D09L,1998,0,Open,current
D09L,1999,0,Open,current
D09L,2000,0,Open,current
D09L,2001,0,Open,current
D09L,2002,0,Open,historical
D09L,2003,0,Open,historical
D09L,2004,0,Open,historical
D09L,2005,0,Open,historical
D09L,2006,0,Open,historical
D09L,2007,0,Open,historical
D09L,2008,0,Open,historical
D09L,2009,0,Open,historical
D09L,2010,0,Open,historical
D09L,2011,0,Open,historical
D09L,2012,0,Open,historical
D09L,2013,0,Open,historical
D09L,2014,0,Open,historical
D09L,2015,0,Open,historical
D09L,2016,0,Open,historical
D09L,2017,0,Open,historical
D09L,2018,0,Open,historical
D09L,2019,0,Open,historical
D09L,2020,0,Open,historical
D09L,2021,0,Open,historical
D09L,2022,0,Open,current
D09L,2023,0,Open,current
D09L,2024,0,Open,current
D09L,2025,0,Open,current
D09M,1975,0,Open,current
D09M,1976,0,Open,current
D09M,1977,0,Open,current
D09M,1978,0,Open,current
D09M,1979,0,Open,current
D09M,1980,0,Open,current
D09M,1981,0,Open,current
D09M,1982,0,Open,current
D09M,1983,0,Open,current
D09M,1984,0,Open,current
D09M,1985,0,Open,current
D09M,1986,0,Open,current
D09M,1987,0,Open,current
D09M,1988,0,Open,current
D09M,1989,0,Open,current
D09M,1990,0,Open,current
D09M,1991,0,Open,current
D09M,1992,0,Open,historical
D09M,1993,0,Open,historical
D09M,1994,0,Open,historical
D09M,1995,0,Open,historical
D09M,1996,0,Open,current
D09M,1997,0,Open,current
D09M,1998,0,Open,current
D09M,1999,0,Open,current
D09M,2000,0,Open,current
D09M,2001,0,Open,current
D09M,2002,0,Open,current
D09M,2003,0,Open,current
D09M,2004,0,Open,current
D09M,2005,0,Open,current
D09M,2006,0,Open,current
D09M,2007,0,Open,current
D09M,2008,0,Open,current
D09M,2009,0,Open,current
D09M,2010,0,Open,current
D09M,2011,0,Open,current
D09M,2012,0,Open,current
D09M,2013,0,Open,current
D09M,2014,0,Open,current
D09M,2015,0,Open,current
D09M,2016,0,Open,current
D09M,2017,0,Open,current
D09M,2018,0,Open,current
D09M,2019,0,Open,current
D09M,2020,0,Open,current
D09M,2021,0,Open,current
D09M,2022,0,Open,current
D09M,2023,0,Open,current
D09M,2024,0,Open,current
D09M,2025,0,Open,current
D10A,1975,1,Limited,current
D10A,1976,1,Limited,current
D10A,1977,1,Limited,current
D10A,1978,1,Limited,current
D10A,1979,1,Limited,current
D10A,1980,1,Limited,current
D10A,1981,1,Limited,current
D10A,1982,1,Limited,current
D10A,1983,1,Limited,current
D10A,1984,1,Limited,current
D10A,1985,1,Limited,current
D10A,1986,1,Limited,current
D10A,1987,1,Limited,current
D10A,1988,1,Limited,current
D10A,1989,1,Limited,current
D10A,1990,1,Limited,current
D10A,1991,1,Limited,current
D10A,1992,1,Limited,historical
D10A,1993,1,Limited,historical
D10A,1994,1,Limited,historical
D10A,1995,1,Limited,historical
D10A,1996,1,Limited,historical
D10A,1997,1,Limited,historical
D10A,1998,1,Limited,historical
D10A,1999,1,Limited,historical
D10A,2000,1,Limited,historical
D10A,2001,1,Limited,historical
D10A,2002,1,Limited,historical
D10A,2003,1,Limited,historical
D10A,2004,1,Limited,historical
D10A,2005,1,Limited,historical
D10A,2006,1,Limited,historical
D10A,2007,1,Limited,historical
D10A,2008,1,Limited,historical
D10A,2009,1,Limited,historical
D10A,2010,1,Limited,historical
D10A,2011,1,Limited,historical
D10A,2012,1,Limited,historical
D10A,2013,1,Limited,historical
D10A,2014,1,Limited,historical
D10A,2015,1,Limited,historical
D10A,2016,1,Limited,historical
D10A,2017,1,Limited,historical
D10A,2018,1,Limited,historical
D10A,2019,1,Limited,historical
D10A,2020,1,Limited,historical
D10A,2021,1,Limited,historical
D10A,2022,1,Limited,current
D10A,2023,1,Limited,current
D10A,2024,1,Limited,current
D10A,2025,1,Limited,current
D10B,1975,0,Open,historical-outside-range
D10B,1976,0,Open,historical-outside-range
D10B,1977,0,Open,historical-outside-range
D10B,1978,0,Open,historical-outside-range
D10B,1979,0,Open,historical-outside-range
D10B,1980,0,Open,historical-outside-range
D10B,1981,0,Open,historical-outside-range
D10B,1982,0,Open,historical-outside-range
D10B,1983,0,Open,historical-outside-range
D10B,1984,0,Open,historical-outside-range
D10B,1985,0,Open,historical-outside-range
D10B,1986,0,Open,historical-outside-range
D10B,1987,0,Open,historical-outside-range
D10B,1988,0,Open,historical-outside-range
D10B,1989,0,Open,historical-outside-range
D10B,1990,0,Open,historical-outside-range
D10B,1991,0,Open,historical-outside-range
D10B,1992,0,Open,historical-outside-range
D10B,1993,0,Open,historical-outside-range
D10B,1994,0,Open,historical-outside-range
D10B,1995,0,Open,historical-outside-range
D10B,1996,0,Open,historical-outside-range
D10B,1997,0,Open,historical-outside-range
D10B,1998,0,Open,historical-outside-range
D10B,1999,0,Open,historical-outside-range
D10B,2000,0,Open,historical-outside-range
D10B,2001,0,Open,historical-outside-range
D10B,2002,0,Open,historical-outside-range
D10B,2003,0,Open,historical-outside-range
D10B,2004,0,Open,historical-outside-range
D10B,2005,0,Open,historical-outside-range
D10B,2006,0,Open,historical-outside-range
D10B,2007,0,Open,historical-outside-range
D10B,2008,0,Open,historical-outside-range
D10B,2009,0,Open,historical-outside-range
D10B,2010,0,Open,historical-outside-range
D10B,2011,0,Open,historical-outside-range
D10B,2012,0,Open,historical-outside-range
D10B,2013,0,Open,historical-outside-range
D10B,2014,0,Open,historical-outside-range
D10B,2015,0,Open,historical-outside-range
D10B,2016,0,Open,historical-outside-range
D10B,2017,0,Open,historical-outside-range
D10B,2018,0,Open,historical-outside-range
D10B,2019,0,Open,historical-outside-range
D10B,2020,0,Open,historical-outside-range
D10B,2021,0,Open,historical-outside-range
D10B,2022,0,Open,historical-outside-range
D10B,2023,0,Open,historical-outside-range
D10B,2024,0,Open,historical-outside-range
D10B,2025,0,Open,historical-outside-range
D10D,1975,0,Open,current
D10D,1976,0,Open,current
D10D,1977,0,Open,current
D10D,1978,0,Open,current
D10D,1979,0,Open,current
D10D,1980,0,Open,current
D10D,1981,0,Open,current
D10D,1982,0,Open,current
D10D,1983,0,Open,current
D10D,1984,0,Open,current
D10D,1985,0,Open,current
D10D,1986,0,Open,current
D10D,1987,0,Open,current
D10D,1988,0,Open,current
D10D,1989,0,Open,current
D10D,1990,0,Open,current
D10D,1991,0,Open,current
D10D,1992,0,Open,current
D10D,1993,0,Open,current
D10D,1994,0,Open,historical
D10D,1995,0,Open,historical
D10D,1996,0,Open,historical
D10D,1997,0,Open,historical
D10D,1998,0,Open,historical
D10D,1999,0,Open,historical
D10D,2000,0,Open,historical
D10D,2001,0,Open,historical
D10D,2002,0,Open,historical
D10D,2003,0,Open,historical
D10D,2004,0,Open,historical
D10D,2005,0,Open,historical
D10D,2006,0,Open,historical
D10D,2007,0,Open,historical
D10D,2008,0,Open,historical
D10D,2009,0,Open,historical
D10D,2010,0,Open,historical
D10D,2011,0,Open,historical
D10D,2012,0,Open,historical
D10D,2013,0,Open,historical
D10D,2014,0,Open,historical
D10D,2015,0,Open,historical
D10D,2016,0,Open,historical
D10D,2017,0,Open,historical
D10D,2018,0,Open,historical
D10D,2019,0,Open,historical
D10D,2020,0,Open,historical
D10D,2021,0,Open,historical
D10D,2022,0,Open,current
D10D,2023,0,Open,current
D10D,2024,0,Open,current
D10D,2025,0,Open,current
D10H,1975,1,Limited,current
D10H,1976,1,Limited,current
D10H,1977,1,Limited,current
D10H,1978,1,Limited,current
D10H,1979,1,Limited,current
D10H,1980,1,Limited,current
D10H,1981,1,Limited,current
D10H,1982,1,Limited,current
D10H,1983,1,Limited,current
D10H,1984,1,Limited,current
D10H,1985,1,Limited,current
D10H,1986,1,Limited,current
D10H,1987,1,Limited,current
D10H,1988,1,Limited,current
D10H,1989,1,Limited,current
D10H,1990,1,Limited,current
D10H,1991,1,Limited,current
D10H,1992,1,Limited,current
D10H,1993,1,Limited,current
D10H,1994,1,Limited,current
D10H,1995,1,Limited,current
D10H,1996,1,Limited,current
D10H,1997,1,Limited,historical
D10H,1998,1,Limited,historical
D10H,1999,1,Limited,historical
D10H,2000,1,Limited,historical
D10H,2001,1,Limited,historical
D10H,2002,1,Limited,historical
D10H,2003,1,Limited,historical
D10H,2004,1,Limited,historical
D10H,2005,1,Limited,historical
D10H,2006,1,Limited,historical
D10H,2007,1,Limited,historical
D10H,2008,1,Limited,historical
D10H,2009,1,Limited,historical
D10H,2010,1,Limited,historical
D10H,2011,1,Limited,historical
D10H,2012,1,Limited,historical
D10H,2013,1,Limited,historical
D10H,2014,1,Limited,historical
D10H,2015,1,Limited,historical
D10H,2016,1,Limited,historical
D10H,2017,1,Limited,historical
D10H,2018,1,Limited,historical
D10H,2019,1,Limited,historical
D10H,2020,1,Limited,historical
D10H,2021,1,Limited,historical
D10H,2022,1,Limited,current
D10H,2023,1,Limited,current
D10H,2024,1,Limited,current
D10H,2025,1,Limited,current
D10J,1975,0,Open,historical-outside-range
D10J,1976,0,Open,historical-outside-range
D10J,1977,0,Open,historical-outside-range
D10J,1978,0,Open,historical-outside-range
D10J,1979,0,Open,historical-outside-range
D10J,1980,0,Open,historical-outside-range
D10J,1981,0,Open,historical-outside-range
D10J,1982,0,Open,historical-outside-range
D10J,1983,0,Open,historical-outside-range
D10J,1984,0,Open,historical-outside-range
D10J,1985,0,Open,historical-outside-range
D10J,1986,0,Open,historical-outside-range
D10J,1987,0,Open,historical-outside-range
D10J,1988,0,Open,historical-outside-range
D10J,1989,0,Open,historical-outside-range
D10J,1990,0,Open,historical-outside-range
D10J,1991,0,Open,historical-outside-range
D10J,1992,0,Open,historical-outside-range
D10J,1993,0,Open,historical-outside-range
D10J,1994,0,Open,historical-outside-range
D10J,1995,0,Open,historical-outside-range
D10J,1996,0,Open,historical-outside-range
D10J,1997,0,Open,historical-outside-range
D10J,1998,0,Open,historical-outside-range
D10J,1999,0,Open,historical-outside-range
D10J,2000,0,Open,historical-outside-range
D10J,2001,0,Open,historical-outside-range
D10J,2002,0,Open,historical-outside-range
D10J,2003,0,Open,historical-outside-range
D10J,2004,0,Open,historical-outside-range
D10J,2005,0,Open,historical-outside-range
D10J,2006,0,Open,historical-outside-range
D10J,2007,0,Open,historical-outside-range
D10J,2008,0,Open,historical-outside-range
D10J,2009,0,Open,historical-outside-range
D10J,2010,0,Open,historical-outside-range
D10J,2011,0,Open,historical-outside-range
D10J,2012,0,Open,historical-outside-range
D10J,2013,0,Open,historical-outside-range
D10J,2014,0,Open,historical-outside-range
D10J,2015,0,Open,historical-outside-range
D10J,2016,0,Open,historical-outside-range
D10J,2017,0,Open,historical-outside-range
D10J,2018,0,Open,historical-outside-range
D10J,2019,0,Open,historical-outside-range
D10J,2020,0,Open,historical-outside-range
D10J,2021,0,Open,historical-outside-range
D10J,2022,0,Open,historical-outside-range
D10J,2023,0,Open,historical-outside-range
D10J,2024,0,Open,historical-outside-range
D10J,2025,0,Open,historical-outside-range
D11A,1975,1,Limited,current
D11A,1976,1,Limited,current
D11A,1977,1,Limited,current
D11A,1978,1,Limited,current
D11A,1979,1,Limited,current
D11A,1980,1,Limited,current
D11A,1981,1,Limited,current
D11A,1982,1,Limited,current
D11A,1983,1,Limited,current
D11A,1984,1,Limited,current
D11A,1985,1,Limited,current
D11A,1986,1,Limited,current
D11A,1987,1,Limited,current
D11A,1988,1,Limited,current
D11A,1989,1,Limited,current
D11A,1990,1,Limited,current
D11A,1991,1,Limited,current
D11A,1992,1,Limited,current
D11A,1993,1,Limited,current
D11A,1994,1,Limited,historical
D11A,1995,1,Limited,historical
D11A,1996,1,Limited,historical
D11A,1997,1,Limited,historical
D11A,1998,1,Limited,historical
D11A,1999,1,Limited,historical
D11A,2000,1,Limited,historical
D11A,2001,1,Limited,historical
D11A,2002,1,Limited,historical
D11A,2003,1,Limited,historical
D11A,2004,1,Limited,historical
D11A,2005,1,Limited,historical
D11A,2006,1,Limited,historical
D11A,2007,1,Limited,historical
D11A,2008,1,Limited,historical
D11A,2009,1,Limited,historical
D11A,2010,1,Limited,historical
D11A,2011,1,Limited,historical
D11A,2012,1,Limited,historical
D11A,2013,1,Limited,historical
D11A,2014,1,Limited,historical
D11A,2015,1,Limited,historical
D11A,2016,1,Limited,historical
D11A,2017,1,Limited,historical
D11A,2018,1,Limited,historical
D11A,2019,1,Limited,historical
D11A,2020,1,Limited,historical
D11A,2021,1,Limited,historical
D11A,2022,1,Limited,current
D11A,2023,1,Limited,current
D11A,2024,1,Limited,current
D11A,2025,1,Limited,current
D12A,1975,1,Limited,historical-outside-range
D12A,1976,1,Limited,historical-outside-range
D12A,1977,1,Limited,historical-outside-range
D12A,1978,1,Limited,historical-outside-range
D12A,1979,1,Limited,historical-outside-range
D12A,1980,1,Limited,historical-outside-range
D12A,1981,1,Limited,historical-outside-range
D12A,1982,1,Limited,historical-outside-range
D12A,1983,1,Limited,historical-outside-range
D12A,1984,1,Limited,historical-outside-range
D12A,1985,1,Limited,historical-outside-range
D12A,1986,1,Limited,historical-outside-range
D12A,1987,1,Limited,historical-outside-range
D12A,1988,1,Limited,historical-outside-range
D12A,1989,1,Limited,historical-outside-range
D12A,1990,1,Limited,historical-outside-range
D12A,1991,1,Limited,historical-outside-range
D12A,1992,1,Limited,historical-outside-range
D12A,1993,1,Limited,historical-outside-range
D12A,1994,1,Limited,historical-outside-range
D12A,1995,1,Limited,historical-outside-range
D12A,1996,1,Limited,historical-outside-range
D12A,1997,1,Limited,historical-outside-range
D12A,1998,1,Limited,historical-outside-range
D12A,1999,1,Limited,historical-outside-range
D12A,2000,1,Limited,historical-outside-range
D12A,2001,1,Limited,historical-outside-range
D12A,2002,1,Limited,historical-outside-range
D12A,2003,1,Limited,historical-outside-range
D12A,2004,1,Limited,historical-outside-range
D12A,2005,1,Limited,historical-outside-range
D12A,2006,1,Limited,historical-outside-range
D12A,2007,1,Limited,historical-outside-range
D12A,2008,1,Limited,historical-outside-range
D12A,2009,1,Limited,historical-outside-range
D12A,2010,1,Limited,historical-outside-range
D12A,2011,1,Limited,historical-outside-range
D12A,2012,1,Limited,historical-outside-range
D12A,2013,1,Limited,historical-outside-range
D12A,2014,1,Limited,historical-outside-range
D12A,2015,1,Limited,historical-outside-range
D12A,2016,1,Limited,historical-outside-range
D12A,2017,1,Limited,historical-outside-range
D12A,2018,1,Limited,historical-outside-range
D12A,2019,1,Limited,historical-outside-range
D12A,2020,1,Limited,historical-outside-range
D12A,2021,1,Limited,historical-outside-range
D12A,2022,1,Limited,historical-outside-range
D12A,2023,1,Limited,historical-outside-range
D12A,2024,1,Limited,historical-outside-range
D12A,2025,1,Limited,historical-outside-range
D12B,1975,0,Open,historical-outside-range
D12B,1976,0,Open,historical-outside-range
D12B,1977,0,Open,historical-outside-range
D12B,1978,0,Open,historical-outside-range
D12B,1979,0,Open,historical-outside-range
D12B,1980,0,Open,historical-outside-range
D12B,1981,0,Open,historical-outside-range
D12B,1982,0,Open,historical-outside-range
D12B,1983,0,Open,historical
D12B,1984,0,Open,historical
D12B,1985,0,Open,historical
D12B,1986,0,Open,historical
D12B,1987,0,Open,historical
D12B,1988,0,Open,historical
D12B,1989,0,Open,historical
D12B,1990,0,Open,historical
D12B,1991,0,Open,historical
D12B,1992,0,Open,historical-outside-range
D12B,1993,0,Open,historical-outside-range
D12B,1994,0,Open,historical-outside-range
D12B,1995,0,Open,historical-outside-range
D12B,1996,0,Open,historical-outside-range
D12B,1997,0,Open,historical-outside-range
D12B,1998,0,Open,historical-outside-range
D12B,1999,0,Open,historical-outside-range
D12B,2000,0,Open,historical-outside-range
D12B,2001,0,Open,historical-outside-range
D12B,2002,0,Open,historical-outside-range
D12B,2003,0,Open,historical-outside-range
D12B,2004,0,Open,historical-outside-range
D12B,2005,0,Open,historical-outside-range
D12B,2006,0,Open,historical-outside-range
D12B,2007,0,Open,historical-outside-range
D12B,2008,0,Open,historical-outside-range
D12B,2009,0,Open,historical-outside-range
D12B,2010,0,Open,historical-outside-range
D12B,2011,0,Open,historical-outside-range
D12B,2012,0,Open,historical-outside-range
D12B,2013,0,Open,historical-outside-range
D12B,2014,0,Open,historical-outside-range
D12B,2015,0,Open,historical-outside-range
D12B,2016,0,Open,historical-outside-range
D12B,2017,0,Open,historical-outside-range
D12B,2018,0,Open,historical-outside-range
D12B,2019,0,Open,historical-outside-range
D12B,2020,0,Open,historical-outside-range
D12B,2021,0,Open,historical-outside-range
D12B,2022,0,Open,historical-outside-range
D12B,2023,0,Open,historical-outside-range
D12B,2024,0,Open,historical-outside-range
D12B,2025,0,Open,historical-outside-range
D12E,1975,0,Open,historical-outside-range
D12E,1976,0,Open,historical-outside-range
D12E,1977,0,Open,historical-outside-range
D12E,1978,0,Open,historical-outside-range
D12E,1979,0,Open,historical-outside-range
D12E,1980,0,Open,historical-outside-range
D12E,1981,0,Open,historical-outside-range
D12E,1982,0,Open,historical-outside-range
D12E,1983,0,Open,historical-outside-range
D12E,1984,0,Open,historical-outside-range
D12E,1985,0,Open,historical-outside-range
D12E,1986,0,Open,historical-outside-range
D12E,1987,0,Open,historical-outside-range
D12E,1988,0,Open,historical-outside-range
D12E,1989,0,Open,historical-outside-range
D12E,1990,0,Open,historical-outside-range
D12E,1991,0,Open,historical-outside-range
D12E,1992,0,Open,historical-outside-range
D12E,1993,0,Open,historical-outside-range
D12E,1994,0,Open,historical-outside-range
D12E,1995,0,Open,historical-outside-range
D12E,1996,0,Open,historical-outside-range
D12E,1997,0,Open,historical-outside-range
D12E,1998,0,Open,historical-outside-range
D12E,1999,0,Open,historical-outside-range
D12E,2000,0,Open,historical-outside-range
D12E,2001,0,Open,historical-outside-range
D12E,2002,0,Open,historical-outside-range
D12E,2003,0,Open,historical-outside-range
D12E,2004,0,Open,historical-outside-range
D12E,2005,0,Open,historical-outside-range
D12E,2006,0,Open,historical-outside-range
D12E,2007,0,Open,historical-outside-range
D12E,2008,0,Open,historical-outside-range
D12E,2009,0,Open,historical-outside-range
D12E,2010,0,Open,historical-outside-range
D12E,2011,0,Open,historical-outside-range
D12E,2012,0,Open,historical-outside-range
D12E,2013,0,Open,historical-outside-range
D12E,2014,0,Open,historical-outside-range
D12E,2015,0,Open,historical-outside-range
D12E,2016,0,Open,historical-outside-range
D12E,2017,0,Open,historical-outside-range
D12E,2018,0,Open,historical-outside-range
D12E,2019,0,Open,historical-outside-range
D12E,2020,0,Open,historical-outside-range
D12E,2021,0,Open,historical-outside-range
D12E,2022,0,Open,historical-outside-range
D12E,2023,0,Open,historical-outside-range
D12E,2024,0,Open,historical-outside-range
D12E,2025,0,Open,historical-outside-range
D91A,1975,1,Limited,historical-outside-range
D91A,1976,1,Limited,historical-outside-range
D91A,1977,1,Limited,historical-outside-range
D91A,1978,1,Limited,historical-outside-range
D91A,1979,1,Limited,historical-outside-range
D91A,1980,1,Limited,historical-outside-range
D91A,1981,1,Limited,historical-outside-range
D91A,1982,1,Limited,historical-outside-range
D91A,1983,1,Limited,historical-outside-range
D91A,1984,1,Limited,historical-outside-range
D91A,1985,1,Limited,historical-outside-range
D91A,1986,1,Limited,historical-outside-range
D91A,1987,1,Limited,historical-outside-range
D91A,1988,1,Limited,historical-outside-range
D91A,1989,1,Limited,historical-outside-range
D91A,1990,1,Limited,historical-outside-range
D91A,1991,1,Limited,historical-outside-range
D91A,1992,1,Limited,historical
D91A,1993,1,Limited,historical
D91A,1994,1,Limited,historical
D91A,1995,1,Limited,historical
D91A,1996,1,Limited,historical-outside-range
D91A,1997,1,Limited,historical-outside-range
D91A,1998,1,Limited,historical-outside-range
D91A,1999,1,Limited,historical-outside-range
D91A,2000,1,Limited,historical-outside-range
D91A,2001,1,Limited,historical-outside-range
D91A,2002,1,Limited,historical-outside-range
D91A,2003,1,Limited,historical-outside-range
D91A,2004,1,Limited,historical-outside-range
D91A,2005,1,Limited,historical-outside-range
D91A,2006,1,Limited,historical-outside-range
D91A,2007,1,Limited,historical-outside-range
D91A,2008,1,Limited,historical-outside-range
D91A,2009,1,Limited,historical-outside-range
D91A,2010,1,Limited,historical-outside-range
D91A,2011,1,Limited,historical-outside-range
D91A,2012,1,Limited,historical-outside-range
D91A,2013,1,Limited,historical-outside-range
D91A,2014,1,Limited,historical-outside-range
D91A,2015,1,Limited,historical-outside-range
D91A,2016,1,Limited,historical-outside-range
D91A,2017,1,Limited,historical-outside-range
D91A,2018,1,Limited,historical-outside-range
D91A,2019,1,Limited,historical-outside-range
D91A,2020,1,Limited,historical-outside-range
D91A,2021,1,Limited,historical-outside-range
D91A,2022,1,Limited,historical-outside-range
D91A,2023,1,Limited,historical-outside-range
D91A,2024,1,Limited,historical-outside-range
D91A,2025,1,Limited,historical-outside-range
D91B,1975,0,Open,historical
D91B,1976,0,Open,historical
D91B,1977,0,Open,historical
D91B,1978,0,Open,historical
D91B,1979,0,Open,historical
D91B,1980,0,Open,historical
D91B,1981,0,Open,historical
D91B,1982,0,Open,historical
D91B,1983,0,Open,historical
D91B,1984,0,Open,historical
D91B,1985,0,Open,historical
D91B,1986,0,Open,historical
D91B,1987,0,Open,historical
D91B,1988,0,Open,historical
D91B,1989,0,Open,historical
D91B,1990,0,Open,historical
D91B,1991,0,Open,historical
D91B,1992,0,Open,historical-outside-range
D91B,1993,0,Open,historical-outside-range
D91B,1994,0,Open,historical-outside-range
D91B,1995,0,Open,historical-outside-range
D91B,1996,0,Open,historical-outside-range
D91B,1997,0,Open,historical-outside-range
D91B,1998,0,Open,historical-outside-range
D91B,1999,0,Open,historical-outside-range
D91B,2000,0,Open,historical-outside-range
D91B,2001,0,Open,historical-outside-range
D91B,2002,0,Open,historical-outside-range
D91B,2003,0,Open,historical-outside-range
D91B,2004,0,Open,historical-outside-range
D91B,2005,0,Open,historical-outside-range
D91B,2006,0,Open,historical-outside-range
D91B,2007,0,Open,historical-outside-range
D91B,2008,0,Open,historical-outside-range
D91B,2009,0,Open,historical-outside-range
D91B,2010,0,Open,historical-outside-range
D91B,2011,0,Open,historical-outside-range
D91B,2012,0,Open,historical-outside-range
D91B,2013,0,Open,historical-outside-range
D91B,2014,0,Open,historical-outside-range
D91B,2015,0,Open,historical-outside-range
D91B,2016,0,Open,historical-outside-range
D91B,2017,0,Open,historical-outside-range
D91B,2018,0,Open,historical-outside-range
D91B,2019,0,Open,historical-outside-range
D91B,2020,0,Open,historical-outside-range
D91B,2021,0,Open,historical-outside-range
D91B,2022,0,Open,historical-outside-range
D91B,2023,0,Open,historical-outside-range
D91B,2024,0,Open,historical-outside-range
D91B,2025,0,Open,historical-outside-range
D91D,1975,0,Open,current
D91D,1976,0,Open,current
D91D,1977,0,Open,current
D91D,1978,0,Open,current
D91D,1979,0,Open,current
D91D,1980,0,Open,current
D91D,1981,0,Open,current
D91D,1982,0,Open,current
D91D,1983,0,Open,current
D91D,1984,0,Open,current
D91D,1985,0,Open,current
D91D,1986,0,Open,current
D91D,1987,0,Open,current
D91D,1988,0,Open,current
D91D,1989,0,Open,current
D91D,1990,0,Open,current
D91D,1991,0,Open,current
D91D,1992,0,Open,historical
D91D,1993,0,Open,historical
D91D,1994,0,Open,historical
D91D,1995,0,Open,historical
D91D,1996,0,Open,current
D91D,1997,0,Open,current
D91D,1998,0,Open,current
D91D,1999,0,Open,current
D91D,2000,0,Open,current
D91D,2001,0,Open,current
D91D,2002,0,Open,current
D91D,2003,0,Open,current
D91D,2004,0,Open,current
D91D,2005,0,Open,current
D91D,2006,0,Open,current
D91D,2007,0,Open,current
D91D,2008,0,Open,current
D91D,2009,0,Open,current
D91D,2010,0,Open,current
D91D,2011,0,Open,current
D91D,2012,0,Open,current
D91D,2013,0,Open,current
D91D,2014,0,Open,current
D91D,2015,0,Open,current
D91D,2016,0,Open,current
D91D,2017,0,Open,current
D91D,2018,0,Open,current
D91D,2019,0,Open,current
D91D,2020,0,Open,current
D91D,2021,0,Open,current
D91D,2022,0,Open,current
D91D,2023,0,Open,current
D91D,2024,0,Open,current
D91D,2025,0,Open,current
D91E,1975,0,Open,current
D91E,1976,0,Open,current
D91E,1977,0,Open,current
D91E,1978,0,Open,current
D91E,1979,0,Open,current
D91E,1980,0,Open,current
D91E,1981,0,Open,historical
D91E,1982,0,Open,historical
D91E,1983,0,Open,historical
D91E,1984,0,Open,historical
D91E,1985,0,Open,historical
D91E,1986,0,Open,historical
D91E,1987,0,Open,historical
D91E,1988,0,Open,historical
D91E,1989,0,Open,historical
D91E,1990,0,Open,historical
D91E,1991,0,Open,historical
D91E,1992,0,Open,historical
D91E,1993,0,Open,historical
D91E,1994,0,Open,historical
D91E,1995,0,Open,historical
D91E,1996,0,Open,current
D91E,1997,0,Open,current
D91E,1998,0,Open,current
D91E,1999,0,Open,current
D91E,2000,0,Open,current
D91E,2001,0,Open,current
D91E,2002,0,Open,current
D91E,2003,0,Open,current
D91E,2004,0,Open,current
D91E,2005,0,Open,current
D91E,2006,0,Open,current
D91E,2007,0,Open,current
D91E,2008,0,Open,current
D91E,2009,0,Open,current
D91E,2010,0,Open,current
D91E,2011,0,Open,current
D91E,2012,0,Open,current
D91E,2013,0,Open,current
D91E,2014,0,Open,current
D91E,2015,0,Open,current
D91E,2016,0,Open,current
D91E,2017,0,Open,current
D91E,2018,0,Open,current
D91E,2019,0,Open,current
D91E,2020,0,Open,current
D91E,2021,0,Open,current
D91E,2022,0,Open,current
D91E,2023,0,Open,current
D91E,2024,0,Open,current
D91E,2025,0,Open,current
D91H,1975,1,Limited,current
D91H,1976,1,Limited,current
D91H,1977,1,Limited,current
D91H,1978,1,Limited,current
D91H,1979,1,Limited,current
D91H,1980,1,Limited,current
D91H,1981,1,Limited,current
D91H,1982,1,Limited,current
D91H,1983,1,Limited,current
D91H,1984,1,Limited,current
D91H,1985,1,Limited,current
D91H,1986,1,Limited,current
D91H,1987,1,Limited,current
D91H,1988,1,Limited,current
D91H,1989,1,Limited,current
D91H,1990,1,Limited,current
D91H,1991,1,Limited,current
D91H,1992,1,Limited,historical
D91H,1993,1,Limited,historical
D91H,1994,1,Limited,historical
D91H,1995,1,Limited,historical
D91H,1996,1,Limited,current
D91H,1997,1,Limited,current
D91H,1998,1,Limited,current
D91H,1999,1,Limited,current
D91H,2000,1,Limited,current
D91H,2001,1,Limited,current
D91H,2002,1,Limited,current
D91H,2003,1,Limited,current
D91H,2004,1,Limited,current
D91H,2005,1,Limited,current
D91H,2006,1,Limited,current
D91H,2007,1,Limited,current
D91H,2008,1,Limited,current
D91H,2009,1,Limited,current
D91H,2010,1,Limited,current
D91H,2011,1,Limited,current
D91H,2012,1,Limited,current
D91H,2013,1,Limited,current
D91H,2014,1,Limited,current
D91H,2015,1,Limited,current
D91H,2016,1,Limited,current
D91H,2017,1,Limited,current
D91H,2018,1,Limited,current
D91H,2019,1,Limited,current
D91H,2020,1,Limited,current
D91H,2021,1,Limited,current
D91H,2022,1,Limited,current
D91H,2023,1,Limited,current
D91H,2024,1,Limited,current
D91H,2025,1,Limited,current
D91J,1975,0,Open,current
D91J,1976,0,Open,current
D91J,1977,0,Open,current
D91J,1978,0,Open,current
D91J,1979,0,Open,current
D91J,1980,0,Open,current
D91J,1981,0,Open,current
D91J,1982,0,Open,current
D91J,1983,0,Open,current
D91J,1984,0,Open,current
D91J,1985,0,Open,current
D91J,1986,0,Open,current
D91J,1987,0,Open,current
D91J,1988,0,Open,current
D91J,1989,0,Open,current
D91J,1990,0,Open,current
D91J,1991,0,Open,current
D91J,1992,0,Open,historical
D91J,1993,0,Open,historical
D91J,1994,0,Open,historical
D91J,1995,0,Open,historical
D91J,1996,0,Open,current
D91J,1997,0,Open,current
D91J,1998,0,Open,current
D91J,1999,0,Open,current
D91J,2000,0,Open,current
D91J,2001,0,Open,current
D91J,2002,0,Open,current
D91J,2003,0,Open,current
D91J,2004,0,Open,current
D91J,2005,0,Open,current
D91J,2006,0,Open,current
D91J,2007,0,Open,current
D91J,2008,0,Open,current
D91J,2009,0,Open,current
D91J,2010,0,Open,current
D91J,2011,0,Open,current
D91J,2012,0,Open,current
D91J,2013,0,Open,current
D91J,2014,0,Open,current
D91J,2015,0,Open,current
D91J,2016,0,Open,current
D91J,2017,0,Open,current
D91J,2018,0,Open,current
D91J,2019,0,Open,current
D91J,2020,0,Open,current
D91J,2021,0,Open,current
D91J,2022,0,Open,current
D91J,2023,0,Open,current
D91J,2024,0,Open,current
D91J,2025,0,Open,current
D91L,1975,0,Open,current
D91L,1976,0,Open,current
D91L,1977,0,Open,current
D91L,1978,0,Open,current
D91L,1979,0,Open,current
D91L,1980,0,Open,current
D91L,1981,0,Open,current
D91L,1982,0,Open,current
D91L,1983,0,Open,current
D91L,1984,0,Open,current
D91L,1985,0,Open,current
D91L,1986,0,Open,current
D91L,1987,0,Open,current
D91L,1988,0,Open,current
D91L,1989,0,Open,current
D91L,1990,0,Open,current
D91L,1991,0,Open,current
D91L,1992,0,Open,current
D91L,1993,0,Open,current
D91L,1994,0,Open,current
D91L,1995,0,Open,current
D91L,1996,0,Open,current
D91L,1997,0,Open,current
D91L,1998,0,Open,current
D91L,1999,0,Open,current
D91L,2000,0,Open,current
D91L,2001,0,Open,current
D91L,2002,0,Open,historical
D91L,2003,0,Open,historical
D91L,2004,0,Open,historical
D91L,2005,0,Open,historical
D91L,2006,0,Open,historical
D91L,2007,0,Open,historical
D91L,2008,0,Open,historical
D91L,2009,0,Open,historical
D91L,2010,0,Open,historical
D91L,2011,0,Open,historical
D91L,2012,0,Open,historical
D91L,2013,0,Open,historical
D91L,2014,0,Open,historical
D91L,2015,0,Open,historical
D91L,2016,0,Open,historical
D91L,2017,0,Open,historical
D91L,2018,0,Open,historical
D91L,2019,0,Open,historical
D91L,2020,0,Open,historical
D91L,2021,0,Open,historical
D91L,2022,0,Open,current
D91L,2023,0,Open,current
D91L,2024,0,Open,current
D91L,2025,0,Open,current
D91M,1975,0,Open,current
D91M,1976,0,Open,current
D91M,1977,0,Open,current
D91M,1978,0,Open,current
D91M,1979,0,Open,current
D91M,1980,0,Open,current
D91M,1981,0,Open,current
D91M,1982,0,Open,current
D91M,1983,0,Open,current
D91M,1984,0,Open,current
D91M,1985,0,Open,current
D91M,1986,0,Open,current
D91M,1987,0,Open,current
D91M,1988,0,Open,current
D91M,1989,0,Open,current
D91M,1990,0,Open,current
D91M,1991,0,Open,current
D91M,1992,0,Open,historical
D91M,1993,0,Open,historical
D91M,1994,0,Open,historical
D91M,1995,0,Open,historical
D91M,1996,0,Open,current
D91M,1997,0,Open,current
D91M,1998,0,Open,current
D91M,1999,0,Open,current
D91M,2000,0,Open,current
D91M,2001,0,Open,current
D91M,2002,0,Open,current
D91M,2003,0,Open,current
D91M,2004,0,Open,current
D91M,2005,0,Open,current
D91M,2006,0,Open,current
D91M,2007,0,Open,current
D91M,2008,0,Open,current
D91M,2009,0,Open,current
D91M,2010,0,Open,current
D91M,2011,0,Open,current
D91M,2012,0,Open,current
D91M,2013,0,Open,current
D91M,2014,0,Open,current
D91M,2015,0,Open,current
D91M,2016,0,Open,current
D91M,2017,0,Open,current
D91M,2018,0,Open,current
D91M,2019,0,Open,current
D91M,2020,0,Open,current
D91M,2021,0,Open,current
D91M,2022,0,Open,current
D91M,2023,0,Open,current
D91M,2024,0,Open,current
D91M,2025,0,Open,current
D99B,1975,0,Open,historical
D99B,1976,0,Open,historical
D99B,1977,0,Open,historical
D99B,1978,0,Open,historical
D99B,1979,0,Open,historical
D99B,1980,0,Open,historical
D99B,1981,0,Open,historical
D99B,1982,0,Open,historical
D99B,1983,0,Open,historical
D99B,1984,0,Open,historical
D99B,1985,0,Open,historical
D99B,1986,0,Open,historical
D99B,1987,0,Open,historical
D99B,1988,0,Open,historical
D99B,1989,0,Open,historical
D99B,1990,0,Open,historical
D99B,1991,0,Open,historical-outside-range
D99B,1992,0,Open,historical-outside-range
D99B,1993,0,Open,historical-outside-range
D99B,1994,0,Open,historical-outside-range
D99B,1995,0,Open,historical-outside-range
D99B,1996,0,Open,historical-outside-range
D99B,1997,0,Open,historical-outside-range
D99B,1998,0,Open,historical-outside-range
D99B,1999,0,Open,historical-outside-range
D99B,2000,0,Open,historical-outside-range
D99B,2001,0,Open,historical-outside-range
D99B,2002,0,Open,historical-outside-range
D99B,2003,0,Open,historical-outside-range
D99B,2004,0,Open,historical-outside-range
D99B,2005,0,Open,historical-outside-range
D99B,2006,0,Open,historical-outside-range
D99B,2007,0,Open,historical-outside-range
D99B,2008,0,Open,historical-outside-range
D99B,2009,0,Open,historical-outside-range
D99B,2010,0,Open,historical-outside-range
D99B,2011,0,Open,historical-outside-range
D99B,2012,0,Open,historical-outside-range
D99B,2013,0,Open,historical-outside-range
D99B,2014,0,Open,historical-outside-range
D99B,2015,0,Open,historical-outside-range
D99B,2016,0,Open,historical-outside-range
D99B,2017,0,Open,historical-outside-range
D99B,2018,0,Open,historical-outside-range
D99B,2019,0,Open,historical-outside-range
D99B,2020,0,Open,historical-outside-range
D99B,2021,0,Open,historical-outside-range
D99B,2022,0,Open,historical-outside-range
D99B,2023,0,Open,historical-outside-range
D99B,2024,0,Open,historical-outside-range
D99B,2025,0,Open,historical-outside-range
D9AA,1975,1,Limited,current
D9AA,1976,1,Limited,current
D9AA,1977,1,Limited,current
D9AA,1978,1,Limited,current
D9AA,1979,1,Limited,current
D9AA,1980,1,Limited,current
D9AA,1981,1,Limited,current
D9AA,1982,1,Limited,current
D9AA,1983,1,Limited,current
D9AA,1984,1,Limited,current
D9AA,1985,1,Limited,current
D9AA,1986,1,Limited,current
D9AA,1987,1,Limited,current
D9AA,1988,1,Limited,current
D9AA,1989,1,Limited,current
D9AA,1990,1,Limited,current
D9AA,1991,1,Limited,current
D9AA,1992,1,Limited,current
D9AA,1993,1,Limited,current
D9AA,1994,1,Limited,current
D9AA,1995,1,Limited,current
D9AA,1996,1,Limited,current
D9AA,1997,1,Limited,historical
D9AA,1998,1,Limited,historical
D9AA,1999,1,Limited,historical
D9AA,2000,1,Limited,historical
D9AA,2001,1,Limited,historical
D9AA,2002,1,Limited,historical
D9AA,2003,1,Limited,historical
D9AA,2004,1,Limited,historical
D9AA,2005,1,Limited,historical
D9AA,2006,1,Limited,historical
D9AA,2007,1,Limited,historical
D9AA,2008,1,Limited,historical
D9AA,2009,1,Limited,historical
D9AA,2010,1,Limited,historical
D9AA,2011,1,Limited,historical
D9AA,2012,1,Limited,historical
D9AA,2013,1,Limited,historical
D9AA,2014,1,Limited,historical
D9AA,2015,1,Limited,historical
D9AA,2016,1,Limited,historical
D9AA,2017,1,Limited,historical
D9AA,2018,1,Limited,historical
D9AA,2019,1,Limited,historical
D9AA,2020,1,Limited,historical
D9AA,2021,1,Limited,historical
D9AA,2022,1,Limited,current
D9AA,2023,1,Limited,current
D9AA,2024,1,Limited,current
D9AA,2025,1,Limited,current
D9BA,1975,1,Limited,current
D9BA,1976,1,Limited,current
D9BA,1977,1,Limited,current
D9BA,1978,1,Limited,current
D9BA,1979,1,Limited,current
D9BA,1980,1,Limited,current
D9BA,1981,1,Limited,current
D9BA,1982,1,Limited,current
D9BA,1983,1,Limited,current
D9BA,1984,1,Limited,current
D9BA,1985,1,Limited,current
D9BA,1986,1,Limited,current
D9BA,1987,1,Limited,current
D9BA,1988,1,Limited,current
D9BA,1989,1,Limited,current
D9BA,1990,1,Limited,current
D9BA,1991,1,Limited,current
D9BA,1992,1,Limited,current
D9BA,1993,1,Limited,current
D9BA,1994,1,Limited,current
D9BA,1995,1,Limited,current
D9BA,1996,1,Limited,current
D9BA,1997,1,Limited,historical
D9BA,1998,1,Limited,historical
D9BA,1999,1,Limited,historical
D9BA,2000,1,Limited,historical
D9BA,2001,1,Limited,historical
D9BA,2002,1,Limited,historical
D9BA,2003,1,Limited,historical
D9BA,2004,1,Limited,historical
D9BA,2005,1,Limited,historical
D9BA,2006,1,Limited,historical
D9BA,2007,1,Limited,historical
D9BA,2008,1,Limited,historical
D9BA,2009,1,Limited,historical
D9BA,2010,1,Limited,historical
D9BA,2011,1,Limited,historical
D9BA,2012,1,Limited,historical
D9BA,2013,1,Limited,historical
D9BA,2014,1,Limited,historical
D9BA,2015,1,Limited,historical
D9BA,2016,1,Limited,historical
D9BA,2017,1,Limited,historical
D9BA,2018,1,Limited,historical
D9BA,2019,1,Limited,historical
D9BA,2020,1,Limited,historical
D9BA,2021,1,Limited,historical
D9BA,2022,1,Limited,current
D9BA,2023,1,Limited,current
D9BA,2024,1,Limited,current
D9BA,2025,1,Limited,current
D9CA,1975,1,Limited,current
D9CA,1976,1,Limited,current
D9CA,1977,1,Limited,current
D9CA,1978,1,Limited,current
D9CA,1979,1,Limited,current
D9CA,1980,1,Limited,current
D9CA,1981,1,Limited,current
D9CA,1982,1,Limited,current
D9CA,1983,1,Limited,current
D9CA,1984,1,Limited,current
D9CA,1985,1,Limited,current
D9CA,1986,1,Limited,current
D9CA,1987,1,Limited,current
D9CA,1988,1,Limited,current
D9CA,1989,1,Limited,current
D9CA,1990,1,Limited,current
D9CA,1991,1,Limited,current
D9CA,1992,1,Limited,current
D9CA,1993,1,Limited,current
D9CA,1994,1,Limited,current
D9CA,1995,1,Limited,current
D9CA,1996,1,Limited,current
D9CA,1997,1,Limited,historical
D9CA,1998,1,Limited,historical
D9CA,1999,1,Limited,historical
D9CA,2000,1,Limited,historical
D9CA,2001,1,Limited,historical
D9CA,2002,1,Limited,historical
D9CA,2003,1,Limited,historical
D9CA,2004,1,Limited,historical
D9CA,2005,1,Limited,historical
D9CA,2006,1,Limited,historical
D9CA,2007,1,Limited,historical
D9CA,2008,1,Limited,historical
D9CA,2009,1,Limited,historical
D9CA,2010,1,Limited,historical
D9CA,2011,1,Limited,historical
D9CA,2012,1,Limited,historical
D9CA,2013,1,Limited,historical
D9CA,2014,1,Limited,historical
D9CA,2015,1,Limited,historical
D9CA,2016,1,Limited,historical
D9CA,2017,1,Limited,historical
D9CA,2018,1,Limited,historical
D9CA,2019,1,Limited,historical
D9CA,2020,1,Limited,historical
D9CA,2021,1,Limited,historical
D9CA,2022,1,Limited,current
D9CA,2023,1,Limited,current
D9CA,2024,1,Limited,current
D9CA,2025,1,Limited,current
D9DA,1975,1,Limited,current
D9DA,1976,1,Limited,current
D9DA,1977,1,Limited,current
D9DA,1978,1,Limited,current
D9DA,1979,1,Limited,current
D9DA,1980,1,Limited,current
D9DA,1981,1,Limited,current
D9DA,1982,1,Limited,current
D9DA,1983,1,Limited,current
D9DA,1984,1,Limited,current
D9DA,1985,1,Limited,current
D9DA,1986,1,Limited,current
D9DA,1987,1,Limited,current
D9DA,1988,1,Limited,current
D9DA,1989,1,Limited,current
D9DA,1990,1,Limited,current
D9DA,1991,1,Limited,current
D9DA,1992,1,Limited,current
D9DA,1993,1,Limited,current
D9DA,1994,1,Limited,current
D9DA,1995,1,Limited,current
D9DA,1996,1,Limited,current
D9DA,1997,1,Limited,historical
D9DA,1998,1,Limited,historical
D9DA,1999,1,Limited,historical
D9DA,2000,1,Limited,historical
D9DA,2001,1,Limited,historical
D9DA,2002,1,Limited,historical
D9DA,2003,1,Limited,historical
D9DA,2004,1,Limited,historical
D9DA,2005,1,Limited,historical
D9DA,2006,1,Limited,historical
D9DA,2007,1,Limited,historical
D9DA,2008,1,Limited,historical
D9DA,2009,1,Limited,historical
D9DA,2010,1,Limited,historical
D9DA,2011,1,Limited,historical
D9DA,2012,1,Limited,historical
D9DA,2013,1,Limited,historical
D9DA,2014,1,Limited,historical
D9DA,2015,1,Limited,historical
D9DA,2016,1,Limited,historical
D9DA,2017,1,Limited,historical
D9DA,2018,1,Limited,historical
D9DA,2019,1,Limited,historical
D9DA,2020,1,Limited,historical
D9DA,2021,1,Limited,historical
D9DA,2022,1,Limited,current
D9DA,2023,1,Limited,current
D9DA,2024,1,Limited,current
D9DA,2025,1,Limited,current
E09B,1975,0,Open,current
E09B,1976,0,Open,current
E09B,1977,0,Open,current
E09B,1978,0,Open,current
E09B,1979,0,Open,current
E09B,1980,0,Open,current
E09B,1981,0,Open,historical
E09B,1982,0,Open,historical
E09B,1983,0,Open,historical
E09B,1984,0,Open,historical
E09B,1985,0,Open,historical
E09B,1986,0,Open,historical
E09B,1987,0,Open,historical
E09B,1988,0,Open,historical
E09B,1989,0,Open,historical
E09B,1990,0,Open,historical
E09B,1991,0,Open,historical
E09B,1992,0,Open,historical
E09B,1993,0,Open,historical
E09B,1994,0,Open,historical
E09B,1995,0,Open,historical
E09B,1996,0,Open,historical
E09B,1997,0,Open,historical
E09B,1998,0,Open,current
E09B,1999,0,Open,current
E09B,2000,0,Open,current
E09B,2001,0,Open,current
E09B,2002,0,Open,current
E09B,2003,0,Open,current
E09B,2004,0,Open,current
E09B,2005,0,Open,current
E09B,2006,0,Open,current
E09B,2007,0,Open,current
E09B,2008,0,Open,current
E09B,2009,0,Open,current
E09B,2010,0,Open,current
E09B,2011,0,Open,current
E09B,2012,0,Open,current
E09B,2013,0,Open,current
E09B,2014,0,Open,current
E09B,2015,0,Open,current
E09B,2016,0,Open,current
E09B,2017,0,Open,current
E09B,2018,0,Open,current
E09B,2019,0,Open,current
E09B,2020,0,Open,current
E09B,2021,0,Open,current
E09B,2022,0,Open,current
E09B,2023,0,Open,current
E09B,2024,0,Open,current
E09B,2025,0,Open,current
E09Q,1975,0,Open,current
E09Q,1976,0,Open,current
E09Q,1977,0,Open,current
E09Q,1978,0,Open,current
E09Q,1979,0,Open,current
E09Q,1980,0,Open,current
E09Q,1981,0,Open,current
E09Q,1982,0,Open,current
E09Q,1983,0,Open,current
E09Q,1984,0,Open,current
E09Q,1985,0,Open,current
E09Q,1986,0,Open,current
E09Q,1987,0,Open,current
E09Q,1988,0,Open,current
E09Q,1989,0,Open,current
E09Q,1990,0,Open,current
E09Q,1991,0,Open,current
E09Q,1992,0,Open,current
E09Q,1993,0,Open,current
E09Q,1994,0,Open,current
E09Q,1995,0,Open,current
E09Q,1996,0,Open,current
E09Q,1997,0,Open,historical
E09Q,1998,0,Open,historical
E09Q,1999,0,Open,historical
E09Q,2000,0,Open,historical
E09Q,2001,0,Open,historical
E09Q,2002,0,Open,historical
E09Q,2003,0,Open,historical
E09Q,2004,0,Open,historical
E09Q,2005,0,Open,historical
E09Q,2006,0,Open,historical
E09Q,2007,0,Open,historical
E09Q,2008,0,Open,historical
E09Q,2009,0,Open,historical
E09Q,2010,0,Open,historical
E09Q,2011,0,Open,historical
E09Q,2012,0,Open,historical
E09Q,2013,0,Open,historical
E09Q,2014,0,Open,historical
E09Q,2015,0,Open,historical
E09Q,2016,0,Open,historical
E09Q,2017,0,Open,historical
E09Q,2018,0,Open,historical
E09Q,2019,0,Open,historical
E09Q,2020,0,Open,historical
E09Q,2021,0,Open,historical
E09Q,2022,0,Open,current
E09Q,2023,0,Open,current
E09Q,2024,0,Open,current
E09Q,2025,0,Open,current
E91B,1975,0,Open,current
E91B,1976,0,Open,current
E91B,1977,0,Open,current
E91B,1978,0,Open,current
E91B,1979,0,Open,current
E91B,1980,0,Open,current
E91B,1981,0,Open,historical
E91B,1982,0,Open,historical
E91B,1983,0,Open,historical
E91B,1984,0,Open,historical
E91B,1985,0,Open,historical
E91B,1986,0,Open,historical
E91B,1987,0,Open,historical
E91B,1988,0,Open,historical
E91B,1989,0,Open,historical
E91B,1990,0,Open,historical
E91B,1991,0,Open,historical
E91B,1992,0,Open,historical
E91B,1993,0,Open,historical
E91B,1994,0,Open,historical
E91B,1995,0,Open,historical
E91B,1996,0,Open,current
E91B,1997,0,Open,current
E91B,1998,0,Open,current
E91B,1999,0,Open,current
E91B,2000,0,Open,current
E91B,2001,0,Open,current
E91B,2002,0,Open,current
E91B,2003,0,Open,current
E91B,2004,0,Open,current
E91B,2005,0,Open,current
E91B,2006,0,Open,current
E91B,2007,0,Open,current
E91B,2008,0,Open,current
E91B,2009,0,Open,current
E91B,2010,0,Open,current
E91B,2011,0,Open,current
E91B,2012,0,Open,current
E91B,2013,0,Open,current
E91B,2014,0,Open,current
E91B,2015,0,Open,current
E91B,2016,0,Open,current
E91B,2017,0,Open,current
E91B,2018,0,Open,current
E91B,2019,0,Open,current
E91B,2020,0,Open,current
E91B,2021,0,Open,current
E91B,2022,0,Open,current
E91B,2023,0,Open,current
E91B,2024,0,Open,current
E91B,2025,0,Open,current
E91Q,1975,0,Open,current
E91Q,1976,0,Open,current
E91Q,1977,0,Open,current
E91Q,1978,0,Open,current
E91Q,1979,0,Open,current
E91Q,1980,0,Open,current
E91Q,1981,0,Open,current
E91Q,1982,0,Open,current
E91Q,1983,0,Open,current
E91Q,1984,0,Open,current
E91Q,1985,0,Open,current
E91Q,1986,0,Open,current
E91Q,1987,0,Open,current
E91Q,1988,0,Open,current
E91Q,1989,0,Open,current
E91Q,1990,0,Open,current
E91Q,1991,0,Open,current
E91Q,1992,0,Open,current
E91Q,1993,0,Open,current
E91Q,1994,0,Open,current
E91Q,1995,0,Open,current
E91Q,1996,0,Open,current
E91Q,1997,0,Open,historical
E91Q,1998,0,Open,historical
E91Q,1999,0,Open,historical
E91Q,2000,0,Open,historical
E91Q,2001,0,Open,historical
E91Q,2002,0,Open,historical
E91Q,2003,0,Open,historical
E91Q,2004,0,Open,historical
E91Q,2005,0,Open,historical
E91Q,2006,0,Open,historical
E91Q,2007,0,Open,historical
E91Q,2008,0,Open,historical
E91Q,2009,0,Open,historical
E91Q,2010,0,Open,historical
E91Q,2011,0,Open,historical
E91Q,2012,0,Open,historical
E91Q,2013,0,Open,historical
E91Q,2014,0,Open,historical
E91Q,2015,0,Open,historical
E91Q,2016,0,Open,historical
E91Q,2017,0,Open,historical
E91Q,2018,0,Open,historical
E91Q,2019,0,Open,historical
E91Q,2020,0,Open,historical
E91Q,2021,0,Open,historical
E91Q,2022,0,Open,current
E91Q,2023,0,Open,current
E91Q,2024,0,Open,current
E91Q,2025,0,Open,current
E91QV,1975,0,Open,historical-outside-range
E91QV,1976,0,Open,historical-outside-range
E91QV,1977,0,Open,historical-outside-range
E91QV,1978,0,Open,historical-outside-range
E91QV,1979,0,Open,historical-outside-range
E91QV,1980,0,Open,historical-outside-range
E91QV,1981,0,Open,historical-outside-range
E91QV,1982,0,Open,historical-outside-range
E91QV,1983,0,Open,historical-outside-range
E91QV,1984,0,Open,historical-outside-range
E91QV,1985,0,Open,historical-outside-range
E91QV,1986,0,Open,historical-outside-range
E91QV,1987,0,Open,historical-outside-range
E91QV,1988,0,Open,historical-outside-range
E91QV,1989,0,Open,historical-outside-range
E91QV,1990,0,Open,historical-outside-range
E91QV,1991,0,Open,historical-outside-range
E91QV,1992,0,Open,historical-outside-range
E91QV,1993,0,Open,historical-outside-range
E91QV,1994,0,Open,historical-outside-range
E91QV,1995,0,Open,historical-outside-range
E91QV,1996,0,Open,historical-outside-range
E91QV,1997,0,Open,historical-outside-range
E91QV,1998,0,Open,historical-outside-range
E91QV,1999,0,Open,historical-outside-range
E91QV,2000,0,Open,historical-outside-range
E91QV,2001,0,Open,historical-outside-range
E91QV,2002,0,Open,historical-outside-range
E91QV,2003,0,Open,historical-outside-range
E91QV,2004,0,Open,historical-outside-range
E91QV,2005,0,Open,historical-outside-range
E91QV,2006,0,Open,historical-outside-range
E91QV,2007,0,Open,historical-outside-range
E91QV,2008,0,Open,historical-outside-range
E91QV,2009,0,Open,historical-outside-range
E91QV,2010,0,Open,historical-outside-range
E91QV,2011,0,Open,historical-outside-range
E91QV,2012,0,Open,historical-outside-range
E91QV,2013,0,Open,historical-outside-range
E91QV,2014,0,Open,historical-outside-range
E91QV,2015,0,Open,historical-outside-range
E91QV,2016,0,Open,historical-outside-range
E91QV,2017,0,Open,historical-outside-range
E91QV,2018,0,Open,historical-outside-range
E91QV,2019,0,Open,historical-outside-range
E91QV,2020,0,Open,historical-outside-range
E91QV,2021,0,Open,historical-outside-range
E91QV,2022,0,Open,historical-outside-range
E91QV,2023,0,Open,historical-outside-range
E91QV,2024,0,Open,historical-outside-range
E91QV,2025,0,Open,historical-outside-range
F02B,1975,0,Open,current
F02B,1976,0,Open,current
F02B,1977,0,Open,current
F02B,1978,0,Open,historical
F02B,1979,0,Open,historical
F02B,1980,0,Open,historical
F02B,1981,0,Open,historical
F02B,1982,0,Open,historical
F02B,1983,0,Open,historical
F02B,1984,0,Open,historical
F02B,1985,0,Open,historical
F02B,1986,0,Open,historical
F02B,1987,0,Open,historical
F02B,1988,0,Open,historical
F02B,1989,0,Open,historical
F02B,1990,0,Open,historical
F02B,1991,0,Open,historical
F02B,1992,0,Open,historical
F02B,1993,0,Open,historical
F02B,1994,0,Open,historical
F02B,1995,0,Open,historical
F02B,1996,0,Open,historical
F02B,1997,0,Open,historical
F02B,1998,0,Open,historical
F02B,1999,0,Open,historical
F02B,2000,0,Open,historical
F02B,2001,0,Open,historical
F02B,2002,0,Open,historical
F02B,2003,0,Open,historical
F02B,2004,0,Open,historical
F02B,2005,0,Open,historical
F02B,2006,0,Open,historical
F02B,2007,0,Open,historical
F02B,2008,0,Open,historical
F02B,2009,0,Open,historical
F02B,2010,0,Open,historical
F02B,2011,0,Open,historical
F02B,2012,0,Open,historical
F02B,2013,0,Open,historical
F02B,2014,0,Open,historical
F02B,2015,0,Open,historical
F02B,2016,0,Open,historical
F02B,2017,0,Open,historical
F02B,2018,0,Open,historical
F02B,2019,0,Open,historical
F02B,2020,0,Open,historical
F02B,2021,0,Open,historical
F02B,2022,0,Open,current
F02B,2023,0,Open,current
F02B,2024,0,Open,current
F02B,2025,0,Open,current
F03B,1975,0,Open,historical-outside-range
F03B,1976,0,Open,historical-outside-range
F03B,1977,0,Open,historical-outside-range
F03B,1978,0,Open,historical
F03B,1979,0,Open,historical
F03B,1980,0,Open,historical
F03B,1981,0,Open,historical
F03B,1982,0,Open,historical-outside-range
F03B,1983,0,Open,historical-outside-range
F03B,1984,0,Open,historical-outside-range
F03B,1985,0,Open,historical-outside-range
F03B,1986,0,Open,historical-outside-range
F03B,1987,0,Open,historical-outside-range
F03B,1988,0,Open,historical-outside-range
F03B,1989,0,Open,historical-outside-range
F03B,1990,0,Open,historical-outside-range
F03B,1991,0,Open,historical-outside-range
F03B,1992,0,Open,historical-outside-range
F03B,1993,0,Open,historical-outside-range
F03B,1994,0,Open,historical-outside-range
F03B,1995,0,Open,historical-outside-range
F03B,1996,0,Open,historical-outside-range
F03B,1997,0,Open,historical-outside-range
F03B,1998,0,Open,historical-outside-range
F03B,1999,0,Open,historical-outside-range
F03B,2000,0,Open,historical-outside-range
F03B,2001,0,Open,historical-outside-range
F03B,2002,0,Open,historical-outside-range
F03B,2003,0,Open,historical-outside-range
F03B,2004,0,Open,historical-outside-range
F03B,2005,0,Open,historical-outside-range
F03B,2006,0,Open,historical-outside-range
F03B,2007,0,Open,historical-outside-range
F03B,2008,0,Open,historical-outside-range
F03B,2009,0,Open,historical-outside-range
F03B,2010,0,Open,historical-outside-range
F03B,2011,0,Open,historical-outside-range
F03B,2012,0,Open,historical-outside-range
F03B,2013,0,Open,historical-outside-range
F03B,2014,0,Open,historical-outside-range
F03B,2015,0,Open,historical-outside-range
F03B,2016,0,Open,historical-outside-range
F03B,2017,0,Open,historical-outside-range
F03B,2018,0,Open,historical-outside-range
F03B,2019,0,Open,historical-outside-range
F03B,2020,0,Open,historical-outside-range
F03B,2021,0,Open,historical-outside-range
F03B,2022,0,Open,historical-outside-range
F03B,2023,0,Open,historical-outside-range
F03B,2024,0,Open,historical-outside-range
F03B,2025,0,Open,historical-outside-range
F04B,1975,0,Open,historical
F04B,1976,0,Open,historical
F04B,1977,0,Open,historical
F04B,1978,0,Open,historical
F04B,1979,0,Open,historical
F04B,1980,0,Open,historical
F04B,1981,0,Open,historical
F04B,1982,0,Open,historical
F04B,1983,0,Open,historical
F04B,1984,0,Open,historical
F04B,1985,0,Open,historical
F04B,1986,0,Open,historical
F04B,1987,0,Open,historical
F04B,1988,0,Open,historical
F04B,1989,0,Open,historical
F04B,1990,0,Open,historical
F04B,1991,0,Open,historical
F04B,1992,0,Open,historical
F04B,1993,0,Open,historical
F04B,1994,0,Open,historical
F04B,1995,0,Open,historical
F04B,1996,0,Open,historical
F04B,1997,0,Open,historical
F04B,1998,0,Open,historical
F04B,1999,0,Open,historical
F04B,2000,0,Open,historical
F04B,2001,0,Open,historical
F04B,2002,0,Open,historical
F04B,2003,0,Open,historical
F04B,2004,0,Open,historical
F04B,2005,0,Open,historical
F04B,2006,0,Open,historical
F04B,2007,0,Open,historical
F04B,2008,0,Open,historical
F04B,2009,0,Open,historical
F04B,2010,0,Open,historical
F04B,2011,0,Open,historical
F04B,2012,0,Open,historical
F04B,2013,0,Open,historical
F04B,2014,0,Open,historical
F04B,2015,0,Open,historical
F04B,2016,0,Open,historical
F04B,2017,0,Open,historical
F04B,2018,0,Open,historical
F04B,2019,0,Open,historical
F04B,2020,0,Open,historical
F04B,2021,0,Open,historical
F04B,2022,0,Open,current
F04B,2023,0,Open,current
F04B,2024,0,Open,current
F04B,2025,0,Open,current
F04W,1975,0,Open,historical-outside-range
F04W,1976,0,Open,historical-outside-range
F04W,1977,0,Open,historical-outside-range
F04W,1978,0,Open,historical-outside-range
F04W,1979,0,Open,historical-outside-range
F04W,1980,0,Open,historical-outside-range
F04W,1981,0,Open,historical-outside-range
F04W,1982,0,Open,historical-outside-range
F04W,1983,0,Open,historical-outside-range
F04W,1984,0,Open,historical-outside-range
F04W,1985,0,Open,historical-outside-range
F04W,1986,0,Open,historical-outside-range
F04W,1987,0,Open,historical-outside-range
F04W,1988,0,Open,historical-outside-range
F04W,1989,0,Open,historical-outside-range
F04W,1990,0,Open,historical-outside-range
F04W,1991,0,Open,historical-outside-range
F04W,1992,0,Open,historical-outside-range
F04W,1993,0,Open,historical-outside-range
F04W,1994,0,Open,historical-outside-range
F04W,1995,0,Open,historical-outside-range
F04W,1996,0,Open,historical-outside-range
F04W,1997,0,Open,historical-outside-range
F04W,1998,0,Open,historical-outside-range
F04W,1999,0,Open,historical-outside-range
F04W,2000,0,Open,historical-outside-range
F04W,2001,0,Open,historical-outside-range
F04W,2002,0,Open,historical-outside-range
F04W,2003,0,Open,historical-outside-range
F04W,2004,0,Open,historical-outside-range
F04W,2005,0,Open,historical-outside-range
F04W,2006,0,Open,historical-outside-range
F04W,2007,0,Open,historical-outside-range
F04W,2008,0,Open,historical-outside-range
F04W,2009,0,Open,historical-outside-range
F04W,2010,0,Open,historical-outside-range
F04W,2011,0,Open,historical-outside-range
F04W,2012,0,Open,historical-outside-range
F04W,2013,0,Open,historical-outside-range
F04W,2014,0,Open,historical-outside-range
F04W,2015,0,Open,historical-outside-range
F04W,2016,0,Open,historical-outside-range
F04W,2017,0,Open,historical-outside-range
F04W,2018,0,Open,historical-outside-range
F04W,2019,0,Open,historical-outside-range
F04W,2020,0,Open,historical-outside-range
F04W,2021,0,Open,historical-outside-range
F04W,2022,0,Open,historical-outside-range
F04W,2023,0,Open,historical-outside-range
F04W,2024,0,Open,historical-outside-range
F04W,2025,0,Open,historical-outside-range
F04Y,1975,0,Open,historical-outside-range
F04Y,1976,0,Open,historical-outside-range
F04Y,1977,0,Open,historical-outside-range
F04Y,1978,0,Open,historical-outside-range
F04Y,1979,0,Open,historical-outside-range
F04Y,1980,0,Open,historical-outside-range
F04Y,1981,0,Open,historical-outside-range
F04Y,1982,0,Open,historical-outside-range
F04Y,1983,0,Open,historical-outside-range
F04Y,1984,0,Open,historical-outside-range
F04Y,1985,0,Open,historical-outside-range
F04Y,1986,0,Open,historical-outside-range
F04Y,1987,0,Open,historical-outside-range
F04Y,1988,0,Open,historical-outside-range
F04Y,1989,0,Open,historical-outside-range
F04Y,1990,0,Open,historical-outside-range
F04Y,1991,0,Open,historical-outside-range
F04Y,1992,0,Open,historical-outside-range
F04Y,1993,0,Open,historical-outside-range
F04Y,1994,0,Open,historical-outside-range
F04Y,1995,0,Open,historical-outside-range
F04Y,1996,0,Open,historical-outside-range
F04Y,1997,0,Open,historical-outside-range
F04Y,1998,0,Open,historical-outside-range
F04Y,1999,0,Open,historical-outside-range
F04Y,2000,0,Open,historical-outside-range
F04Y,2001,0,Open,historical-outside-range
F04Y,2002,0,Open,historical-outside-range
F04Y,2003,0,Open,historical-outside-range
F04Y,2004,0,Open,historical-outside-range
F04Y,2005,0,Open,historical-outside-range
F04Y,2006,0,Open,historical-outside-range
F04Y,2007,0,Open,historical-outside-range
F04Y,2008,0,Open,historical-outside-range
F04Y,2009,0,Open,historical-outside-range
F04Y,2010,0,Open,historical-outside-range
F04Y,2011,0,Open,historical-outside-range
F04Y,2012,0,Open,historical-outside-range
F04Y,2013,0,Open,historical-outside-range
F04Y,2014,0,Open,historical-outside-range
F04Y,2015,0,Open,historical-outside-range
F04Y,2016,0,Open,historical-outside-range
F04Y,2017,0,Open,historical-outside-range
F04Y,2018,0,Open,historical-outside-range
F04Y,2019,0,Open,historical-outside-range
F04Y,2020,0,Open,historical-outside-range
F04Y,2021,0,Open,historical-outside-range
F04Y,2022,0,Open,historical-outside-range
F04Y,2023,0,Open,historical-outside-range
F04Y,2024,0,Open,historical-outside-range
F04Y,2025,0,Open,historical-outside-range
F05B,1975,0,Open,current
F05B,1976,0,Open,current
F05B,1977,0,Open,current
F05B,1978,0,Open,current
F05B,1979,0,Open,current
F05B,1980,0,Open,current
F05B,1981,0,Open,current
F05B,1982,0,Open,current
F05B,1983,0,Open,current
F05B,1984,0,Open,current
F05B,1985,0,Open,historical
F05B,1986,0,Open,historical
F05B,1987,0,Open,current
F05B,1988,0,Open,current
F05B,1989,0,Open,current
F05B,1990,0,Open,current
F05B,1991,0,Open,current
F05B,1992,0,Open,current
F05B,1993,0,Open,current
F05B,1994,0,Open,current
F05B,1995,0,Open,current
F05B,1996,0,Open,current
F05B,1997,0,Open,current
F05B,1998,0,Open,current
F05B,1999,0,Open,current
F05B,2000,0,Open,current
F05B,2001,0,Open,current
F05B,2002,0,Open,current
F05B,2003,0,Open,current
F05B,2004,0,Open,current
F05B,2005,0,Open,current
F05B,2006,0,Open,current
F05B,2007,0,Open,current
F05B,2008,0,Open,current
F05B,2009,0,Open,current
F05B,2010,0,Open,current
F05B,2011,0,Open,current
F05B,2012,0,Open,current
F05B,2013,0,Open,current
F05B,2014,0,Open,current
F05B,2015,0,Open,current
F05B,2016,0,Open,current
F05B,2017,0,Open,current
F05B,2018,0,Open,current
F05B,2019,0,Open,current
F05B,2020,0,Open,current
F05B,2021,0,Open,current
F05B,2022,0,Open,current
F05B,2023,0,Open,current
F05B,2024,0,Open,current
F05B,2025,0,Open,current
F06B,1975,0,Open,current
F06B,1976,0,Open,current
F06B,1977,0,Open,current
F06B,1978,0,Open,historical
F06B,1979,0,Open,historical
F06B,1980,0,Open,historical
F06B,1981,0,Open,historical
F06B,1982,0,Open,historical
F06B,1983,0,Open,historical
F06B,1984,0,Open,historical
F06B,1985,0,Open,historical
F06B,1986,0,Open,historical
F06B,1987,0,Open,historical
F06B,1988,0,Open,historical
F06B,1989,0,Open,historical
F06B,1990,0,Open,historical
F06B,1991,0,Open,historical
F06B,1992,0,Open,historical
F06B,1993,0,Open,historical
F06B,1994,0,Open,historical
F06B,1995,0,Open,historical
F06B,1996,0,Open,current
F06B,1997,0,Open,current
F06B,1998,0,Open,current
F06B,1999,0,Open,current
F06B,2000,0,Open,current
F06B,2001,0,Open,current
F06B,2002,0,Open,current
F06B,2003,0,Open,current
F06B,2004,0,Open,current
F06B,2005,0,Open,current
F06B,2006,0,Open,current
F06B,2007,0,Open,current
F06B,2008,0,Open,current
F06B,2009,0,Open,current
F06B,2010,0,Open,current
F06B,2011,0,Open,current
F06B,2012,0,Open,current
F06B,2013,0,Open,current
F06B,2014,0,Open,current
F06B,2015,0,Open,current
F06B,2016,0,Open,current
F06B,2017,0,Open,current
F06B,2018,0,Open,current
F06B,2019,0,Open,current
F06B,2020,0,Open,current
F06B,2021,0,Open,current
F06B,2022,0,Open,current
F06B,2023,0,Open,current
F06B,2024,0,Open,current
F06B,2025,0,Open,current
F08B,1975,0,Open,current
F08B,1976,0,Open,current
F08B,1977,0,Open,current
F08B,1978,0,Open,current
F08B,1979,0,Open,current
F08B,1980,0,Open,current
F08B,1981,0,Open,current
F08B,1982,0,Open,current
F08B,1983,0,Open,current
F08B,1984,0,Open,current
F08B,1985,0,Open,current
F08B,1986,0,Open,current
F08B,1987,0,Open,current
F08B,1988,0,Open,current
F08B,1989,0,Open,current
F08B,1990,0,Open,historical
F08B,1991,0,Open,historical
F08B,1992,0,Open,historical
F08B,1993,0,Open,historical
F08B,1994,0,Open,historical
F08B,1995,0,Open,historical
F08B,1996,0,Open,historical
F08B,1997,0,Open,historical
F08B,1998,0,Open,historical
F08B,1999,0,Open,historical
F08B,2000,0,Open,historical
F08B,2001,0,Open,historical
F08B,2002,0,Open,historical
F08B,2003,0,Open,historical
F08B,2004,0,Open,historical
F08B,2005,0,Open,historical
F08B,2006,0,Open,historical
F08B,2007,0,Open,historical
F08B,2008,0,Open,historical
F08B,2009,0,Open,historical
F08B,2010,0,Open,historical
F08B,2011,0,Open,historical
F08B,2012,0,Open,historical
F08B,2013,0,Open,historical
F08B,2014,0,Open,historical
F08B,2015,0,Open,historical
F08B,2016,0,Open,historical
F08B,2017,0,Open,historical
F08B,2018,0,Open,historical
F08B,2019,0,Open,historical
F08B,2020,0,Open,historical
F08B,2021,0,Open,historical
F08B,2022,0,Open,current
F08B,2023,0,Open,current
F08B,2024,0,Open,current
F08B,2025,0,Open,current
F09B,1975,0,Open,current
F09B,1976,0,Open,current
F09B,1977,0,Open,current
F09B,1978,0,Open,current
F09B,1979,0,Open,current
F09B,1980,0,Open,current
F09B,1981,0,Open,current
F09B,1982,0,Open,current
F09B,1983,0,Open,current
F09B,1984,0,Open,current
F09B,1985,0,Open,current
F09B,1986,0,Open,current
F09B,1987,0,Open,current
F09B,1988,0,Open,current
F09B,1989,0,Open,current
F09B,1990,0,Open,current
F09B,1991,0,Open,current
F09B,1992,0,Open,current
F09B,1993,0,Open,current
F09B,1994,0,Open,current
F09B,1995,0,Open,current
F09B,1996,0,Open,current
F09B,1997,0,Open,current
F09B,1998,0,Open,current
F09B,1999,0,Open,current
F09B,2000,0,Open,current
F09B,2001,0,Open,current
F09B,2002,0,Open,current
F09B,2003,0,Open,current
F09B,2004,0,Open,current
F09B,2005,0,Open,current
F09B,2006,0,Open,current
F09B,2007,0,Open,current
F09B,2008,0,Open,current
F09B,2009,0,Open,current
F09B,2010,0,Open,current
F09B,2011,0,Open,current
F09B,2012,0,Open,current
F09B,2013,0,Open,current
F09B,2014,0,Open,current
F09B,2015,0,Open,current
F09B,2016,0,Open,current
F09B,2017,0,Open,current
F09B,2018,0,Open,current
F09B,2019,0,Open,current
F09B,2020,0,Open,current
F09B,2021,0,Open,current
F09B,2022,0,Open,current
F09B,2023,0,Open,current
F09B,2024,0,Open,current
F09B,2025,0,Open,current
F26B,1975,0,Open,current
F26B,1976,0,Open,current
F26B,1977,0,Open,current
F26B,1978,0,Open,current
F26B,1979,0,Open,current
F26B,1980,0,Open,current
F26B,1981,0,Open,current
F26B,1982,0,Open,historical
F26B,1983,0,Open,historical
F26B,1984,0,Open,historical
F26B,1985,0,Open,historical
F26B,1986,0,Open,historical
F26B,1987,0,Open,historical
F26B,1988,0,Open,historical
F26B,1989,0,Open,historical
F26B,1990,0,Open,historical
F26B,1991,0,Open,historical
F26B,1992,0,Open,historical
F26B,1993,0,Open,historical
F26B,1994,0,Open,historical
F26B,1995,0,Open,historical
F26B,1996,0,Open,historical
F26B,1997,0,Open,historical
F26B,1998,0,Open,historical
F26B,1999,0,Open,historical
F26B,2000,0,Open,historical
F26B,2001,0,Open,historical
F26B,2002,0,Open,historical
F26B,2003,0,Open,historical
F26B,2004,0,Open,historical
F26B,2005,0,Open,historical
F26B,2006,0,Open,historical
F26B,2007,0,Open,historical
F26B,2008,0,Open,historical
F26B,2009,0,Open,historical
F26B,2010,0,Open,historical
F26B,2011,0,Open,historical
F26B,2012,0,Open,historical
F26B,2013,0,Open,historical
F26B,2014,0,Open,historical
F26B,2015,0,Open,historical
F26B,2016,0,Open,historical
F26B,2017,0,Open,historical
F26B,2018,0,Open,historical
F26B,2019,0,Open,historical
F26B,2020,0,Open,historical
F26B,2021,0,Open,historical
F26B,2022,0,Open,current
F26B,2023,0,Open,current
F26B,2024,0,Open,current
F26B,2025,0,Open,current
F99B,1975,0,Open,current
F99B,1976,0,Open,current
F99B,1977,0,Open,current
F99B,1978,0,Open,current
F99B,1979,0,Open,current
F99B,1980,0,Open,current
F99B,1981,0,Open,current
F99B,1982,0,Open,current
F99B,1983,0,Open,current
F99B,1984,0,Open,current
F99B,1985,0,Open,current
F99B,1986,0,Open,current
F99B,1987,0,Open,current
F99B,1988,0,Open,current
F99B,1989,0,Open,current
F99B,1990,0,Open,current
F99B,1991,0,Open,current
F99B,1992,0,Open,current
F99B,1993,0,Open,current
F99B,1994,0,Open,current
F99B,1995,0,Open,current
F99B,1996,0,Open,current
F99B,1997,0,Open,current
F99B,1998,0,Open,current
F99B,1999,0,Open,current
F99B,2000,0,Open,current
F99B,2001,0,Open,current
F99B,2002,0,Open,current
F99B,2003,0,Open,current
F99B,2004,0,Open,current
F99B,2005,0,Open,current
F99B,2006,0,Open,current
F99B,2007,0,Open,current
F99B,2008,0,Open,current
F99B,2009,0,Open,current
F99B,2010,0,Open,current
F99B,2011,0,Open,current
F99B,2012,0,Open,current
F99B,2013,0,Open,current
F99B,2014,0,Open,current
F99B,2015,0,Open,current
F99B,2016,0,Open,current
F99B,2017,0,Open,current
F99B,2018,0,Open,current
F99B,2019,0,Open,current
F99B,2020,0,Open,current
F99B,2021,0,Open,current
F99B,2022,0,Open,current
F99B,2023,0,Open,current
F99B,2024,0,Open,current
F99B,2025,0,Open,current
G01A,1975,1,Limited,current
G01A,1976,1,Limited,current
G01A,1977,1,Limited,historical
G01A,1978,1,Limited,historical
G01A,1979,1,Limited,historical
G01A,1980,1,Limited,historical
G01A,1981,1,Limited,historical
G01A,1982,1,Limited,historical
G01A,1983,1,Limited,historical
G01A,1984,1,Limited,historical
G01A,1985,1,Limited,historical
G01A,1986,1,Limited,historical
G01A,1987,1,Limited,historical
G01A,1988,1,Limited,historical
G01A,1989,1,Limited,historical
G01A,1990,1,Limited,historical
G01A,1991,1,Limited,historical
G01A,1992,1,Limited,historical
G01A,1993,1,Limited,historical
G01A,1994,1,Limited,historical
G01A,1995,1,Limited,historical
G01A,1996,1,Limited,historical
G01A,1997,1,Limited,historical
G01A,1998,1,Limited,historical
G01A,1999,1,Limited,historical
G01A,2000,1,Limited,historical
G01A,2001,1,Limited,historical
G01A,2002,1,Limited,historical
G01A,2003,1,Limited,historical
G01A,2004,1,Limited,historical
G01A,2005,1,Limited,historical
G01A,2006,1,Limited,historical
G01A,2007,1,Limited,historical
G01A,2008,1,Limited,historical
G01A,2009,1,Limited,historical
G01A,2010,1,Limited,historical
G01A,2011,1,Limited,historical
G01A,2012,1,Limited,historical
G01A,2013,1,Limited,historical
G01A,2014,1,Limited,historical
G01A,2015,1,Limited,historical
G01A,2016,1,Limited,historical
G01A,2017,1,Limited,historical
G01A,2018,1,Limited,historical
G01A,2019,1,Limited,historical
G01A,2020,1,Limited,historical
G01A,2021,1,Limited,historical
G01A,2022,1,Limited,current
G01A,2023,1,Limited,current
G01A,2024,1,Limited,current
G01A,2025,1,Limited,current
G01C,1975,0,Open,historical-outside-range
G01C,1976,0,Open,historical-outside-range
G01C,1977,0,Open,historical-outside-range
G01C,1978,0,Open,historical
G01C,1979,0,Open,historical
G01C,1980,0,Open,historical
G01C,1981,0,Open,historical-outside-range
G01C,1982,0,Open,historical-outside-range
G01C,1983,0,Open,historical-outside-range
G01C,1984,0,Open,historical-outside-range
G01C,1985,0,Open,historical-outside-range
G01C,1986,0,Open,historical-outside-range
G01C,1987,0,Open,historical-outside-range
G01C,1988,0,Open,historical-outside-range
G01C,1989,0,Open,historical-outside-range
G01C,1990,0,Open,historical-outside-range
G01C,1991,0,Open,historical-outside-range
G01C,1992,0,Open,historical-outside-range
G01C,1993,0,Open,historical-outside-range
G01C,1994,0,Open,historical-outside-range
G01C,1995,0,Open,historical-outside-range
G01C,1996,0,Open,historical-outside-range
G01C,1997,0,Open,historical-outside-range
G01C,1998,0,Open,historical-outside-range
G01C,1999,0,Open,historical-outside-range
G01C,2000,0,Open,historical-outside-range
G01C,2001,0,Open,historical-outside-range
G01C,2002,0,Open,historical-outside-range
G01C,2003,0,Open,historical-outside-range
G01C,2004,0,Open,historical-outside-range
G01C,2005,0,Open,historical-outside-range
G01C,2006,0,Open,historical-outside-range
G01C,2007,0,Open,historical-outside-range
G01C,2008,0,Open,historical-outside-range
G01C,2009,0,Open,historical-outside-range
G01C,2010,0,Open,historical-outside-range
G01C,2011,0,Open,historical-outside-range
G01C,2012,0,Open,historical-outside-range
G01C,2013,0,Open,historical-outside-range
G01C,2014,0,Open,historical-outside-range
G01C,2015,0,Open,historical-outside-range
G01C,2016,0,Open,historical-outside-range
G01C,2017,0,Open,historical-outside-range
G01C,2018,0,Open,historical-outside-range
G01C,2019,0,Open,historical-outside-range
G01C,2020,0,Open,historical-outside-range
G01C,2021,0,Open,historical-outside-range
G01C,2022,0,Open,historical-outside-range
G01C,2023,0,Open,historical-outside-range
G01C,2024,0,Open,historical-outside-range
G01C,2025,0,Open,historical-outside-range
G01E,1975,1,Limited,current
G01E,1976,1,Limited,current
G01E,1977,1,Limited,historical
G01E,1978,1,Limited,historical
G01E,1979,1,Limited,historical
G01E,1980,1,Limited,historical
G01E,1981,1,Limited,historical
G01E,1982,1,Limited,historical
G01E,1983,1,Limited,historical
G01E,1984,1,Limited,historical
G01E,1985,1,Limited,historical
G01E,1986,1,Limited,historical
G01E,1987,1,Limited,historical
G01E,1988,1,Limited,historical
G01E,1989,1,Limited,historical
G01E,1990,1,Limited,historical
G01E,1991,1,Limited,historical
G01E,1992,1,Limited,historical
G01E,1993,1,Limited,historical
G01E,1994,1,Limited,historical
G01E,1995,1,Limited,historical
G01E,1996,1,Limited,historical
G01E,1997,1,Limited,historical
G01E,1998,1,Limited,historical
G01E,1999,1,Limited,historical
G01E,2000,1,Limited,historical
G01E,2001,1,Limited,historical
G01E,2002,1,Limited,historical
G01E,2003,1,Limited,historical
G01E,2004,1,Limited,historical
G01E,2005,1,Limited,historical
G01E,2006,1,Limited,historical
G01E,2007,1,Limited,historical
G01E,2008,1,Limited,historical
G01E,2009,1,Limited,historical
G01E,2010,1,Limited,historical
G01E,2011,1,Limited,historical
G01E,2012,1,Limited,historical
G01E,2013,1,Limited,historical
G01E,2014,1,Limited,historical
G01E,2015,1,Limited,historical
G01E,2016,1,Limited,historical
G01E,2017,1,Limited,historical
G01E,2018,1,Limited,historical
G01E,2019,1,Limited,historical
G01E,2020,1,Limited,historical
G01E,2021,1,Limited,historical
G01E,2022,1,Limited,current
G01E,2023,1,Limited,current
G01E,2024,1,Limited,current
G01E,2025,1,Limited,current
G01G,1975,0,Open,historical-outside-range
G01G,1976,0,Open,historical-outside-range
G01G,1977,0,Open,historical-outside-range
G01G,1978,0,Open,historical
G01G,1979,0,Open,historical
G01G,1980,0,Open,historical
G01G,1981,0,Open,historical-outside-range
G01G,1982,0,Open,historical-outside-range
G01G,1983,0,Open,historical-outside-range
G01G,1984,0,Open,historical-outside-range
G01G,1985,0,Open,historical-outside-range
G01G,1986,0,Open,historical-outside-range
G01G,1987,0,Open,historical-outside-range
G01G,1988,0,Open,historical-outside-range
G01G,1989,0,Open,historical-outside-range
G01G,1990,0,Open,historical-outside-range
G01G,1991,0,Open,historical-outside-range
G01G,1992,0,Open,historical-outside-range
G01G,1993,0,Open,historical-outside-range
G01G,1994,0,Open,historical-outside-range
G01G,1995,0,Open,historical-outside-range
G01G,1996,0,Open,historical-outside-range
G01G,1997,0,Open,historical-outside-range
G01G,1998,0,Open,historical-outside-range
G01G,1999,0,Open,historical-outside-range
G01G,2000,0,Open,historical-outside-range
G01G,2001,0,Open,historical-outside-range
G01G,2002,0,Open,historical-outside-range
G01G,2003,0,Open,historical-outside-range
G01G,2004,0,Open,historical-outside-range
G01G,2005,0,Open,historical-outside-range
G01G,2006,0,Open,historical-outside-range
G01G,2007,0,Open,historical-outside-range
G01G,2008,0,Open,historical-outside-range
G01G,2009,0,Open,historical-outside-range
G01G,2010,0,Open,historical-outside-range
G01G,2011,0,Open,historical-outside-range
G01G,2012,0,Open,historical-outside-range
G01G,2013,0,Open,historical-outside-range
G01G,2014,0,Open,historical-outside-range
G01G,2015,0,Open,historical-outside-range
G01G,2016,0,Open,historical-outside-range
G01G,2017,0,Open,historical-outside-range
G01G,2018,0,Open,historical-outside-range
G01G,2019,0,Open,historical-outside-range
G01G,2020,0,Open,historical-outside-range
G01G,2021,0,Open,historical-outside-range
G01G,2022,0,Open,historical-outside-range
G01G,2023,0,Open,historical-outside-range
G01G,2024,0,Open,historical-outside-range
G01G,2025,0,Open,historical-outside-range
G01H,1975,1,Limited,current
G01H,1976,1,Limited,current
G01H,1977,1,Limited,historical
G01H,1978,1,Limited,historical
G01H,1979,1,Limited,historical
G01H,1980,1,Limited,historical
G01H,1981,1,Limited,historical
G01H,1982,1,Limited,historical
G01H,1983,1,Limited,historical
G01H,1984,1,Limited,historical
G01H,1985,1,Limited,historical
G01H,1986,1,Limited,historical
G01H,1987,1,Limited,historical
G01H,1988,1,Limited,historical
G01H,1989,1,Limited,historical
G01H,1990,1,Limited,historical
G01H,1991,1,Limited,historical
G01H,1992,1,Limited,historical
G01H,1993,1,Limited,historical
G01H,1994,1,Limited,historical
G01H,1995,1,Limited,historical
G01H,1996,1,Limited,historical
G01H,1997,1,Limited,historical
G01H,1998,1,Limited,historical
G01H,1999,1,Limited,historical
G01H,2000,1,Limited,historical
G01H,2001,1,Limited,historical
G01H,2002,1,Limited,historical
G01H,2003,1,Limited,historical
G01H,2004,1,Limited,historical
G01H,2005,1,Limited,historical
G01H,2006,1,Limited,historical
G01H,2007,1,Limited,historical
G01H,2008,1,Limited,historical
G01H,2009,1,Limited,historical
G01H,2010,1,Limited,historical
G01H,2011,1,Limited,historical
G01H,2012,1,Limited,historical
G01H,2013,1,Limited,historical
G01H,2014,1,Limited,historical
G01H,2015,1,Limited,historical
G01H,2016,1,Limited,historical
G01H,2017,1,Limited,historical
G01H,2018,1,Limited,historical
G01H,2019,1,Limited,historical
G01H,2020,1,Limited,historical
G01H,2021,1,Limited,historical
G01H,2022,1,Limited,current
G01H,2023,1,Limited,current
G01H,2024,1,Limited,current
G01H,2025,1,Limited,current
G01J,1975,0,Open,historical-outside-range
G01J,1976,0,Open,historical-outside-range
G01J,1977,0,Open,historical-outside-range
G01J,1978,0,Open,historical
G01J,1979,0,Open,historical
G01J,1980,0,Open,historical
G01J,1981,0,Open,historical
G01J,1982,0,Open,historical
G01J,1983,0,Open,historical-outside-range
G01J,1984,0,Open,historical-outside-range
G01J,1985,0,Open,historical-outside-range
G01J,1986,0,Open,historical-outside-range
G01J,1987,0,Open,historical-outside-range
G01J,1988,0,Open,historical-outside-range
G01J,1989,0,Open,historical-outside-range
G01J,1990,0,Open,historical-outside-range
G01J,1991,0,Open,historical-outside-range
G01J,1992,0,Open,historical-outside-range
G01J,1993,0,Open,historical-outside-range
G01J,1994,0,Open,historical-outside-range
G01J,1995,0,Open,historical-outside-range
G01J,1996,0,Open,historical-outside-range
G01J,1997,0,Open,historical-outside-range
G01J,1998,0,Open,historical-outside-range
G01J,1999,0,Open,historical-outside-range
G01J,2000,0,Open,historical-outside-range
G01J,2001,0,Open,historical-outside-range
G01J,2002,0,Open,historical-outside-range
G01J,2003,0,Open,historical-outside-range
G01J,2004,0,Open,historical-outside-range
G01J,2005,0,Open,historical-outside-range
G01J,2006,0,Open,historical-outside-range
G01J,2007,0,Open,historical-outside-range
G01J,2008,0,Open,historical-outside-range
G01J,2009,0,Open,historical-outside-range
G01J,2010,0,Open,historical-outside-range
G01J,2011,0,Open,historical-outside-range
G01J,2012,0,Open,historical-outside-range
G01J,2013,0,Open,historical-outside-range
G01J,2014,0,Open,historical-outside-range
G01J,2015,0,Open,historical-outside-range
G01J,2016,0,Open,historical-outside-range
G01J,2017,0,Open,historical-outside-range
G01J,2018,0,Open,historical-outside-range
G01J,2019,0,Open,historical-outside-range
G01J,2020,0,Open,historical-outside-range
G01J,2021,0,Open,historical-outside-range
G01J,2022,0,Open,historical-outside-range
G01J,2023,0,Open,historical-outside-range
G01J,2024,0,Open,historical-outside-range
G01J,2025,0,Open,historical-outside-range
G01K,1975,1,Limited,current
G01K,1976,1,Limited,current
G01K,1977,1,Limited,current
G01K,1978,1,Limited,current
G01K,1979,1,Limited,current
G01K,1980,1,Limited,current
G01K,1981,1,Limited,historical
G01K,1982,1,Limited,historical
G01K,1983,1,Limited,historical
G01K,1984,1,Limited,historical
G01K,1985,1,Limited,historical
G01K,1986,1,Limited,historical
G01K,1987,1,Limited,historical
G01K,1988,1,Limited,historical
G01K,1989,1,Limited,historical
G01K,1990,1,Limited,historical
G01K,1991,1,Limited,historical
G01K,1992,1,Limited,historical
G01K,1993,1,Limited,historical
G01K,1994,1,Limited,historical
G01K,1995,1,Limited,historical
G01K,1996,1,Limited,historical
G01K,1997,1,Limited,historical
G01K,1998,1,Limited,historical
G01K,1999,1,Limited,historical
G01K,2000,1,Limited,historical
G01K,2001,1,Limited,historical
G01K,2002,1,Limited,historical
G01K,2003,1,Limited,historical
G01K,2004,1,Limited,historical
G01K,2005,1,Limited,historical
G01K,2006,1,Limited,historical
G01K,2007,1,Limited,historical
G01K,2008,1,Limited,historical
G01K,2009,1,Limited,historical
G01K,2010,1,Limited,historical
G01K,2011,1,Limited,historical
G01K,2012,1,Limited,historical
G01K,2013,1,Limited,historical
G01K,2014,1,Limited,historical
G01K,2015,1,Limited,historical
G01K,2016,1,Limited,historical
G01K,2017,1,Limited,historical
G01K,2018,1,Limited,historical
G01K,2019,1,Limited,historical
G01K,2020,1,Limited,historical
G01K,2021,1,Limited,historical
G01K,2022,1,Limited,current
G01K,2023,1,Limited,current
G01K,2024,1,Limited,current
G01K,2025,1,Limited,current
G01L,1975,0,Open,current
G01L,1976,0,Open,current
G01L,1977,0,Open,current
G01L,1978,0,Open,current
G01L,1979,0,Open,current
G01L,1980,0,Open,current
G01L,1981,0,Open,historical
G01L,1982,0,Open,historical
G01L,1983,0,Open,historical
G01L,1984,0,Open,historical
G01L,1985,0,Open,historical
G01L,1986,0,Open,historical
G01L,1987,0,Open,historical
G01L,1988,0,Open,historical
G01L,1989,0,Open,historical
G01L,1990,0,Open,historical
G01L,1991,0,Open,historical
G01L,1992,0,Open,historical
G01L,1993,0,Open,historical
G01L,1994,0,Open,historical
G01L,1995,0,Open,historical
G01L,1996,0,Open,historical
G01L,1997,0,Open,historical
G01L,1998,0,Open,historical
G01L,1999,0,Open,historical
G01L,2000,0,Open,historical
G01L,2001,0,Open,historical
G01L,2002,0,Open,historical
G01L,2003,0,Open,historical
G01L,2004,0,Open,historical
G01L,2005,0,Open,historical
G01L,2006,0,Open,historical
G01L,2007,0,Open,historical
G01L,2008,0,Open,historical
G01L,2009,0,Open,historical
G01L,2010,0,Open,historical
G01L,2011,0,Open,historical
G01L,2012,0,Open,historical
G01L,2013,0,Open,historical
G01L,2014,0,Open,historical
G01L,2015,0,Open,historical
G01L,2016,0,Open,historical
G01L,2017,0,Open,historical
G01L,2018,0,Open,historical
G01L,2019,0,Open,historical
G01L,2020,0,Open,historical
G01L,2021,0,Open,historical
G01L,2022,0,Open,current
G01L,2023,0,Open,current
G01L,2024,0,Open,current
G01L,2025,0,Open,current
G01M,1975,0,Open,current
G01M,1976,0,Open,current
G01M,1977,0,Open,current
G01M,1978,0,Open,current
G01M,1979,0,Open,current
G01M,1980,0,Open,current
G01M,1981,0,Open,historical
G01M,1982,0,Open,historical
G01M,1983,0,Open,historical
G01M,1984,0,Open,historical
G01M,1985,0,Open,historical
G01M,1986,0,Open,historical
G01M,1987,0,Open,historical
G01M,1988,0,Open,historical
G01M,1989,0,Open,historical
G01M,1990,0,Open,historical
G01M,1991,0,Open,historical
G01M,1992,0,Open,historical
G01M,1993,0,Open,historical
G01M,1994,0,Open,historical
G01M,1995,0,Open,historical
G01M,1996,0,Open,historical
G01M,1997,0,Open,historical
G01M,1998,0,Open,historical
G01M,1999,0,Open,historical
G01M,2000,0,Open,historical
G01M,2001,0,Open,historical
G01M,2002,0,Open,historical
G01M,2003,0,Open,historical
G01M,2004,0,Open,historical
G01M,2005,0,Open,historical
G01M,2006,0,Open,historical
G01M,2007,0,Open,historical
G01M,2008,0,Open,historical
G01M,2009,0,Open,historical
G01M,2010,0,Open,historical
G01M,2011,0,Open,historical
G01M,2012,0,Open,historical
G01M,2013,0,Open,historical
G01M,2014,0,Open,historical
G01M,2015,0,Open,historical
G01M,2016,0,Open,historical
G01M,2017,0,Open,historical
G01M,2018,0,Open,historical
G01M,2019,0,Open,historical
G01M,2020,0,Open,historical
G01M,2021,0,Open,historical
G01M,2022,0,Open,current
G01M,2023,0,Open,current
G01M,2024,0,Open,current
G01M,2025,0,Open,current
G01Q,1975,0,Open,historical-outside-range
G01Q,1976,0,Open,historical-outside-range
G01Q,1977,0,Open,historical-outside-range
G01Q,1978,0,Open,historical-outside-range
G01Q,1979,0,Open,historical-outside-range
G01Q,1980,0,Open,historical-outside-range
G01Q,1981,0,Open,historical-outside-range
G01Q,1982,0,Open,historical-outside-range
G01Q,1983,0,Open,historical-outside-range
G01Q,1984,0,Open,historical-outside-range
G01Q,1985,0,Open,historical-outside-range
G01Q,1986,0,Open,historical-outside-range
G01Q,1987,0,Open,historical-outside-range
G01Q,1988,0,Open,historical-outside-range
G01Q,1989,0,Open,historical-outside-range
G01Q,1990,0,Open,historical-outside-range
G01Q,1991,0,Open,historical-outside-range
G01Q,1992,0,Open,historical-outside-range
G01Q,1993,0,Open,historical-outside-range
G01Q,1994,0,Open,historical-outside-range
G01Q,1995,0,Open,historical-outside-range
G01Q,1996,0,Open,historical-outside-range
G01Q,1997,0,Open,historical-outside-range
G01Q,1998,0,Open,historical-outside-range
G01Q,1999,0,Open,historical-outside-range
G01Q,2000,0,Open,historical-outside-range
G01Q,2001,0,Open,historical-outside-range
G01Q,2002,0,Open,historical-outside-range
G01Q,2003,0,Open,historical-outside-range
G01Q,2004,0,Open,historical-outside-range
G01Q,2005,0,Open,historical-outside-range
G01Q,2006,0,Open,historical-outside-range
G01Q,2007,0,Open,historical-outside-range
G01Q,2008,0,Open,historical-outside-range
G01Q,2009,0,Open,historical-outside-range
G01Q,2010,0,Open,historical-outside-range
G01Q,2011,0,Open,historical-outside-range
G01Q,2012,0,Open,historical-outside-range
G01Q,2013,0,Open,historical-outside-range
G01Q,2014,0,Open,historical-outside-range
G01Q,2015,0,Open,historical-outside-range
G01Q,2016,0,Open,historical-outside-range
G01Q,2017,0,Open,historical-outside-range
G01Q,2018,0,Open,historical-outside-range
G01Q,2019,0,Open,historical-outside-range
G01Q,2020,0,Open,historical-outside-range
G01Q,2021,0,Open,historical-outside-range
G01Q,2022,0,Open,historical-outside-range
G01Q,2023,0,Open,historical-outside-range
G01Q,2024,0,Open,historical-outside-range
G01Q,2025,0,Open,historical-outside-range
G01S,1975,0,Open,historical-outside-range
G01S,1976,0,Open,historical-outside-range
G01S,1977,0,Open,historical-outside-range
G01S,1978,0,Open,historical-outside-range
G01S,1979,0,Open,historical-outside-range
G01S,1980,0,Open,historical-outside-range
G01S,1981,0,Open,historical-outside-range
G01S,1982,0,Open,historical-outside-range
G01S,1983,0,Open,historical-outside-range
G01S,1984,0,Open,historical-outside-range
G01S,1985,0,Open,historical-outside-range
G01S,1986,0,Open,historical-outside-range
G01S,1987,0,Open,historical-outside-range
G01S,1988,0,Open,historical-outside-range
G01S,1989,0,Open,historical-outside-range
G01S,1990,0,Open,historical-outside-range
G01S,1991,0,Open,historical-outside-range
G01S,1992,0,Open,historical-outside-range
G01S,1993,0,Open,historical-outside-range
G01S,1994,0,Open,historical-outside-range
G01S,1995,0,Open,historical-outside-range
G01S,1996,0,Open,historical-outside-range
G01S,1997,0,Open,historical-outside-range
G01S,1998,0,Open,historical-outside-range
G01S,1999,0,Open,historical-outside-range
G01S,2000,0,Open,historical-outside-range
G01S,2001,0,Open,historical-outside-range
G01S,2002,0,Open,historical-outside-range
G01S,2003,0,Open,historical-outside-range
G01S,2004,0,Open,historical-outside-range
G01S,2005,0,Open,historical-outside-range
G01S,2006,0,Open,historical-outside-range
G01S,2007,0,Open,historical-outside-range
G01S,2008,0,Open,historical-outside-range
G01S,2009,0,Open,historical-outside-range
G01S,2010,0,Open,historical-outside-range
G01S,2011,0,Open,historical-outside-range
G01S,2012,0,Open,historical-outside-range
G01S,2013,0,Open,historical-outside-range
G01S,2014,0,Open,historical-outside-range
G01S,2015,0,Open,historical-outside-range
G01S,2016,0,Open,historical-outside-range
G01S,2017,0,Open,historical-outside-range
G01S,2018,0,Open,historical-outside-range
G01S,2019,0,Open,historical-outside-range
G01S,2020,0,Open,historical-outside-range
G01S,2021,0,Open,historical-outside-range
G01S,2022,0,Open,historical-outside-range
G01S,2023,0,Open,historical-outside-range
G01S,2024,0,Open,historical-outside-range
G01S,2025,0,Open,historical-outside-range
G01T,1975,0,Open,current
G01T,1976,0,Open,current
G01T,1977,0,Open,current
G01T,1978,0,Open,current
G01T,1979,0,Open,current
G01T,1980,0,Open,current
G01T,1981,0,Open,current
G01T,1982,0,Open,current
G01T,1983,0,Open,historical
G01T,1984,0,Open,historical
G01T,1985,0,Open,historical
G01T,1986,0,Open,historical
G01T,1987,0,Open,historical
G01T,1988,0,Open,historical
G01T,1989,0,Open,historical
G01T,1990,0,Open,historical
G01T,1991,0,Open,historical
G01T,1992,0,Open,historical
G01T,1993,0,Open,historical
G01T,1994,0,Open,historical
G01T,1995,0,Open,historical
G01T,1996,0,Open,historical
G01T,1997,0,Open,historical
G01T,1998,0,Open,historical
G01T,1999,0,Open,historical
G01T,2000,0,Open,historical
G01T,2001,0,Open,historical
G01T,2002,0,Open,historical
G01T,2003,0,Open,historical
G01T,2004,0,Open,historical
G01T,2005,0,Open,historical
G01T,2006,0,Open,historical
G01T,2007,0,Open,historical
G01T,2008,0,Open,historical
G01T,2009,0,Open,historical
G01T,2010,0,Open,historical
G01T,2011,0,Open,historical
G01T,2012,0,Open,historical
G01T,2013,0,Open,historical
G01T,2014,0,Open,historical
G01T,2015,0,Open,historical
G01T,2016,0,Open,historical
G01T,2017,0,Open,historical
G01T,2018,0,Open,historical
G01T,2019,0,Open,historical
G01T,2020,0,Open,historical
G01T,2021,0,Open,historical
G01T,2022,0,Open,current
G01T,2023,0,Open,current
G01T,2024,0,Open,current
G01T,2025,0,Open,current
G01U,1975,0,Open,current
G01U,1976,0,Open,current
G01U,1977,0,Open,current
G01U,1978,0,Open,current
G01U,1979,0,Open,current
G01U,1980,0,Open,current
G01U,1981,0,Open,current
G01U,1982,0,Open,current
G01U,1983,0,Open,current
G01U,1984,0,Open,current
G01U,1985,0,Open,current
G01U,1986,0,Open,current
G01U,1987,0,Open,current
G01U,1988,0,Open,current
G01U,1989,0,Open,current
G01U,1990,0,Open,current
G01U,1991,0,Open,current
G01U,1992,0,Open,current
G01U,1993,0,Open,current
G01U,1994,0,Open,current
G01U,1995,0,Open,current
G01U,1996,0,Open,current
G01U,1997,0,Open,current
G01U,1998,0,Open,current
G01U,1999,0,Open,current
G01U,2000,0,Open,current
G01U,2001,0,Open,current
G01U,2002,0,Open,current
G01U,2003,0,Open,current
G01U,2004,0,Open,current
G01U,2005,0,Open,current
G01U,2006,0,Open,current
G01U,2007,0,Open,current
G01U,2008,0,Open,current
G01U,2009,0,Open,current
G01U,2010,0,Open,current
G01U,2011,0,Open,current
G01U,2012,0,Open,current
G01U,2013,0,Open,current
G01U,2014,0,Open,current
G01U,2015,0,Open,current
G01U,2016,0,Open,current
G01U,2017,0,Open,current
G01U,2018,0,Open,current
G01U,2019,0,Open,current
G01U,2020,0,Open,current
G01U,2021,0,Open,current
G01U,2022,0,Open,current
G01U,2023,0,Open,current
G01U,2024,0,Open,current
G01U,2025,0,Open,current
G01X,1975,0,Open,current
G01X,1976,0,Open,current
G01X,1977,0,Open,current
G01X,1978,0,Open,current
G01X,1979,0,Open,current
G01X,1980,0,Open,current
G01X,1981,0,Open,current
G01X,1982,0,Open,current
G01X,1983,0,Open,current
G01X,1984,0,Open,current
G01X,1985,0,Open,current
G01X,1986,0,Open,current
G01X,1987,0,Open,historical
G01X,1988,0,Open,historical
G01X,1989,0,Open,historical
G01X,1990,0,Open,current
G01X,1991,0,Open,current
G01X,1992,0,Open,current
G01X,1993,0,Open,current
G01X,1994,0,Open,current
G01X,1995,0,Open,current
G01X,1996,0,Open,current
G01X,1997,0,Open,current
G01X,1998,0,Open,current
G01X,1999,0,Open,current
G01X,2000,0,Open,current
G01X,2001,0,Open,current
G01X,2002,0,Open,current
G01X,2003,0,Open,current
G01X,2004,0,Open,current
G01X,2005,0,Open,current
G01X,2006,0,Open,current
G01X,2007,0,Open,current
G01X,2008,0,Open,current
G01X,2009,0,Open,current
G01X,2010,0,Open,current
G01X,2011,0,Open,current
G01X,2012,0,Open,current
G01X,2013,0,Open,current
G01X,2014,0,Open,current
G01X,2015,0,Open,current
G01X,2016,0,Open,current
G01X,2017,0,Open,current
G01X,2018,0,Open,current
G01X,2019,0,Open,current
G01X,2020,0,Open,current
G01X,2021,0,Open,current
G01X,2022,0,Open,current
G01X,2023,0,Open,current
G01X,2024,0,Open,current
G01X,2025,0,Open,current
G02H,1975,0,Open,historical-outside-range
G02H,1976,0,Open,historical-outside-range
G02H,1977,0,Open,historical-outside-range
G02H,1978,0,Open,historical
G02H,1979,0,Open,historical
G02H,1980,0,Open,historical
G02H,1981,0,Open,historical-outside-range
G02H,1982,0,Open,historical-outside-range
G02H,1983,0,Open,historical-outside-range
G02H,1984,0,Open,historical-outside-range
G02H,1985,0,Open,historical-outside-range
G02H,1986,0,Open,historical-outside-range
G02H,1987,0,Open,historical-outside-range
G02H,1988,0,Open,historical-outside-range
G02H,1989,0,Open,historical-outside-range
G02H,1990,0,Open,historical-outside-range
G02H,1991,0,Open,historical-outside-range
G02H,1992,0,Open,historical-outside-range
G02H,1993,0,Open,historical-outside-range
G02H,1994,0,Open,historical-outside-range
G02H,1995,0,Open,historical-outside-range
G02H,1996,0,Open,historical-outside-range
G02H,1997,0,Open,historical-outside-range
G02H,1998,0,Open,historical-outside-range
G02H,1999,0,Open,historical-outside-range
G02H,2000,0,Open,historical-outside-range
G02H,2001,0,Open,historical-outside-range
G02H,2002,0,Open,historical-outside-range
G02H,2003,0,Open,historical-outside-range
G02H,2004,0,Open,historical-outside-range
G02H,2005,0,Open,historical-outside-range
G02H,2006,0,Open,historical-outside-range
G02H,2007,0,Open,historical-outside-range
G02H,2008,0,Open,historical-outside-range
G02H,2009,0,Open,historical-outside-range
G02H,2010,0,Open,historical-outside-range
G02H,2011,0,Open,historical-outside-range
G02H,2012,0,Open,historical-outside-range
G02H,2013,0,Open,historical-outside-range
G02H,2014,0,Open,historical-outside-range
G02H,2015,0,Open,historical-outside-range
G02H,2016,0,Open,historical-outside-range
G02H,2017,0,Open,historical-outside-range
G02H,2018,0,Open,historical-outside-range
G02H,2019,0,Open,historical-outside-range
G02H,2020,0,Open,historical-outside-range
G02H,2021,0,Open,historical-outside-range
G02H,2022,0,Open,historical-outside-range
G02H,2023,0,Open,historical-outside-range
G02H,2024,0,Open,historical-outside-range
G02H,2025,0,Open,historical-outside-range
G02J,1975,0,Open,historical-outside-range
G02J,1976,0,Open,historical-outside-range
G02J,1977,0,Open,historical-outside-range
G02J,1978,0,Open,historical
G02J,1979,0,Open,historical
G02J,1980,0,Open,historical
G02J,1981,0,Open,historical
G02J,1982,0,Open,historical
G02J,1983,0,Open,historical-outside-range
G02J,1984,0,Open,historical-outside-range
G02J,1985,0,Open,historical-outside-range
G02J,1986,0,Open,historical-outside-range
G02J,1987,0,Open,historical-outside-range
G02J,1988,0,Open,historical-outside-range
G02J,1989,0,Open,historical-outside-range
G02J,1990,0,Open,historical-outside-range
G02J,1991,0,Open,historical-outside-range
G02J,1992,0,Open,historical-outside-range
G02J,1993,0,Open,historical-outside-range
G02J,1994,0,Open,historical-outside-range
G02J,1995,0,Open,historical-outside-range
G02J,1996,0,Open,historical-outside-range
G02J,1997,0,Open,historical-outside-range
G02J,1998,0,Open,historical-outside-range
G02J,1999,0,Open,historical-outside-range
G02J,2000,0,Open,historical-outside-range
G02J,2001,0,Open,historical-outside-range
G02J,2002,0,Open,historical-outside-range
G02J,2003,0,Open,historical-outside-range
G02J,2004,0,Open,historical-outside-range
G02J,2005,0,Open,historical-outside-range
G02J,2006,0,Open,historical-outside-range
G02J,2007,0,Open,historical-outside-range
G02J,2008,0,Open,historical-outside-range
G02J,2009,0,Open,historical-outside-range
G02J,2010,0,Open,historical-outside-range
G02J,2011,0,Open,historical-outside-range
G02J,2012,0,Open,historical-outside-range
G02J,2013,0,Open,historical-outside-range
G02J,2014,0,Open,historical-outside-range
G02J,2015,0,Open,historical-outside-range
G02J,2016,0,Open,historical-outside-range
G02J,2017,0,Open,historical-outside-range
G02J,2018,0,Open,historical-outside-range
G02J,2019,0,Open,historical-outside-range
G02J,2020,0,Open,historical-outside-range
G02J,2021,0,Open,historical-outside-range
G02J,2022,0,Open,historical-outside-range
G02J,2023,0,Open,historical-outside-range
G02J,2024,0,Open,historical-outside-range
G02J,2025,0,Open,historical-outside-range
G02Q,1975,0,Open,historical-outside-range
G02Q,1976,0,Open,historical-outside-range
G02Q,1977,0,Open,historical-outside-range
G02Q,1978,0,Open,historical-outside-range
G02Q,1979,0,Open,historical-outside-range
G02Q,1980,0,Open,historical-outside-range
G02Q,1981,0,Open,historical-outside-range
G02Q,1982,0,Open,historical-outside-range
G02Q,1983,0,Open,historical-outside-range
G02Q,1984,0,Open,historical-outside-range
G02Q,1985,0,Open,historical-outside-range
G02Q,1986,0,Open,historical-outside-range
G02Q,1987,0,Open,historical-outside-range
G02Q,1988,0,Open,historical-outside-range
G02Q,1989,0,Open,historical-outside-range
G02Q,1990,0,Open,historical-outside-range
G02Q,1991,0,Open,historical-outside-range
G02Q,1992,0,Open,historical-outside-range
G02Q,1993,0,Open,historical-outside-range
G02Q,1994,0,Open,historical-outside-range
G02Q,1995,0,Open,historical-outside-range
G02Q,1996,0,Open,historical-outside-range
G02Q,1997,0,Open,historical-outside-range
G02Q,1998,0,Open,historical-outside-range
G02Q,1999,0,Open,historical-outside-range
G02Q,2000,0,Open,historical-outside-range
G02Q,2001,0,Open,historical-outside-range
G02Q,2002,0,Open,historical-outside-range
G02Q,2003,0,Open,historical-outside-range
G02Q,2004,0,Open,historical-outside-range
G02Q,2005,0,Open,historical-outside-range
G02Q,2006,0,Open,historical-outside-range
G02Q,2007,0,Open,historical-outside-range
G02Q,2008,0,Open,historical-outside-range
G02Q,2009,0,Open,historical-outside-range
G02Q,2010,0,Open,historical-outside-range
G02Q,2011,0,Open,historical-outside-range
G02Q,2012,0,Open,historical-outside-range
G02Q,2013,0,Open,historical-outside-range
G02Q,2014,0,Open,historical-outside-range
G02Q,2015,0,Open,historical-outside-range
G02Q,2016,0,Open,historical-outside-range
G02Q,2017,0,Open,historical-outside-range
G02Q,2018,0,Open,historical-outside-range
G02Q,2019,0,Open,historical-outside-range
G02Q,2020,0,Open,historical-outside-range
G02Q,2021,0,Open,historical-outside-range
G02Q,2022,0,Open,historical-outside-range
G02Q,2023,0,Open,historical-outside-range
G02Q,2024,0,Open,historical-outside-range
G02Q,2025,0,Open,historical-outside-range
G02X,1975,0,Open,current
G02X,1976,0,Open,current
G02X,1977,0,Open,current
G02X,1978,0,Open,current
G02X,1979,0,Open,current
G02X,1980,0,Open,current
G02X,1981,0,Open,current
G02X,1982,0,Open,current
G02X,1983,0,Open,current
G02X,1984,0,Open,current
G02X,1985,0,Open,current
G02X,1986,0,Open,historical
G02X,1987,0,Open,historical
G02X,1988,0,Open,historical
G02X,1989,0,Open,historical
G02X,1990,0,Open,historical
G02X,1991,0,Open,historical
G02X,1992,0,Open,historical
G02X,1993,0,Open,historical
G02X,1994,0,Open,historical
G02X,1995,0,Open,historical
G02X,1996,0,Open,historical
G02X,1997,0,Open,historical
G02X,1998,0,Open,historical
G02X,1999,0,Open,historical
G02X,2000,0,Open,historical
G02X,2001,0,Open,historical
G02X,2002,0,Open,historical
G02X,2003,0,Open,historical
G02X,2004,0,Open,historical
G02X,2005,0,Open,historical
G02X,2006,0,Open,historical
G02X,2007,0,Open,historical
G02X,2008,0,Open,historical
G02X,2009,0,Open,historical
G02X,2010,0,Open,historical
G02X,2011,0,Open,historical
G02X,2012,0,Open,historical
G02X,2013,0,Open,historical
G02X,2014,0,Open,historical
G02X,2015,0,Open,historical
G02X,2016,0,Open,historical
G02X,2017,0,Open,historical
G02X,2018,0,Open,historical
G02X,2019,0,Open,historical
G02X,2020,0,Open,historical
G02X,2021,0,Open,historical
G02X,2022,0,Open,current
G02X,2023,0,Open,current
G02X,2024,0,Open,current
G02X,2025,0,Open,current
G02Z,1975,1,Limited,current
G02Z,1976,1,Limited,current
G02Z,1977,1,Limited,current
G02Z,1978,1,Limited,current
G02Z,1979,1,Limited,current
G02Z,1980,1,Limited,current
G02Z,1981,1,Limited,current
G02Z,1982,1,Limited,current
G02Z,1983,1,Limited,current
G02Z,1984,1,Limited,historical
G02Z,1985,1,Limited,historical
G02Z,1986,1,Limited,historical
G02Z,1987,1,Limited,historical
G02Z,1988,1,Limited,historical
G02Z,1989,1,Limited,historical
G02Z,1990,1,Limited,historical
G02Z,1991,1,Limited,historical
G02Z,1992,1,Limited,historical
G02Z,1993,1,Limited,historical
G02Z,1994,1,Limited,historical
G02Z,1995,1,Limited,historical
G02Z,1996,1,Limited,historical
G02Z,1997,1,Limited,historical
G02Z,1998,1,Limited,historical
G02Z,1999,1,Limited,historical
G02Z,2000,1,Limited,historical
G02Z,2001,1,Limited,historical
G02Z,2002,1,Limited,historical
G02Z,2003,1,Limited,historical
G02Z,2004,1,Limited,historical
G02Z,2005,1,Limited,current
G02Z,2006,1,Limited,current
G02Z,2007,1,Limited,current
G02Z,2008,1,Limited,current
G02Z,2009,1,Limited,current
G02Z,2010,1,Limited,current
G02Z,2011,1,Limited,current
G02Z,2012,1,Limited,current
G02Z,2013,1,Limited,current
G02Z,2014,1,Limited,current
G02Z,2015,1,Limited,current
G02Z,2016,1,Limited,current
G02Z,2017,1,Limited,current
G02Z,2018,1,Limited,current
G02Z,2019,1,Limited,current
G02Z,2020,1,Limited,current
G02Z,2021,1,Limited,current
G02Z,2022,1,Limited,current
G02Z,2023,1,Limited,current
G02Z,2024,1,Limited,current
G02Z,2025,1,Limited,current
G03E,1975,0,Open,historical-outside-range
G03E,1976,0,Open,historical-outside-range
G03E,1977,0,Open,historical-outside-range
G03E,1978,0,Open,historical
G03E,1979,0,Open,historical
G03E,1980,0,Open,historical-outside-range
G03E,1981,0,Open,historical-outside-range
G03E,1982,0,Open,historical-outside-range
G03E,1983,0,Open,historical-outside-range
G03E,1984,0,Open,historical-outside-range
G03E,1985,0,Open,historical-outside-range
G03E,1986,0,Open,historical-outside-range
G03E,1987,0,Open,historical-outside-range
G03E,1988,0,Open,historical-outside-range
G03E,1989,0,Open,historical-outside-range
G03E,1990,0,Open,historical-outside-range
G03E,1991,0,Open,historical-outside-range
G03E,1992,0,Open,historical-outside-range
G03E,1993,0,Open,historical-outside-range
G03E,1994,0,Open,historical-outside-range
G03E,1995,0,Open,historical-outside-range
G03E,1996,0,Open,historical-outside-range
G03E,1997,0,Open,historical-outside-range
G03E,1998,0,Open,historical-outside-range
G03E,1999,0,Open,historical-outside-range
G03E,2000,0,Open,historical-outside-range
G03E,2001,0,Open,historical-outside-range
G03E,2002,0,Open,historical-outside-range
G03E,2003,0,Open,historical-outside-range
G03E,2004,0,Open,historical-outside-range
G03E,2005,0,Open,historical-outside-range
G03E,2006,0,Open,historical-outside-range
G03E,2007,0,Open,historical-outside-range
G03E,2008,0,Open,historical-outside-range
G03E,2009,0,Open,historical-outside-range
G03E,2010,0,Open,historical-outside-range
G03E,2011,0,Open,historical-outside-range
G03E,2012,0,Open,historical-outside-range
G03E,2013,0,Open,historical-outside-range
G03E,2014,0,Open,historical-outside-range
G03E,2015,0,Open,historical-outside-range
G03E,2016,0,Open,historical-outside-range
G03E,2017,0,Open,historical-outside-range
G03E,2018,0,Open,historical-outside-range
G03E,2019,0,Open,historical-outside-range
G03E,2020,0,Open,historical-outside-range
G03E,2021,0,Open,historical-outside-range
G03E,2022,0,Open,historical-outside-range
G03E,2023,0,Open,historical-outside-range
G03E,2024,0,Open,historical-outside-range
G03E,2025,0,Open,historical-outside-range
G03H,1975,0,Open,historical-outside-range
G03H,1976,0,Open,historical-outside-range
G03H,1977,0,Open,historical-outside-range
G03H,1978,0,Open,historical
G03H,1979,0,Open,historical
G03H,1980,0,Open,historical-outside-range
G03H,1981,0,Open,historical-outside-range
G03H,1982,0,Open,historical-outside-range
G03H,1983,0,Open,historical-outside-range
G03H,1984,0,Open,historical-outside-range
G03H,1985,0,Open,historical-outside-range
G03H,1986,0,Open,historical-outside-range
G03H,1987,0,Open,historical-outside-range
G03H,1988,0,Open,historical-outside-range
G03H,1989,0,Open,historical-outside-range
G03H,1990,0,Open,historical-outside-range
G03H,1991,0,Open,historical-outside-range
G03H,1992,0,Open,historical-outside-range
G03H,1993,0,Open,historical-outside-range
G03H,1994,0,Open,historical-outside-range
G03H,1995,0,Open,historical-outside-range
G03H,1996,0,Open,historical-outside-range
G03H,1997,0,Open,historical-outside-range
G03H,1998,0,Open,historical-outside-range
G03H,1999,0,Open,historical-outside-range
G03H,2000,0,Open,historical-outside-range
G03H,2001,0,Open,historical-outside-range
G03H,2002,0,Open,historical-outside-range
G03H,2003,0,Open,historical-outside-range
G03H,2004,0,Open,historical-outside-range
G03H,2005,0,Open,historical-outside-range
G03H,2006,0,Open,historical-outside-range
G03H,2007,0,Open,historical-outside-range
G03H,2008,0,Open,historical-outside-range
G03H,2009,0,Open,historical-outside-range
G03H,2010,0,Open,historical-outside-range
G03H,2011,0,Open,historical-outside-range
G03H,2012,0,Open,historical-outside-range
G03H,2013,0,Open,historical-outside-range
G03H,2014,0,Open,historical-outside-range
G03H,2015,0,Open,historical-outside-range
G03H,2016,0,Open,historical-outside-range
G03H,2017,0,Open,historical-outside-range
G03H,2018,0,Open,historical-outside-range
G03H,2019,0,Open,historical-outside-range
G03H,2020,0,Open,historical-outside-range
G03H,2021,0,Open,historical-outside-range
G03H,2022,0,Open,historical-outside-range
G03H,2023,0,Open,historical-outside-range
G03H,2024,0,Open,historical-outside-range
G03H,2025,0,Open,historical-outside-range
G03J,1975,0,Open,historical-outside-range
G03J,1976,0,Open,historical-outside-range
G03J,1977,0,Open,historical-outside-range
G03J,1978,0,Open,historical
G03J,1979,0,Open,historical
G03J,1980,0,Open,historical-outside-range
G03J,1981,0,Open,historical-outside-range
G03J,1982,0,Open,historical-outside-range
G03J,1983,0,Open,historical-outside-range
G03J,1984,0,Open,historical-outside-range
G03J,1985,0,Open,historical-outside-range
G03J,1986,0,Open,historical-outside-range
G03J,1987,0,Open,historical-outside-range
G03J,1988,0,Open,historical-outside-range
G03J,1989,0,Open,historical-outside-range
G03J,1990,0,Open,historical-outside-range
G03J,1991,0,Open,historical-outside-range
G03J,1992,0,Open,historical-outside-range
G03J,1993,0,Open,historical-outside-range
G03J,1994,0,Open,historical-outside-range
G03J,1995,0,Open,historical-outside-range
G03J,1996,0,Open,historical-outside-range
G03J,1997,0,Open,historical-outside-range
G03J,1998,0,Open,historical-outside-range
G03J,1999,0,Open,historical-outside-range
G03J,2000,0,Open,historical-outside-range
G03J,2001,0,Open,historical-outside-range
G03J,2002,0,Open,historical-outside-range
G03J,2003,0,Open,historical-outside-range
G03J,2004,0,Open,historical-outside-range
G03J,2005,0,Open,historical-outside-range
G03J,2006,0,Open,historical-outside-range
G03J,2007,0,Open,historical-outside-range
G03J,2008,0,Open,historical-outside-range
G03J,2009,0,Open,historical-outside-range
G03J,2010,0,Open,historical-outside-range
G03J,2011,0,Open,historical-outside-range
G03J,2012,0,Open,historical-outside-range
G03J,2013,0,Open,historical-outside-range
G03J,2014,0,Open,historical-outside-range
G03J,2015,0,Open,historical-outside-range
G03J,2016,0,Open,historical-outside-range
G03J,2017,0,Open,historical-outside-range
G03J,2018,0,Open,historical-outside-range
G03J,2019,0,Open,historical-outside-range
G03J,2020,0,Open,historical-outside-range
G03J,2021,0,Open,historical-outside-range
G03J,2022,0,Open,historical-outside-range
G03J,2023,0,Open,historical-outside-range
G03J,2024,0,Open,historical-outside-range
G03J,2025,0,Open,historical-outside-range
G04A,1975,0,Open,historical-outside-range
G04A,1976,0,Open,historical-outside-range
G04A,1977,0,Open,historical-outside-range
G04A,1978,0,Open,historical
G04A,1979,0,Open,historical
G04A,1980,0,Open,historical-outside-range
G04A,1981,0,Open,historical-outside-range
G04A,1982,0,Open,historical-outside-range
G04A,1983,0,Open,historical-outside-range
G04A,1984,0,Open,historical-outside-range
G04A,1985,0,Open,historical-outside-range
G04A,1986,0,Open,historical-outside-range
G04A,1987,0,Open,historical-outside-range
G04A,1988,0,Open,historical-outside-range
G04A,1989,0,Open,historical-outside-range
G04A,1990,0,Open,historical-outside-range
G04A,1991,0,Open,historical-outside-range
G04A,1992,0,Open,historical-outside-range
G04A,1993,0,Open,historical-outside-range
G04A,1994,0,Open,historical-outside-range
G04A,1995,0,Open,historical-outside-range
G04A,1996,0,Open,historical-outside-range
G04A,1997,0,Open,historical-outside-range
G04A,1998,0,Open,historical-outside-range
G04A,1999,0,Open,historical-outside-range
G04A,2000,0,Open,historical-outside-range
G04A,2001,0,Open,historical-outside-range
G04A,2002,0,Open,historical-outside-range
G04A,2003,0,Open,historical-outside-range
G04A,2004,0,Open,historical-outside-range
G04A,2005,0,Open,historical-outside-range
G04A,2006,0,Open,historical-outside-range
G04A,2007,0,Open,historical-outside-range
G04A,2008,0,Open,historical-outside-range
G04A,2009,0,Open,historical-outside-range
G04A,2010,0,Open,historical-outside-range
G04A,2011,0,Open,historical-outside-range
G04A,2012,0,Open,historical-outside-range
G04A,2013,0,Open,historical-outside-range
G04A,2014,0,Open,historical-outside-range
G04A,2015,0,Open,historical-outside-range
G04A,2016,0,Open,historical-outside-range
G04A,2017,0,Open,historical-outside-range
G04A,2018,0,Open,historical-outside-range
G04A,2019,0,Open,historical-outside-range
G04A,2020,0,Open,historical-outside-range
G04A,2021,0,Open,historical-outside-range
G04A,2022,0,Open,historical-outside-range
G04A,2023,0,Open,historical-outside-range
G04A,2024,0,Open,historical-outside-range
G04A,2025,0,Open,historical-outside-range
G04C,1975,0,Open,historical-outside-range
G04C,1976,0,Open,historical-outside-range
G04C,1977,0,Open,historical-outside-range
G04C,1978,0,Open,historical
G04C,1979,0,Open,historical
G04C,1980,0,Open,historical-outside-range
G04C,1981,0,Open,historical-outside-range
G04C,1982,0,Open,historical-outside-range
G04C,1983,0,Open,historical-outside-range
G04C,1984,0,Open,historical-outside-range
G04C,1985,0,Open,historical-outside-range
G04C,1986,0,Open,historical-outside-range
G04C,1987,0,Open,historical-outside-range
G04C,1988,0,Open,historical-outside-range
G04C,1989,0,Open,historical-outside-range
G04C,1990,0,Open,historical-outside-range
G04C,1991,0,Open,historical-outside-range
G04C,1992,0,Open,historical-outside-range
G04C,1993,0,Open,historical-outside-range
G04C,1994,0,Open,historical-outside-range
G04C,1995,0,Open,historical-outside-range
G04C,1996,0,Open,historical-outside-range
G04C,1997,0,Open,historical-outside-range
G04C,1998,0,Open,historical-outside-range
G04C,1999,0,Open,historical-outside-range
G04C,2000,0,Open,historical-outside-range
G04C,2001,0,Open,historical-outside-range
G04C,2002,0,Open,historical-outside-range
G04C,2003,0,Open,historical-outside-range
G04C,2004,0,Open,historical-outside-range
G04C,2005,0,Open,historical-outside-range
G04C,2006,0,Open,historical-outside-range
G04C,2007,0,Open,historical-outside-range
G04C,2008,0,Open,historical-outside-range
G04C,2009,0,Open,historical-outside-range
G04C,2010,0,Open,historical-outside-range
G04C,2011,0,Open,historical-outside-range
G04C,2012,0,Open,historical-outside-range
G04C,2013,0,Open,historical-outside-range
G04C,2014,0,Open,historical-outside-range
G04C,2015,0,Open,historical-outside-range
G04C,2016,0,Open,historical-outside-range
G04C,2017,0,Open,historical-outside-range
G04C,2018,0,Open,historical-outside-range
G04C,2019,0,Open,historical-outside-range
G04C,2020,0,Open,historical-outside-range
G04C,2021,0,Open,historical-outside-range
G04C,2022,0,Open,historical-outside-range
G04C,2023,0,Open,historical-outside-range
G04C,2024,0,Open,historical-outside-range
G04C,2025,0,Open,historical-outside-range
G04D,1975,0,Open,historical-outside-range
G04D,1976,0,Open,historical-outside-range
G04D,1977,0,Open,historical-outside-range
G04D,1978,0,Open,historical
G04D,1979,0,Open,historical
G04D,1980,0,Open,historical-outside-range
G04D,1981,0,Open,historical-outside-range
G04D,1982,0,Open,historical-outside-range
G04D,1983,0,Open,historical-outside-range
G04D,1984,0,Open,historical-outside-range
G04D,1985,0,Open,historical-outside-range
G04D,1986,0,Open,historical-outside-range
G04D,1987,0,Open,historical-outside-range
G04D,1988,0,Open,historical-outside-range
G04D,1989,0,Open,historical-outside-range
G04D,1990,0,Open,historical-outside-range
G04D,1991,0,Open,historical-outside-range
G04D,1992,0,Open,historical-outside-range
G04D,1993,0,Open,historical-outside-range
G04D,1994,0,Open,historical-outside-range
G04D,1995,0,Open,historical-outside-range
G04D,1996,0,Open,historical-outside-range
G04D,1997,0,Open,historical-outside-range
G04D,1998,0,Open,historical-outside-range
G04D,1999,0,Open,historical-outside-range
G04D,2000,0,Open,historical-outside-range
G04D,2001,0,Open,historical-outside-range
G04D,2002,0,Open,historical-outside-range
G04D,2003,0,Open,historical-outside-range
G04D,2004,0,Open,historical-outside-range
G04D,2005,0,Open,historical-outside-range
G04D,2006,0,Open,historical-outside-range
G04D,2007,0,Open,historical-outside-range
G04D,2008,0,Open,historical-outside-range
G04D,2009,0,Open,historical-outside-range
G04D,2010,0,Open,historical-outside-range
G04D,2011,0,Open,historical-outside-range
G04D,2012,0,Open,historical-outside-range
G04D,2013,0,Open,historical-outside-range
G04D,2014,0,Open,historical-outside-range
G04D,2015,0,Open,historical-outside-range
G04D,2016,0,Open,historical-outside-range
G04D,2017,0,Open,historical-outside-range
G04D,2018,0,Open,historical-outside-range
G04D,2019,0,Open,historical-outside-range
G04D,2020,0,Open,historical-outside-range
G04D,2021,0,Open,historical-outside-range
G04D,2022,0,Open,historical-outside-range
G04D,2023,0,Open,historical-outside-range
G04D,2024,0,Open,historical-outside-range
G04D,2025,0,Open,historical-outside-range
G04E,1975,0,Open,historical-outside-range
G04E,1976,0,Open,historical-outside-range
G04E,1977,0,Open,historical-outside-range
G04E,1978,0,Open,historical
G04E,1979,0,Open,historical
G04E,1980,0,Open,historical-outside-range
G04E,1981,0,Open,historical-outside-range
G04E,1982,0,Open,historical-outside-range
G04E,1983,0,Open,historical-outside-range
G04E,1984,0,Open,historical-outside-range
G04E,1985,0,Open,historical-outside-range
G04E,1986,0,Open,historical-outside-range
G04E,1987,0,Open,historical-outside-range
G04E,1988,0,Open,historical-outside-range
G04E,1989,0,Open,historical-outside-range
G04E,1990,0,Open,historical-outside-range
G04E,1991,0,Open,historical-outside-range
G04E,1992,0,Open,historical-outside-range
G04E,1993,0,Open,historical-outside-range
G04E,1994,0,Open,historical-outside-range
G04E,1995,0,Open,historical-outside-range
G04E,1996,0,Open,historical-outside-range
G04E,1997,0,Open,historical-outside-range
G04E,1998,0,Open,historical-outside-range
G04E,1999,0,Open,historical-outside-range
G04E,2000,0,Open,historical-outside-range
G04E,2001,0,Open,historical-outside-range
G04E,2002,0,Open,historical-outside-range
G04E,2003,0,Open,historical-outside-range
G04E,2004,0,Open,historical-outside-range
G04E,2005,0,Open,historical-outside-range
G04E,2006,0,Open,historical-outside-range
G04E,2007,0,Open,historical-outside-range
G04E,2008,0,Open,historical-outside-range
G04E,2009,0,Open,historical-outside-range
G04E,2010,0,Open,historical-outside-range
G04E,2011,0,Open,historical-outside-range
G04E,2012,0,Open,historical-outside-range
G04E,2013,0,Open,historical-outside-range
G04E,2014,0,Open,historical-outside-range
G04E,2015,0,Open,historical-outside-range
G04E,2016,0,Open,historical-outside-range
G04E,2017,0,Open,historical-outside-range
G04E,2018,0,Open,historical-outside-range
G04E,2019,0,Open,historical-outside-range
G04E,2020,0,Open,historical-outside-range
G04E,2021,0,Open,historical-outside-range
G04E,2022,0,Open,historical-outside-range
G04E,2023,0,Open,historical-outside-range
G04E,2024,0,Open,historical-outside-range
G04E,2025,0,Open,historical-outside-range
G04H,1975,0,Open,historical-outside-range
G04H,1976,0,Open,historical-outside-range
G04H,1977,0,Open,historical-outside-range
G04H,1978,0,Open,historical
G04H,1979,0,Open,historical
G04H,1980,0,Open,historical-outside-range
G04H,1981,0,Open,historical-outside-range
G04H,1982,0,Open,historical-outside-range
G04H,1983,0,Open,historical-outside-range
G04H,1984,0,Open,historical-outside-range
G04H,1985,0,Open,historical-outside-range
G04H,1986,0,Open,historical-outside-range
G04H,1987,0,Open,historical-outside-range
G04H,1988,0,Open,historical-outside-range
G04H,1989,0,Open,historical-outside-range
G04H,1990,0,Open,historical-outside-range
G04H,1991,0,Open,historical-outside-range
G04H,1992,0,Open,historical-outside-range
G04H,1993,0,Open,historical-outside-range
G04H,1994,0,Open,historical-outside-range
G04H,1995,0,Open,historical-outside-range
G04H,1996,0,Open,historical-outside-range
G04H,1997,0,Open,historical-outside-range
G04H,1998,0,Open,historical-outside-range
G04H,1999,0,Open,historical-outside-range
G04H,2000,0,Open,historical-outside-range
G04H,2001,0,Open,historical-outside-range
G04H,2002,0,Open,historical-outside-range
G04H,2003,0,Open,historical-outside-range
G04H,2004,0,Open,historical-outside-range
G04H,2005,0,Open,historical-outside-range
G04H,2006,0,Open,historical-outside-range
G04H,2007,0,Open,historical-outside-range
G04H,2008,0,Open,historical-outside-range
G04H,2009,0,Open,historical-outside-range
G04H,2010,0,Open,historical-outside-range
G04H,2011,0,Open,historical-outside-range
G04H,2012,0,Open,historical-outside-range
G04H,2013,0,Open,historical-outside-range
G04H,2014,0,Open,historical-outside-range
G04H,2015,0,Open,historical-outside-range
G04H,2016,0,Open,historical-outside-range
G04H,2017,0,Open,historical-outside-range
G04H,2018,0,Open,historical-outside-range
G04H,2019,0,Open,historical-outside-range
G04H,2020,0,Open,historical-outside-range
G04H,2021,0,Open,historical-outside-range
G04H,2022,0,Open,historical-outside-range
G04H,2023,0,Open,historical-outside-range
G04H,2024,0,Open,historical-outside-range
G04H,2025,0,Open,historical-outside-range
G04J,1975,0,Open,historical-outside-range
G04J,1976,0,Open,historical-outside-range
G04J,1977,0,Open,historical-outside-range
G04J,1978,0,Open,historical
G04J,1979,0,Open,historical
G04J,1980,0,Open,historical
G04J,1981,0,Open,historical-outside-range
G04J,1982,0,Open,historical-outside-range
G04J,1983,0,Open,historical-outside-range
G04J,1984,0,Open,historical-outside-range
G04J,1985,0,Open,historical-outside-range
G04J,1986,0,Open,historical-outside-range
G04J,1987,0,Open,historical-outside-range
G04J,1988,0,Open,historical-outside-range
G04J,1989,0,Open,historical-outside-range
G04J,1990,0,Open,historical-outside-range
G04J,1991,0,Open,historical-outside-range
G04J,1992,0,Open,historical-outside-range
G04J,1993,0,Open,historical-outside-range
G04J,1994,0,Open,historical-outside-range
G04J,1995,0,Open,historical-outside-range
G04J,1996,0,Open,historical-outside-range
G04J,1997,0,Open,historical-outside-range
G04J,1998,0,Open,historical-outside-range
G04J,1999,0,Open,historical-outside-range
G04J,2000,0,Open,historical-outside-range
G04J,2001,0,Open,historical-outside-range
G04J,2002,0,Open,historical-outside-range
G04J,2003,0,Open,historical-outside-range
G04J,2004,0,Open,historical-outside-range
G04J,2005,0,Open,historical-outside-range
G04J,2006,0,Open,historical-outside-range
G04J,2007,0,Open,historical-outside-range
G04J,2008,0,Open,historical-outside-range
G04J,2009,0,Open,historical-outside-range
G04J,2010,0,Open,historical-outside-range
G04J,2011,0,Open,historical-outside-range
G04J,2012,0,Open,historical-outside-range
G04J,2013,0,Open,historical-outside-range
G04J,2014,0,Open,historical-outside-range
G04J,2015,0,Open,historical-outside-range
G04J,2016,0,Open,historical-outside-range
G04J,2017,0,Open,historical-outside-range
G04J,2018,0,Open,historical-outside-range
G04J,2019,0,Open,historical-outside-range
G04J,2020,0,Open,historical-outside-range
G04J,2021,0,Open,historical-outside-range
G04J,2022,0,Open,historical-outside-range
G04J,2023,0,Open,historical-outside-range
G04J,2024,0,Open,historical-outside-range
G04J,2025,0,Open,historical-outside-range
G07A,1975,0,Open,historical-outside-range
G07A,1976,0,Open,historical-outside-range
G07A,1977,0,Open,historical-outside-range
G07A,1978,0,Open,historical
G07A,1979,0,Open,historical
G07A,1980,0,Open,historical
G07A,1981,0,Open,historical-outside-range
G07A,1982,0,Open,historical-outside-range
G07A,1983,0,Open,historical-outside-range
G07A,1984,0,Open,historical-outside-range
G07A,1985,0,Open,historical-outside-range
G07A,1986,0,Open,historical-outside-range
G07A,1987,0,Open,historical-outside-range
G07A,1988,0,Open,historical-outside-range
G07A,1989,0,Open,historical-outside-range
G07A,1990,0,Open,historical-outside-range
G07A,1991,0,Open,historical-outside-range
G07A,1992,0,Open,historical-outside-range
G07A,1993,0,Open,historical-outside-range
G07A,1994,0,Open,historical-outside-range
G07A,1995,0,Open,historical-outside-range
G07A,1996,0,Open,historical-outside-range
G07A,1997,0,Open,historical-outside-range
G07A,1998,0,Open,historical-outside-range
G07A,1999,0,Open,historical-outside-range
G07A,2000,0,Open,historical-outside-range
G07A,2001,0,Open,historical-outside-range
G07A,2002,0,Open,historical-outside-range
G07A,2003,0,Open,historical-outside-range
G07A,2004,0,Open,historical-outside-range
G07A,2005,0,Open,historical-outside-range
G07A,2006,0,Open,historical-outside-range
G07A,2007,0,Open,historical-outside-range
G07A,2008,0,Open,historical-outside-range
G07A,2009,0,Open,historical-outside-range
G07A,2010,0,Open,historical-outside-range
G07A,2011,0,Open,historical-outside-range
G07A,2012,0,Open,historical-outside-range
G07A,2013,0,Open,historical-outside-range
G07A,2014,0,Open,historical-outside-range
G07A,2015,0,Open,historical-outside-range
G07A,2016,0,Open,historical-outside-range
G07A,2017,0,Open,historical-outside-range
G07A,2018,0,Open,historical-outside-range
G07A,2019,0,Open,historical-outside-range
G07A,2020,0,Open,historical-outside-range
G07A,2021,0,Open,historical-outside-range
G07A,2022,0,Open,historical-outside-range
G07A,2023,0,Open,historical-outside-range
G07A,2024,0,Open,historical-outside-range
G07A,2025,0,Open,historical-outside-range
G07E,1975,0,Open,historical-outside-range
G07E,1976,0,Open,historical-outside-range
G07E,1977,0,Open,historical-outside-range
G07E,1978,0,Open,historical-outside-range
G07E,1979,0,Open,historical-outside-range
G07E,1980,0,Open,historical-outside-range
G07E,1981,0,Open,historical-outside-range
G07E,1982,0,Open,historical-outside-range
G07E,1983,0,Open,historical-outside-range
G07E,1984,0,Open,historical-outside-range
G07E,1985,0,Open,historical-outside-range
G07E,1986,0,Open,historical-outside-range
G07E,1987,0,Open,historical-outside-range
G07E,1988,0,Open,historical-outside-range
G07E,1989,0,Open,historical-outside-range
G07E,1990,0,Open,historical-outside-range
G07E,1991,0,Open,historical-outside-range
G07E,1992,0,Open,historical-outside-range
G07E,1993,0,Open,historical-outside-range
G07E,1994,0,Open,historical-outside-range
G07E,1995,0,Open,historical-outside-range
G07E,1996,0,Open,historical-outside-range
G07E,1997,0,Open,historical-outside-range
G07E,1998,0,Open,historical-outside-range
G07E,1999,0,Open,historical-outside-range
G07E,2000,0,Open,historical-outside-range
G07E,2001,0,Open,historical-outside-range
G07E,2002,0,Open,historical-outside-range
G07E,2003,0,Open,historical-outside-range
G07E,2004,0,Open,historical-outside-range
G07E,2005,0,Open,historical-outside-range
G07E,2006,0,Open,historical-outside-range
G07E,2007,0,Open,historical-outside-range
G07E,2008,0,Open,historical-outside-range
G07E,2009,0,Open,historical-outside-range
G07E,2010,0,Open,historical-outside-range
G07E,2011,0,Open,historical-outside-range
G07E,2012,0,Open,historical-outside-range
G07E,2013,0,Open,historical-outside-range
G07E,2014,0,Open,historical-outside-range
G07E,2015,0,Open,historical-outside-range
G07E,2016,0,Open,historical-outside-range
G07E,2017,0,Open,historical-outside-range
G07E,2018,0,Open,historical-outside-range
G07E,2019,0,Open,historical-outside-range
G07E,2020,0,Open,historical-outside-range
G07E,2021,0,Open,historical-outside-range
G07E,2022,0,Open,historical-outside-range
G07E,2023,0,Open,historical-outside-range
G07E,2024,0,Open,historical-outside-range
G07E,2025,0,Open,historical-outside-range
G07H,1975,0,Open,historical-outside-range
G07H,1976,0,Open,historical-outside-range
G07H,1977,0,Open,historical-outside-range
G07H,1978,0,Open,historical-outside-range
G07H,1979,0,Open,historical-outside-range
G07H,1980,0,Open,historical-outside-range
G07H,1981,0,Open,historical-outside-range
G07H,1982,0,Open,historical-outside-range
G07H,1983,0,Open,historical-outside-range
G07H,1984,0,Open,historical-outside-range
G07H,1985,0,Open,historical-outside-range
G07H,1986,0,Open,historical-outside-range
G07H,1987,0,Open,historical-outside-range
G07H,1988,0,Open,historical-outside-range
G07H,1989,0,Open,historical-outside-range
G07H,1990,0,Open,historical-outside-range
G07H,1991,0,Open,historical-outside-range
G07H,1992,0,Open,historical-outside-range
G07H,1993,0,Open,historical-outside-range
G07H,1994,0,Open,historical-outside-range
G07H,1995,0,Open,historical-outside-range
G07H,1996,0,Open,historical-outside-range
G07H,1997,0,Open,historical-outside-range
G07H,1998,0,Open,historical-outside-range
G07H,1999,0,Open,historical-outside-range
G07H,2000,0,Open,historical-outside-range
G07H,2001,0,Open,historical-outside-range
G07H,2002,0,Open,historical-outside-range
G07H,2003,0,Open,historical-outside-range
G07H,2004,0,Open,historical-outside-range
G07H,2005,0,Open,historical-outside-range
G07H,2006,0,Open,historical-outside-range
G07H,2007,0,Open,historical-outside-range
G07H,2008,0,Open,historical-outside-range
G07H,2009,0,Open,historical-outside-range
G07H,2010,0,Open,historical-outside-range
G07H,2011,0,Open,historical-outside-range
G07H,2012,0,Open,historical-outside-range
G07H,2013,0,Open,historical-outside-range
G07H,2014,0,Open,historical-outside-range
G07H,2015,0,Open,historical-outside-range
G07H,2016,0,Open,historical-outside-range
G07H,2017,0,Open,historical-outside-range
G07H,2018,0,Open,historical-outside-range
G07H,2019,0,Open,historical-outside-range
G07H,2020,0,Open,historical-outside-range
G07H,2021,0,Open,historical-outside-range
G07H,2022,0,Open,historical-outside-range
G07H,2023,0,Open,historical-outside-range
G07H,2024,0,Open,historical-outside-range
G07H,2025,0,Open,historical-outside-range
G07J,1975,0,Open,historical-outside-range
G07J,1976,0,Open,historical-outside-range
G07J,1977,0,Open,historical-outside-range
G07J,1978,0,Open,historical
G07J,1979,0,Open,historical
G07J,1980,0,Open,historical
G07J,1981,0,Open,historical-outside-range
G07J,1982,0,Open,historical-outside-range
G07J,1983,0,Open,historical-outside-range
G07J,1984,0,Open,historical-outside-range
G07J,1985,0,Open,historical-outside-range
G07J,1986,0,Open,historical-outside-range
G07J,1987,0,Open,historical-outside-range
G07J,1988,0,Open,historical-outside-range
G07J,1989,0,Open,historical-outside-range
G07J,1990,0,Open,historical-outside-range
G07J,1991,0,Open,historical-outside-range
G07J,1992,0,Open,historical-outside-range
G07J,1993,0,Open,historical-outside-range
G07J,1994,0,Open,historical-outside-range
G07J,1995,0,Open,historical-outside-range
G07J,1996,0,Open,historical-outside-range
G07J,1997,0,Open,historical-outside-range
G07J,1998,0,Open,historical-outside-range
G07J,1999,0,Open,historical-outside-range
G07J,2000,0,Open,historical-outside-range
G07J,2001,0,Open,historical-outside-range
G07J,2002,0,Open,historical-outside-range
G07J,2003,0,Open,historical-outside-range
G07J,2004,0,Open,historical-outside-range
G07J,2005,0,Open,historical-outside-range
G07J,2006,0,Open,historical-outside-range
G07J,2007,0,Open,historical-outside-range
G07J,2008,0,Open,historical-outside-range
G07J,2009,0,Open,historical-outside-range
G07J,2010,0,Open,historical-outside-range
G07J,2011,0,Open,historical-outside-range
G07J,2012,0,Open,historical-outside-range
G07J,2013,0,Open,historical-outside-range
G07J,2014,0,Open,historical-outside-range
G07J,2015,0,Open,historical-outside-range
G07J,2016,0,Open,historical-outside-range
G07J,2017,0,Open,historical-outside-range
G07J,2018,0,Open,historical-outside-range
G07J,2019,0,Open,historical-outside-range
G07J,2020,0,Open,historical-outside-range
G07J,2021,0,Open,historical-outside-range
G07J,2022,0,Open,historical-outside-range
G07J,2023,0,Open,historical-outside-range
G07J,2024,0,Open,historical-outside-range
G07J,2025,0,Open,historical-outside-range
G21A,1975,0,Open,historical-outside-range
G21A,1976,0,Open,historical-outside-range
G21A,1977,0,Open,historical-outside-range
G21A,1978,0,Open,historical
G21A,1979,0,Open,historical
G21A,1980,0,Open,historical
G21A,1981,0,Open,historical-outside-range
G21A,1982,0,Open,historical-outside-range
G21A,1983,0,Open,historical-outside-range
G21A,1984,0,Open,historical-outside-range
G21A,1985,0,Open,historical-outside-range
G21A,1986,0,Open,historical-outside-range
G21A,1987,0,Open,historical-outside-range
G21A,1988,0,Open,historical-outside-range
G21A,1989,0,Open,historical-outside-range
G21A,1990,0,Open,historical-outside-range
G21A,1991,0,Open,historical-outside-range
G21A,1992,0,Open,historical-outside-range
G21A,1993,0,Open,historical-outside-range
G21A,1994,0,Open,historical-outside-range
G21A,1995,0,Open,historical-outside-range
G21A,1996,0,Open,historical-outside-range
G21A,1997,0,Open,historical-outside-range
G21A,1998,0,Open,historical-outside-range
G21A,1999,0,Open,historical-outside-range
G21A,2000,0,Open,historical-outside-range
G21A,2001,0,Open,historical-outside-range
G21A,2002,0,Open,historical-outside-range
G21A,2003,0,Open,historical-outside-range
G21A,2004,0,Open,historical-outside-range
G21A,2005,0,Open,historical-outside-range
G21A,2006,0,Open,historical-outside-range
G21A,2007,0,Open,historical-outside-range
G21A,2008,0,Open,historical-outside-range
G21A,2009,0,Open,historical-outside-range
G21A,2010,0,Open,historical-outside-range
G21A,2011,0,Open,historical-outside-range
G21A,2012,0,Open,historical-outside-range
G21A,2013,0,Open,historical-outside-range
G21A,2014,0,Open,historical-outside-range
G21A,2015,0,Open,historical-outside-range
G21A,2016,0,Open,historical-outside-range
G21A,2017,0,Open,historical-outside-range
G21A,2018,0,Open,historical-outside-range
G21A,2019,0,Open,historical-outside-range
G21A,2020,0,Open,historical-outside-range
G21A,2021,0,Open,historical-outside-range
G21A,2022,0,Open,historical-outside-range
G21A,2023,0,Open,historical-outside-range
G21A,2024,0,Open,historical-outside-range
G21A,2025,0,Open,historical-outside-range
G21B,1975,0,Open,historical-outside-range
G21B,1976,0,Open,historical-outside-range
G21B,1977,0,Open,historical-outside-range
G21B,1978,0,Open,historical-outside-range
G21B,1979,0,Open,historical-outside-range
G21B,1980,0,Open,historical-outside-range
G21B,1981,0,Open,historical-outside-range
G21B,1982,0,Open,historical-outside-range
G21B,1983,0,Open,historical-outside-range
G21B,1984,0,Open,historical-outside-range
G21B,1985,0,Open,historical-outside-range
G21B,1986,0,Open,historical-outside-range
G21B,1987,0,Open,historical-outside-range
G21B,1988,0,Open,historical-outside-range
G21B,1989,0,Open,historical-outside-range
G21B,1990,0,Open,historical-outside-range
G21B,1991,0,Open,historical-outside-range
G21B,1992,0,Open,historical-outside-range
G21B,1993,0,Open,historical-outside-range
G21B,1994,0,Open,historical-outside-range
G21B,1995,0,Open,historical-outside-range
G21B,1996,0,Open,historical-outside-range
G21B,1997,0,Open,historical-outside-range
G21B,1998,0,Open,historical-outside-range
G21B,1999,0,Open,historical-outside-range
G21B,2000,0,Open,historical-outside-range
G21B,2001,0,Open,historical-outside-range
G21B,2002,0,Open,historical-outside-range
G21B,2003,0,Open,historical-outside-range
G21B,2004,0,Open,historical-outside-range
G21B,2005,0,Open,historical-outside-range
G21B,2006,0,Open,historical-outside-range
G21B,2007,0,Open,historical-outside-range
G21B,2008,0,Open,historical-outside-range
G21B,2009,0,Open,historical-outside-range
G21B,2010,0,Open,historical-outside-range
G21B,2011,0,Open,historical-outside-range
G21B,2012,0,Open,historical-outside-range
G21B,2013,0,Open,historical-outside-range
G21B,2014,0,Open,historical-outside-range
G21B,2015,0,Open,historical-outside-range
G21B,2016,0,Open,historical-outside-range
G21B,2017,0,Open,historical-outside-range
G21B,2018,0,Open,historical-outside-range
G21B,2019,0,Open,historical-outside-range
G21B,2020,0,Open,historical-outside-range
G21B,2021,0,Open,historical-outside-range
G21B,2022,0,Open,historical-outside-range
G21B,2023,0,Open,historical-outside-range
G21B,2024,0,Open,historical-outside-range
G21B,2025,0,Open,historical-outside-range
G21E,1975,0,Open,historical-outside-range
G21E,1976,0,Open,historical-outside-range
G21E,1977,0,Open,historical-outside-range
G21E,1978,0,Open,historical-outside-range
G21E,1979,0,Open,historical
G21E,1980,0,Open,historical
G21E,1981,0,Open,historical-outside-range
G21E,1982,0,Open,historical-outside-range
G21E,1983,0,Open,historical-outside-range
G21E,1984,0,Open,historical-outside-range
G21E,1985,0,Open,historical-outside-range
G21E,1986,0,Open,historical-outside-range
G21E,1987,0,Open,historical-outside-range
G21E,1988,0,Open,historical-outside-range
G21E,1989,0,Open,historical-outside-range
G21E,1990,0,Open,historical-outside-range
G21E,1991,0,Open,historical-outside-range
G21E,1992,0,Open,historical-outside-range
G21E,1993,0,Open,historical-outside-range
G21E,1994,0,Open,historical-outside-range
G21E,1995,0,Open,historical-outside-range
G21E,1996,0,Open,historical-outside-range
G21E,1997,0,Open,historical-outside-range
G21E,1998,0,Open,historical-outside-range
G21E,1999,0,Open,historical-outside-range
G21E,2000,0,Open,historical-outside-range
G21E,2001,0,Open,historical-outside-range
G21E,2002,0,Open,historical-outside-range
G21E,2003,0,Open,historical-outside-range
G21E,2004,0,Open,historical-outside-range
G21E,2005,0,Open,historical-outside-range
G21E,2006,0,Open,historical-outside-range
G21E,2007,0,Open,historical-outside-range
G21E,2008,0,Open,historical-outside-range
G21E,2009,0,Open,historical-outside-range
G21E,2010,0,Open,historical-outside-range
G21E,2011,0,Open,historical-outside-range
G21E,2012,0,Open,historical-outside-range
G21E,2013,0,Open,historical-outside-range
G21E,2014,0,Open,historical-outside-range
G21E,2015,0,Open,historical-outside-range
G21E,2016,0,Open,historical-outside-range
G21E,2017,0,Open,historical-outside-range
G21E,2018,0,Open,historical-outside-range
G21E,2019,0,Open,historical-outside-range
G21E,2020,0,Open,historical-outside-range
G21E,2021,0,Open,historical-outside-range
G21E,2022,0,Open,historical-outside-range
G21E,2023,0,Open,historical-outside-range
G21E,2024,0,Open,historical-outside-range
G21E,2025,0,Open,historical-outside-range
G21J,1975,0,Open,historical-outside-range
G21J,1976,0,Open,historical-outside-range
G21J,1977,0,Open,historical-outside-range
G21J,1978,0,Open,historical
G21J,1979,0,Open,historical
G21J,1980,0,Open,historical
G21J,1981,0,Open,historical-outside-range
G21J,1982,0,Open,historical-outside-range
G21J,1983,0,Open,historical-outside-range
G21J,1984,0,Open,historical-outside-range
G21J,1985,0,Open,historical-outside-range
G21J,1986,0,Open,historical-outside-range
G21J,1987,0,Open,historical-outside-range
G21J,1988,0,Open,historical-outside-range
G21J,1989,0,Open,historical-outside-range
G21J,1990,0,Open,historical-outside-range
G21J,1991,0,Open,historical-outside-range
G21J,1992,0,Open,historical-outside-range
G21J,1993,0,Open,historical-outside-range
G21J,1994,0,Open,historical-outside-range
G21J,1995,0,Open,historical-outside-range
G21J,1996,0,Open,historical-outside-range
G21J,1997,0,Open,historical-outside-range
G21J,1998,0,Open,historical-outside-range
G21J,1999,0,Open,historical-outside-range
G21J,2000,0,Open,historical-outside-range
G21J,2001,0,Open,historical-outside-range
G21J,2002,0,Open,historical-outside-range
G21J,2003,0,Open,historical-outside-range
G21J,2004,0,Open,historical-outside-range
G21J,2005,0,Open,historical-outside-range
G21J,2006,0,Open,historical-outside-range
G21J,2007,0,Open,historical-outside-range
G21J,2008,0,Open,historical-outside-range
G21J,2009,0,Open,historical-outside-range
G21J,2010,0,Open,historical-outside-range
G21J,2011,0,Open,historical-outside-range
G21J,2012,0,Open,historical-outside-range
G21J,2013,0,Open,historical-outside-range
G21J,2014,0,Open,historical-outside-range
G21J,2015,0,Open,historical-outside-range
G21J,2016,0,Open,historical-outside-range
G21J,2017,0,Open,historical-outside-range
G21J,2018,0,Open,historical-outside-range
G21J,2019,0,Open,historical-outside-range
G21J,2020,0,Open,historical-outside-range
G21J,2021,0,Open,historical-outside-range
G21J,2022,0,Open,historical-outside-range
G21J,2023,0,Open,historical-outside-range
G21J,2024,0,Open,historical-outside-range
G21J,2025,0,Open,historical-outside-range
G31K,1975,1,Limited,current
G31K,1976,1,Limited,current
G31K,1977,1,Limited,current
G31K,1978,1,Limited,current
G31K,1979,1,Limited,current
G31K,1980,1,Limited,current
G31K,1981,1,Limited,current
G31K,1982,1,Limited,current
G31K,1983,1,Limited,current
G31K,1984,1,Limited,current
G31K,1985,1,Limited,current
G31K,1986,1,Limited,current
G31K,1987,1,Limited,historical
G31K,1988,1,Limited,historical
G31K,1989,1,Limited,historical
G31K,1990,1,Limited,historical
G31K,1991,1,Limited,historical
G31K,1992,1,Limited,historical
G31K,1993,1,Limited,historical
G31K,1994,1,Limited,historical
G31K,1995,1,Limited,historical
G31K,1996,1,Limited,historical
G31K,1997,1,Limited,historical
G31K,1998,1,Limited,historical
G31K,1999,1,Limited,historical
G31K,2000,1,Limited,historical
G31K,2001,1,Limited,historical
G31K,2002,1,Limited,historical
G31K,2003,1,Limited,historical
G31K,2004,1,Limited,historical
G31K,2005,1,Limited,historical
G31K,2006,1,Limited,historical
G31K,2007,1,Limited,historical
G31K,2008,1,Limited,historical
G31K,2009,1,Limited,historical
G31K,2010,1,Limited,historical
G31K,2011,1,Limited,historical
G31K,2012,1,Limited,historical
G31K,2013,1,Limited,historical
G31K,2014,1,Limited,historical
G31K,2015,1,Limited,historical
G31K,2016,1,Limited,historical
G31K,2017,1,Limited,historical
G31K,2018,1,Limited,historical
G31K,2019,1,Limited,historical
G31K,2020,1,Limited,historical
G31K,2021,1,Limited,historical
G31K,2022,1,Limited,current
G31K,2023,1,Limited,current
G31K,2024,1,Limited,current
G31K,2025,1,Limited,current
G34A,1975,1,Limited,current
G34A,1976,1,Limited,current
G34A,1977,1,Limited,current
G34A,1978,1,Limited,current
G34A,1979,1,Limited,current
G34A,1980,1,Limited,historical
G34A,1981,1,Limited,historical
G34A,1982,1,Limited,historical
G34A,1983,1,Limited,historical
G34A,1984,1,Limited,historical
G34A,1985,1,Limited,historical
G34A,1986,1,Limited,historical
G34A,1987,1,Limited,historical
G34A,1988,1,Limited,historical
G34A,1989,1,Limited,historical
G34A,1990,1,Limited,historical
G34A,1991,1,Limited,historical
G34A,1992,1,Limited,historical
G34A,1993,1,Limited,historical
G34A,1994,1,Limited,historical
G34A,1995,1,Limited,historical
G34A,1996,1,Limited,historical
G34A,1997,1,Limited,historical
G34A,1998,1,Limited,historical
G34A,1999,1,Limited,historical
G34A,2000,1,Limited,historical
G34A,2001,1,Limited,historical
G34A,2002,1,Limited,historical
G34A,2003,1,Limited,historical
G34A,2004,1,Limited,historical
G34A,2005,1,Limited,historical
G34A,2006,1,Limited,historical
G34A,2007,1,Limited,historical
G34A,2008,1,Limited,historical
G34A,2009,1,Limited,historical
G34A,2010,1,Limited,historical
G34A,2011,1,Limited,historical
G34A,2012,1,Limited,historical
G34A,2013,1,Limited,historical
G34A,2014,1,Limited,historical
G34A,2015,1,Limited,historical
G34A,2016,1,Limited,historical
G34A,2017,1,Limited,historical
G34A,2018,1,Limited,historical
G34A,2019,1,Limited,historical
G34A,2020,1,Limited,historical
G34A,2021,1,Limited,historical
G34A,2022,1,Limited,current
G34A,2023,1,Limited,current
G34A,2024,1,Limited,current
G34A,2025,1,Limited,current
G34D,1975,0,Open,historical-outside-range
G34D,1976,0,Open,historical-outside-range
G34D,1977,0,Open,historical-outside-range
G34D,1978,0,Open,historical-outside-range
G34D,1979,0,Open,historical-outside-range
G34D,1980,0,Open,historical-outside-range
G34D,1981,0,Open,historical-outside-range
G34D,1982,0,Open,historical-outside-range
G34D,1983,0,Open,historical-outside-range
G34D,1984,0,Open,historical-outside-range
G34D,1985,0,Open,historical-outside-range
G34D,1986,0,Open,historical-outside-range
G34D,1987,0,Open,historical-outside-range
G34D,1988,0,Open,historical-outside-range
G34D,1989,0,Open,historical-outside-range
G34D,1990,0,Open,historical-outside-range
G34D,1991,0,Open,historical-outside-range
G34D,1992,0,Open,historical-outside-range
G34D,1993,0,Open,historical-outside-range
G34D,1994,0,Open,historical-outside-range
G34D,1995,0,Open,historical-outside-range
G34D,1996,0,Open,historical-outside-range
G34D,1997,0,Open,historical-outside-range
G34D,1998,0,Open,historical-outside-range
G34D,1999,0,Open,historical-outside-range
G34D,2000,0,Open,historical-outside-range
G34D,2001,0,Open,historical-outside-range
G34D,2002,0,Open,historical-outside-range
G34D,2003,0,Open,historical-outside-range
G34D,2004,0,Open,historical-outside-range
G34D,2005,0,Open,historical-outside-range
G34D,2006,0,Open,historical-outside-range
G34D,2007,0,Open,historical-outside-range
G34D,2008,0,Open,historical-outside-range
G34D,2009,0,Open,historical-outside-range
G34D,2010,0,Open,historical-outside-range
G34D,2011,0,Open,historical-outside-range
G34D,2012,0,Open,historical-outside-range
G34D,2013,0,Open,historical-outside-range
G34D,2014,0,Open,historical-outside-range
G34D,2015,0,Open,historical-outside-range
G34D,2016,0,Open,historical-outside-range
G34D,2017,0,Open,historical-outside-range
G34D,2018,0,Open,historical-outside-range
G34D,2019,0,Open,historical-outside-range
G34D,2020,0,Open,historical-outside-range
G34D,2021,0,Open,historical-outside-range
G34D,2022,0,Open,historical-outside-range
G34D,2023,0,Open,historical-outside-range
G34D,2024,0,Open,historical-outside-range
G34D,2025,0,Open,historical-outside-range
G34E,1975,1,Limited,current
G34E,1976,1,Limited,current
G34E,1977,1,Limited,current
G34E,1978,1,Limited,current
G34E,1979,1,Limited,current
G34E,1980,1,Limited,historical
G34E,1981,1,Limited,historical
G34E,1982,1,Limited,historical
G34E,1983,1,Limited,historical
G34E,1984,1,Limited,historical
G34E,1985,1,Limited,historical
G34E,1986,1,Limited,historical
G34E,1987,1,Limited,historical
G34E,1988,1,Limited,historical
G34E,1989,1,Limited,historical
G34E,1990,1,Limited,historical
G34E,1991,1,Limited,historical
G34E,1992,1,Limited,historical
G34E,1993,1,Limited,historical
G34E,1994,1,Limited,historical
G34E,1995,1,Limited,historical
G34E,1996,1,Limited,historical
G34E,1997,1,Limited,historical
G34E,1998,1,Limited,historical
G34E,1999,1,Limited,historical
G34E,2000,1,Limited,historical
G34E,2001,1,Limited,historical
G34E,2002,1,Limited,historical
G34E,2003,1,Limited,historical
G34E,2004,1,Limited,historical
G34E,2005,1,Limited,historical
G34E,2006,1,Limited,historical
G34E,2007,1,Limited,historical
G34E,2008,1,Limited,historical
G34E,2009,1,Limited,historical
G34E,2010,1,Limited,historical
G34E,2011,1,Limited,historical
G34E,2012,1,Limited,historical
G34E,2013,1,Limited,historical
G34E,2014,1,Limited,historical
G34E,2015,1,Limited,historical
G34E,2016,1,Limited,historical
G34E,2017,1,Limited,historical
G34E,2018,1,Limited,historical
G34E,2019,1,Limited,historical
G34E,2020,1,Limited,historical
G34E,2021,1,Limited,historical
G34E,2022,1,Limited,current
G34E,2023,1,Limited,current
G34E,2024,1,Limited,current
G34E,2025,1,Limited,current
G34G,1975,0,Open,historical-outside-range
G34G,1976,0,Open,historical-outside-range
G34G,1977,0,Open,historical-outside-range
G34G,1978,0,Open,historical-outside-range
G34G,1979,0,Open,historical-outside-range
G34G,1980,0,Open,historical-outside-range
G34G,1981,0,Open,historical-outside-range
G34G,1982,0,Open,historical-outside-range
G34G,1983,0,Open,historical-outside-range
G34G,1984,0,Open,historical-outside-range
G34G,1985,0,Open,historical-outside-range
G34G,1986,0,Open,historical-outside-range
G34G,1987,0,Open,historical-outside-range
G34G,1988,0,Open,historical-outside-range
G34G,1989,0,Open,historical-outside-range
G34G,1990,0,Open,historical-outside-range
G34G,1991,0,Open,historical-outside-range
G34G,1992,0,Open,historical-outside-range
G34G,1993,0,Open,historical-outside-range
G34G,1994,0,Open,historical-outside-range
G34G,1995,0,Open,historical-outside-range
G34G,1996,0,Open,historical-outside-range
G34G,1997,0,Open,historical-outside-range
G34G,1998,0,Open,historical-outside-range
G34G,1999,0,Open,historical-outside-range
G34G,2000,0,Open,historical-outside-range
G34G,2001,0,Open,historical-outside-range
G34G,2002,0,Open,historical-outside-range
G34G,2003,0,Open,historical-outside-range
G34G,2004,0,Open,historical-outside-range
G34G,2005,0,Open,historical-outside-range
G34G,2006,0,Open,historical-outside-range
G34G,2007,0,Open,historical-outside-range
G34G,2008,0,Open,historical-outside-range
G34G,2009,0,Open,historical-outside-range
G34G,2010,0,Open,historical-outside-range
G34G,2011,0,Open,historical-outside-range
G34G,2012,0,Open,historical-outside-range
G34G,2013,0,Open,historical-outside-range
G34G,2014,0,Open,historical-outside-range
G34G,2015,0,Open,historical-outside-range
G34G,2016,0,Open,historical-outside-range
G34G,2017,0,Open,historical-outside-range
G34G,2018,0,Open,historical-outside-range
G34G,2019,0,Open,historical-outside-range
G34G,2020,0,Open,historical-outside-range
G34G,2021,0,Open,historical-outside-range
G34G,2022,0,Open,historical-outside-range
G34G,2023,0,Open,historical-outside-range
G34G,2024,0,Open,historical-outside-range
G34G,2025,0,Open,historical-outside-range
G34H,1975,0,Open,current
G34H,1976,0,Open,current
G34H,1977,0,Open,current
G34H,1978,0,Open,current
G34H,1979,0,Open,current
G34H,1980,0,Open,historical
G34H,1981,0,Open,historical
G34H,1982,0,Open,historical
G34H,1983,0,Open,historical
G34H,1984,0,Open,historical
G34H,1985,0,Open,historical
G34H,1986,0,Open,historical
G34H,1987,0,Open,historical
G34H,1988,0,Open,historical
G34H,1989,0,Open,historical
G34H,1990,0,Open,historical
G34H,1991,0,Open,historical
G34H,1992,0,Open,historical
G34H,1993,0,Open,historical
G34H,1994,0,Open,historical
G34H,1995,0,Open,historical
G34H,1996,0,Open,historical
G34H,1997,0,Open,historical
G34H,1998,0,Open,historical
G34H,1999,0,Open,historical
G34H,2000,0,Open,historical
G34H,2001,0,Open,historical
G34H,2002,0,Open,historical
G34H,2003,0,Open,historical
G34H,2004,0,Open,historical
G34H,2005,0,Open,historical
G34H,2006,0,Open,historical
G34H,2007,0,Open,historical
G34H,2008,0,Open,historical
G34H,2009,0,Open,historical
G34H,2010,0,Open,historical
G34H,2011,0,Open,historical
G34H,2012,0,Open,historical
G34H,2013,0,Open,historical
G34H,2014,0,Open,historical
G34H,2015,0,Open,historical
G34H,2016,0,Open,historical
G34H,2017,0,Open,historical
G34H,2018,0,Open,historical
G34H,2019,0,Open,historical
G34H,2020,0,Open,historical
G34H,2021,0,Open,historical
G34H,2022,0,Open,current
G34H,2023,0,Open,current
G34H,2024,0,Open,current
G34H,2025,0,Open,current
G34J,1975,0,Open,historical-outside-range
G34J,1976,0,Open,historical-outside-range
G34J,1977,0,Open,historical-outside-range
G34J,1978,0,Open,historical-outside-range
G34J,1979,0,Open,historical-outside-range
G34J,1980,0,Open,historical
G34J,1981,0,Open,historical
G34J,1982,0,Open,historical
G34J,1983,0,Open,historical-outside-range
G34J,1984,0,Open,historical-outside-range
G34J,1985,0,Open,historical-outside-range
G34J,1986,0,Open,historical-outside-range
G34J,1987,0,Open,historical-outside-range
G34J,1988,0,Open,historical-outside-range
G34J,1989,0,Open,historical-outside-range
G34J,1990,0,Open,historical-outside-range
G34J,1991,0,Open,historical-outside-range
G34J,1992,0,Open,historical-outside-range
G34J,1993,0,Open,historical-outside-range
G34J,1994,0,Open,historical-outside-range
G34J,1995,0,Open,historical-outside-range
G34J,1996,0,Open,historical-outside-range
G34J,1997,0,Open,historical-outside-range
G34J,1998,0,Open,historical-outside-range
G34J,1999,0,Open,historical-outside-range
G34J,2000,0,Open,historical-outside-range
G34J,2001,0,Open,historical-outside-range
G34J,2002,0,Open,historical-outside-range
G34J,2003,0,Open,historical-outside-range
G34J,2004,0,Open,historical-outside-range
G34J,2005,0,Open,historical-outside-range
G34J,2006,0,Open,historical-outside-range
G34J,2007,0,Open,historical-outside-range
G34J,2008,0,Open,historical-outside-range
G34J,2009,0,Open,historical-outside-range
G34J,2010,0,Open,historical-outside-range
G34J,2011,0,Open,historical-outside-range
G34J,2012,0,Open,historical-outside-range
G34J,2013,0,Open,historical-outside-range
G34J,2014,0,Open,historical-outside-range
G34J,2015,0,Open,historical-outside-range
G34J,2016,0,Open,historical-outside-range
G34J,2017,0,Open,historical-outside-range
G34J,2018,0,Open,historical-outside-range
G34J,2019,0,Open,historical-outside-range
G34J,2020,0,Open,historical-outside-range
G34J,2021,0,Open,historical-outside-range
G34J,2022,0,Open,historical-outside-range
G34J,2023,0,Open,historical-outside-range
G34J,2024,0,Open,historical-outside-range
G34J,2025,0,Open,historical-outside-range
G34K,1975,1,Limited,current
G34K,1976,1,Limited,current
G34K,1977,1,Limited,current
G34K,1978,1,Limited,current
G34K,1979,1,Limited,current
G34K,1980,1,Limited,current
G34K,1981,1,Limited,historical
G34K,1982,1,Limited,historical
G34K,1983,1,Limited,historical
G34K,1984,1,Limited,historical
G34K,1985,1,Limited,historical
G34K,1986,1,Limited,historical
G34K,1987,1,Limited,historical
G34K,1988,1,Limited,historical
G34K,1989,1,Limited,historical
G34K,1990,1,Limited,historical
G34K,1991,1,Limited,historical
G34K,1992,1,Limited,historical
G34K,1993,1,Limited,historical
G34K,1994,1,Limited,historical
G34K,1995,1,Limited,historical
G34K,1996,1,Limited,historical
G34K,1997,1,Limited,historical
G34K,1998,1,Limited,historical
G34K,1999,1,Limited,historical
G34K,2000,1,Limited,historical
G34K,2001,1,Limited,historical
G34K,2002,1,Limited,historical
G34K,2003,1,Limited,historical
G34K,2004,1,Limited,historical
G34K,2005,1,Limited,historical
G34K,2006,1,Limited,historical
G34K,2007,1,Limited,historical
G34K,2008,1,Limited,historical
G34K,2009,1,Limited,historical
G34K,2010,1,Limited,historical
G34K,2011,1,Limited,historical
G34K,2012,1,Limited,historical
G34K,2013,1,Limited,historical
G34K,2014,1,Limited,historical
G34K,2015,1,Limited,historical
G34K,2016,1,Limited,historical
G34K,2017,1,Limited,historical
G34K,2018,1,Limited,historical
G34K,2019,1,Limited,historical
G34K,2020,1,Limited,historical
G34K,2021,1,Limited,historical
G34K,2022,1,Limited,current
G34K,2023,1,Limited,current
G34K,2024,1,Limited,current
G34K,2025,1,Limited,current
G34L,1975,0,Open,historical-outside-range
G34L,1976,0,Open,historical-outside-range
G34L,1977,0,Open,historical-outside-range
G34L,1978,0,Open,historical-outside-range
G34L,1979,0,Open,historical-outside-range
G34L,1980,0,Open,historical-outside-range
G34L,1981,0,Open,historical-outside-range
G34L,1982,0,Open,historical-outside-range
G34L,1983,0,Open,historical-outside-range
G34L,1984,0,Open,historical-outside-range
G34L,1985,0,Open,historical-outside-range
G34L,1986,0,Open,historical-outside-range
G34L,1987,0,Open,historical-outside-range
G34L,1988,0,Open,historical-outside-range
G34L,1989,0,Open,historical-outside-range
G34L,1990,0,Open,historical-outside-range
G34L,1991,0,Open,historical-outside-range
G34L,1992,0,Open,historical-outside-range
G34L,1993,0,Open,historical-outside-range
G34L,1994,0,Open,historical-outside-range
G34L,1995,0,Open,historical-outside-range
G34L,1996,0,Open,historical-outside-range
G34L,1997,0,Open,historical-outside-range
G34L,1998,0,Open,historical-outside-range
G34L,1999,0,Open,historical-outside-range
G34L,2000,0,Open,historical-outside-range
G34L,2001,0,Open,historical-outside-range
G34L,2002,0,Open,historical-outside-range
G34L,2003,0,Open,historical-outside-range
G34L,2004,0,Open,historical-outside-range
G34L,2005,0,Open,historical-outside-range
G34L,2006,0,Open,historical-outside-range
G34L,2007,0,Open,historical-outside-range
G34L,2008,0,Open,historical-outside-range
G34L,2009,0,Open,historical-outside-range
G34L,2010,0,Open,historical-outside-range
G34L,2011,0,Open,historical-outside-range
G34L,2012,0,Open,historical-outside-range
G34L,2013,0,Open,historical-outside-range
G34L,2014,0,Open,historical-outside-range
G34L,2015,0,Open,historical-outside-range
G34L,2016,0,Open,historical-outside-range
G34L,2017,0,Open,historical-outside-range
G34L,2018,0,Open,historical-outside-range
G34L,2019,0,Open,historical-outside-range
G34L,2020,0,Open,historical-outside-range
G34L,2021,0,Open,historical-outside-range
G34L,2022,0,Open,historical-outside-range
G34L,2023,0,Open,historical-outside-range
G34L,2024,0,Open,historical-outside-range
G34L,2025,0,Open,historical-outside-range
G34M,1975,0,Open,current
G34M,1976,0,Open,current
G34M,1977,0,Open,current
G34M,1978,0,Open,current
G34M,1979,0,Open,current
G34M,1980,0,Open,current
G34M,1981,0,Open,historical
G34M,1982,0,Open,historical
G34M,1983,0,Open,historical
G34M,1984,0,Open,historical
G34M,1985,0,Open,historical
G34M,1986,0,Open,historical
G34M,1987,0,Open,historical
G34M,1988,0,Open,historical
G34M,1989,0,Open,historical
G34M,1990,0,Open,historical
G34M,1991,0,Open,historical
G34M,1992,0,Open,historical
G34M,1993,0,Open,historical
G34M,1994,0,Open,historical
G34M,1995,0,Open,historical
G34M,1996,0,Open,historical
G34M,1997,0,Open,historical
G34M,1998,0,Open,historical
G34M,1999,0,Open,historical
G34M,2000,0,Open,historical
G34M,2001,0,Open,historical
G34M,2002,0,Open,historical
G34M,2003,0,Open,historical
G34M,2004,0,Open,historical
G34M,2005,0,Open,historical
G34M,2006,0,Open,historical
G34M,2007,0,Open,historical
G34M,2008,0,Open,historical
G34M,2009,0,Open,historical
G34M,2010,0,Open,historical
G34M,2011,0,Open,historical
G34M,2012,0,Open,historical
G34M,2013,0,Open,historical
G34M,2014,0,Open,historical
G34M,2015,0,Open,historical
G34M,2016,0,Open,historical
G34M,2017,0,Open,historical
G34M,2018,0,Open,historical
G34M,2019,0,Open,historical
G34M,2020,0,Open,historical
G34M,2021,0,Open,historical
G34M,2022,0,Open,current
G34M,2023,0,Open,current
G34M,2024,0,Open,current
G34M,2025,0,Open,current
G34N,1975,1,Limited,current
G34N,1976,1,Limited,current
G34N,1977,1,Limited,current
G34N,1978,1,Limited,current
G34N,1979,1,Limited,current
G34N,1980,1,Limited,current
G34N,1981,1,Limited,current
G34N,1982,1,Limited,current
G34N,1983,1,Limited,current
G34N,1984,1,Limited,current
G34N,1985,1,Limited,historical
G34N,1986,1,Limited,historical
G34N,1987,1,Limited,historical
G34N,1988,1,Limited,historical
G34N,1989,1,Limited,historical
G34N,1990,1,Limited,historical
G34N,1991,1,Limited,historical
G34N,1992,1,Limited,historical
G34N,1993,1,Limited,historical
G34N,1994,1,Limited,historical
G34N,1995,1,Limited,historical
G34N,1996,1,Limited,historical
G34N,1997,1,Limited,historical
G34N,1998,1,Limited,historical
G34N,1999,1,Limited,historical
G34N,2000,1,Limited,historical
G34N,2001,1,Limited,historical
G34N,2002,1,Limited,historical
G34N,2003,1,Limited,historical
G34N,2004,1,Limited,historical
G34N,2005,1,Limited,historical
G34N,2006,1,Limited,historical
G34N,2007,1,Limited,historical
G34N,2008,1,Limited,historical
G34N,2009,1,Limited,historical
G34N,2010,1,Limited,historical
G34N,2011,1,Limited,historical
G34N,2012,1,Limited,historical
G34N,2013,1,Limited,historical
G34N,2014,1,Limited,historical
G34N,2015,1,Limited,historical
G34N,2016,1,Limited,historical
G34N,2017,1,Limited,historical
G34N,2018,1,Limited,historical
G34N,2019,1,Limited,historical
G34N,2020,1,Limited,historical
G34N,2021,1,Limited,historical
G34N,2022,1,Limited,current
G34N,2023,1,Limited,current
G34N,2024,1,Limited,current
G34N,2025,1,Limited,current
G34Q,1975,0,Open,historical-outside-range
G34Q,1976,0,Open,historical-outside-range
G34Q,1977,0,Open,historical-outside-range
G34Q,1978,0,Open,historical-outside-range
G34Q,1979,0,Open,historical-outside-range
G34Q,1980,0,Open,historical-outside-range
G34Q,1981,0,Open,historical-outside-range
G34Q,1982,0,Open,historical-outside-range
G34Q,1983,0,Open,historical-outside-range
G34Q,1984,0,Open,historical-outside-range
G34Q,1985,0,Open,historical-outside-range
G34Q,1986,0,Open,historical-outside-range
G34Q,1987,0,Open,historical-outside-range
G34Q,1988,0,Open,historical-outside-range
G34Q,1989,0,Open,historical-outside-range
G34Q,1990,0,Open,historical-outside-range
G34Q,1991,0,Open,historical-outside-range
G34Q,1992,0,Open,historical-outside-range
G34Q,1993,0,Open,historical-outside-range
G34Q,1994,0,Open,historical-outside-range
G34Q,1995,0,Open,historical-outside-range
G34Q,1996,0,Open,historical-outside-range
G34Q,1997,0,Open,historical-outside-range
G34Q,1998,0,Open,historical-outside-range
G34Q,1999,0,Open,historical-outside-range
G34Q,2000,0,Open,historical-outside-range
G34Q,2001,0,Open,historical-outside-range
G34Q,2002,0,Open,historical-outside-range
G34Q,2003,0,Open,historical-outside-range
G34Q,2004,0,Open,historical-outside-range
G34Q,2005,0,Open,historical-outside-range
G34Q,2006,0,Open,historical-outside-range
G34Q,2007,0,Open,historical-outside-range
G34Q,2008,0,Open,historical-outside-range
G34Q,2009,0,Open,historical-outside-range
G34Q,2010,0,Open,historical-outside-range
G34Q,2011,0,Open,historical-outside-range
G34Q,2012,0,Open,historical-outside-range
G34Q,2013,0,Open,historical-outside-range
G34Q,2014,0,Open,historical-outside-range
G34Q,2015,0,Open,historical-outside-range
G34Q,2016,0,Open,historical-outside-range
G34Q,2017,0,Open,historical-outside-range
G34Q,2018,0,Open,historical-outside-range
G34Q,2019,0,Open,historical-outside-range
G34Q,2020,0,Open,historical-outside-range
G34Q,2021,0,Open,historical-outside-range
G34Q,2022,0,Open,historical-outside-range
G34Q,2023,0,Open,historical-outside-range
G34Q,2024,0,Open,historical-outside-range
G34Q,2025,0,Open,historical-outside-range
G34S,1975,0,Open,current
G34S,1976,0,Open,current
G34S,1977,0,Open,current
G34S,1978,0,Open,current
G34S,1979,0,Open,current
G34S,1980,0,Open,current
G34S,1981,0,Open,current
G34S,1982,0,Open,current
G34S,1983,0,Open,current
G34S,1984,0,Open,current
G34S,1985,0,Open,historical
G34S,1986,0,Open,historical
G34S,1987,0,Open,historical
G34S,1988,0,Open,historical
G34S,1989,0,Open,historical
G34S,1990,0,Open,historical
G34S,1991,0,Open,historical
G34S,1992,0,Open,historical
G34S,1993,0,Open,historical
G34S,1994,0,Open,historical
G34S,1995,0,Open,historical
G34S,1996,0,Open,historical
G34S,1997,0,Open,historical
G34S,1998,0,Open,historical
G34S,1999,0,Open,historical
G34S,2000,0,Open,historical
G34S,2001,0,Open,historical
G34S,2002,0,Open,historical
G34S,2003,0,Open,historical
G34S,2004,0,Open,historical
G34S,2005,0,Open,historical
G34S,2006,0,Open,historical
G34S,2007,0,Open,historical
G34S,2008,0,Open,historical
G34S,2009,0,Open,historical
G34S,2010,0,Open,historical
G34S,2011,0,Open,historical
G34S,2012,0,Open,historical
G34S,2013,0,Open,historical
G34S,2014,0,Open,historical
G34S,2015,0,Open,historical
G34S,2016,0,Open,historical
G34S,2017,0,Open,historical
G34S,2018,0,Open,historical
G34S,2019,0,Open,historical
G34S,2020,0,Open,historical
G34S,2021,0,Open,historical
G34S,2022,0,Open,current
G34S,2023,0,Open,current
G34S,2024,0,Open,current
G34S,2025,0,Open,current
G34T,1975,0,Open,current
G34T,1976,0,Open,current
G34T,1977,0,Open,current
G34T,1978,0,Open,current
G34T,1979,0,Open,current
G34T,1980,0,Open,current
G34T,1981,0,Open,current
G34T,1982,0,Open,current
G34T,1983,0,Open,historical
G34T,1984,0,Open,historical
G34T,1985,0,Open,historical
G34T,1986,0,Open,historical
G34T,1987,0,Open,historical
G34T,1988,0,Open,historical
G34T,1989,0,Open,historical
G34T,1990,0,Open,historical
G34T,1991,0,Open,historical
G34T,1992,0,Open,historical
G34T,1993,0,Open,historical
G34T,1994,0,Open,historical
G34T,1995,0,Open,historical
G34T,1996,0,Open,historical
G34T,1997,0,Open,historical
G34T,1998,0,Open,historical
G34T,1999,0,Open,historical
G34T,2000,0,Open,historical
G34T,2001,0,Open,historical
G34T,2002,0,Open,historical
G34T,2003,0,Open,historical
G34T,2004,0,Open,historical
G34T,2005,0,Open,historical
G34T,2006,0,Open,historical
G34T,2007,0,Open,historical
G34T,2008,0,Open,historical
G34T,2009,0,Open,historical
G34T,2010,0,Open,historical
G34T,2011,0,Open,historical
G34T,2012,0,Open,historical
G34T,2013,0,Open,historical
G34T,2014,0,Open,historical
G34T,2015,0,Open,historical
G34T,2016,0,Open,historical
G34T,2017,0,Open,historical
G34T,2018,0,Open,historical
G34T,2019,0,Open,historical
G34T,2020,0,Open,historical
G34T,2021,0,Open,historical
G34T,2022,0,Open,current
G34T,2023,0,Open,current
G34T,2024,0,Open,current
G34T,2025,0,Open,current
G34U,1975,1,Limited,current
G34U,1976,1,Limited,current
G34U,1977,1,Limited,current
G34U,1978,1,Limited,current
G34U,1979,1,Limited,current
G34U,1980,1,Limited,current
G34U,1981,1,Limited,current
G34U,1982,1,Limited,current
G34U,1983,1,Limited,current
G34U,1984,1,Limited,current
G34U,1985,1,Limited,current
G34U,1986,1,Limited,current
G34U,1987,1,Limited,current
G34U,1988,1,Limited,historical
G34U,1989,1,Limited,historical
G34U,1990,1,Limited,historical
G34U,1991,1,Limited,historical
G34U,1992,1,Limited,historical
G34U,1993,1,Limited,historical
G34U,1994,1,Limited,historical
G34U,1995,1,Limited,historical
G34U,1996,1,Limited,historical
G34U,1997,1,Limited,historical
G34U,1998,1,Limited,historical
G34U,1999,1,Limited,historical
G34U,2000,1,Limited,historical
G34U,2001,1,Limited,historical
G34U,2002,1,Limited,historical
G34U,2003,1,Limited,historical
G34U,2004,1,Limited,historical
G34U,2005,1,Limited,historical
G34U,2006,1,Limited,historical
G34U,2007,1,Limited,historical
G34U,2008,1,Limited,historical
G34U,2009,1,Limited,historical
G34U,2010,1,Limited,historical
G34U,2011,1,Limited,historical
G34U,2012,1,Limited,historical
G34U,2013,1,Limited,historical
G34U,2014,1,Limited,historical
G34U,2015,1,Limited,historical
G34U,2016,1,Limited,historical
G34U,2017,1,Limited,historical
G34U,2018,1,Limited,historical
G34U,2019,1,Limited,historical
G34U,2020,1,Limited,historical
G34U,2021,1,Limited,historical
G34U,2022,1,Limited,current
G34U,2023,1,Limited,current
G34U,2024,1,Limited,current
G34U,2025,1,Limited,current
G34V,1975,0,Open,current
G34V,1976,0,Open,current
G34V,1977,0,Open,current
G34V,1978,0,Open,current
G34V,1979,0,Open,current
G34V,1980,0,Open,current
G34V,1981,0,Open,current
G34V,1982,0,Open,current
G34V,1983,0,Open,current
G34V,1984,0,Open,current
G34V,1985,0,Open,current
G34V,1986,0,Open,current
G34V,1987,0,Open,current
G34V,1988,0,Open,historical
G34V,1989,0,Open,historical
G34V,1990,0,Open,historical
G34V,1991,0,Open,historical
G34V,1992,0,Open,historical
G34V,1993,0,Open,historical
G34V,1994,0,Open,historical
G34V,1995,0,Open,historical
G34V,1996,0,Open,historical
G34V,1997,0,Open,historical
G34V,1998,0,Open,historical
G34V,1999,0,Open,historical
G34V,2000,0,Open,historical
G34V,2001,0,Open,historical
G34V,2002,0,Open,historical
G34V,2003,0,Open,historical
G34V,2004,0,Open,historical
G34V,2005,0,Open,historical
G34V,2006,0,Open,historical
G34V,2007,0,Open,historical
G34V,2008,0,Open,historical
G34V,2009,0,Open,historical
G34V,2010,0,Open,historical
G34V,2011,0,Open,historical
G34V,2012,0,Open,historical
G34V,2013,0,Open,historical
G34V,2014,0,Open,historical
G34V,2015,0,Open,historical
G34V,2016,0,Open,historical
G34V,2017,0,Open,historical
G34V,2018,0,Open,historical
G34V,2019,0,Open,historical
G34V,2020,0,Open,historical
G34V,2021,0,Open,historical
G34V,2022,0,Open,current
G34V,2023,0,Open,current
G34V,2024,0,Open,current
G34V,2025,0,Open,current
G34W,1975,1,Limited,current
G34W,1976,1,Limited,current
G34W,1977,1,Limited,current
G34W,1978,1,Limited,current
G34W,1979,1,Limited,current
G34W,1980,1,Limited,current
G34W,1981,1,Limited,current
G34W,1982,1,Limited,current
G34W,1983,1,Limited,current
G34W,1984,1,Limited,historical
G34W,1985,1,Limited,historical
G34W,1986,1,Limited,historical
G34W,1987,1,Limited,historical
G34W,1988,1,Limited,historical
G34W,1989,1,Limited,historical
G34W,1990,1,Limited,historical
G34W,1991,1,Limited,historical
G34W,1992,1,Limited,historical
G34W,1993,1,Limited,historical
G34W,1994,1,Limited,historical
G34W,1995,1,Limited,historical
G34W,1996,1,Limited,historical
G34W,1997,1,Limited,historical
G34W,1998,1,Limited,historical
G34W,1999,1,Limited,historical
G34W,2000,1,Limited,historical
G34W,2001,1,Limited,historical
G34W,2002,1,Limited,historical
G34W,2003,1,Limited,historical
G34W,2004,1,Limited,historical
G34W,2005,1,Limited,historical
G34W,2006,1,Limited,historical
G34W,2007,1,Limited,historical
G34W,2008,1,Limited,historical
G34W,2009,1,Limited,historical
G34W,2010,1,Limited,historical
G34W,2011,1,Limited,historical
G34W,2012,1,Limited,historical
G34W,2013,1,Limited,historical
G34W,2014,1,Limited,historical
G34W,2015,1,Limited,historical
G34W,2016,1,Limited,historical
G34W,2017,1,Limited,historical
G34W,2018,1,Limited,historical
G34W,2019,1,Limited,historical
G34W,2020,1,Limited,historical
G34W,2021,1,Limited,historical
G34W,2022,1,Limited,current
G34W,2023,1,Limited,current
G34W,2024,1,Limited,current
G34W,2025,1,Limited,current
G34X,1975,0,Open,current
G34X,1976,0,Open,current
G34X,1977,0,Open,current
G34X,1978,0,Open,current
G34X,1979,0,Open,current
G34X,1980,0,Open,current
G34X,1981,0,Open,current
G34X,1982,0,Open,current
G34X,1983,0,Open,current
G34X,1984,0,Open,historical
G34X,1985,0,Open,historical
G34X,1986,0,Open,historical
G34X,1987,0,Open,historical
G34X,1988,0,Open,historical
G34X,1989,0,Open,historical
G34X,1990,0,Open,historical
G34X,1991,0,Open,historical
G34X,1992,0,Open,historical
G34X,1993,0,Open,historical
G34X,1994,0,Open,historical
G34X,1995,0,Open,historical
G34X,1996,0,Open,historical
G34X,1997,0,Open,historical
G34X,1998,0,Open,historical
G34X,1999,0,Open,historical
G34X,2000,0,Open,historical
G34X,2001,0,Open,historical
G34X,2002,0,Open,historical
G34X,2003,0,Open,historical
G34X,2004,0,Open,historical
G34X,2005,0,Open,historical
G34X,2006,0,Open,historical
G34X,2007,0,Open,historical
G34X,2008,0,Open,historical
G34X,2009,0,Open,historical
G34X,2010,0,Open,historical
G34X,2011,0,Open,historical
G34X,2012,0,Open,historical
G34X,2013,0,Open,historical
G34X,2014,0,Open,historical
G34X,2015,0,Open,historical
G34X,2016,0,Open,historical
G34X,2017,0,Open,historical
G34X,2018,0,Open,historical
G34X,2019,0,Open,historical
G34X,2020,0,Open,historical
G34X,2021,0,Open,historical
G34X,2022,0,Open,current
G34X,2023,0,Open,current
G34X,2024,0,Open,current
G34X,2025,0,Open,current
G34Y,1975,1,Limited,current
G34Y,1976,1,Limited,current
G34Y,1977,1,Limited,current
G34Y,1978,1,Limited,current
G34Y,1979,1,Limited,current
G34Y,1980,1,Limited,current
G34Y,1981,1,Limited,current
G34Y,1982,1,Limited,current
G34Y,1983,1,Limited,current
G34Y,1984,1,Limited,historical
G34Y,1985,1,Limited,historical
G34Y,1986,1,Limited,historical
G34Y,1987,1,Limited,historical
G34Y,1988,1,Limited,historical
G34Y,1989,1,Limited,historical
G34Y,1990,1,Limited,historical
G34Y,1991,1,Limited,historical
G34Y,1992,1,Limited,historical
G34Y,1993,1,Limited,historical
G34Y,1994,1,Limited,historical
G34Y,1995,1,Limited,historical
G34Y,1996,1,Limited,historical
G34Y,1997,1,Limited,historical
G34Y,1998,1,Limited,historical
G34Y,1999,1,Limited,historical
G34Y,2000,1,Limited,historical
G34Y,2001,1,Limited,historical
G34Y,2002,1,Limited,historical
G34Y,2003,1,Limited,historical
G34Y,2004,1,Limited,historical
G34Y,2005,1,Limited,historical
G34Y,2006,1,Limited,historical
G34Y,2007,1,Limited,historical
G34Y,2008,1,Limited,historical
G34Y,2009,1,Limited,historical
G34Y,2010,1,Limited,historical
G34Y,2011,1,Limited,historical
G34Y,2012,1,Limited,historical
G34Y,2013,1,Limited,historical
G34Y,2014,1,Limited,historical
G34Y,2015,1,Limited,historical
G34Y,2016,1,Limited,historical
G34Y,2017,1,Limited,historical
G34Y,2018,1,Limited,historical
G34Y,2019,1,Limited,historical
G34Y,2020,1,Limited,historical
G34Y,2021,1,Limited,historical
G34Y,2022,1,Limited,current
G34Y,2023,1,Limited,current
G34Y,2024,1,Limited,current
G34Y,2025,1,Limited,current
G34Z,1975,1,Limited,current
G34Z,1976,1,Limited,current
G34Z,1977,1,Limited,current
G34Z,1978,1,Limited,current
G34Z,1979,1,Limited,current
G34Z,1980,1,Limited,current
G34Z,1981,1,Limited,current
G34Z,1982,1,Limited,current
G34Z,1983,1,Limited,current
G34Z,1984,1,Limited,historical
G34Z,1985,1,Limited,historical
G34Z,1986,1,Limited,historical
G34Z,1987,1,Limited,historical
G34Z,1988,1,Limited,historical
G34Z,1989,1,Limited,historical
G34Z,1990,1,Limited,historical
G34Z,1991,1,Limited,historical
G34Z,1992,1,Limited,historical
G34Z,1993,1,Limited,historical
G34Z,1994,1,Limited,historical
G34Z,1995,1,Limited,historical
G34Z,1996,1,Limited,historical
G34Z,1997,1,Limited,historical
G34Z,1998,1,Limited,historical
G34Z,1999,1,Limited,historical
G34Z,2000,1,Limited,historical
G34Z,2001,1,Limited,historical
G34Z,2002,1,Limited,historical
G34Z,2003,1,Limited,historical
G34Z,2004,1,Limited,historical
G34Z,2005,1,Limited,historical
G34Z,2006,1,Limited,historical
G34Z,2007,1,Limited,historical
G34Z,2008,1,Limited,historical
G34Z,2009,1,Limited,historical
G34Z,2010,1,Limited,historical
G34Z,2011,1,Limited,historical
G34Z,2012,1,Limited,historical
G34Z,2013,1,Limited,historical
G34Z,2014,1,Limited,historical
G34Z,2015,1,Limited,historical
G34Z,2016,1,Limited,historical
G34Z,2017,1,Limited,historical
G34Z,2018,1,Limited,historical
G34Z,2019,1,Limited,historical
G34Z,2020,1,Limited,historical
G34Z,2021,1,Limited,historical
G34Z,2022,1,Limited,current
G34Z,2023,1,Limited,current
G34Z,2024,1,Limited,current
G34Z,2025,1,Limited,current
G37E,1975,0,Open,historical-outside-range
G37E,1976,0,Open,historical-outside-range
G37E,1977,0,Open,historical-outside-range
G37E,1978,0,Open,historical-outside-range
G37E,1979,0,Open,historical-outside-range
G37E,1980,0,Open,historical-outside-range
G37E,1981,0,Open,historical-outside-range
G37E,1982,0,Open,historical-outside-range
G37E,1983,0,Open,historical-outside-range
G37E,1984,0,Open,historical-outside-range
G37E,1985,0,Open,historical-outside-range
G37E,1986,0,Open,historical-outside-range
G37E,1987,0,Open,historical-outside-range
G37E,1988,0,Open,historical-outside-range
G37E,1989,0,Open,historical-outside-range
G37E,1990,0,Open,historical-outside-range
G37E,1991,0,Open,historical-outside-range
G37E,1992,0,Open,historical-outside-range
G37E,1993,0,Open,historical-outside-range
G37E,1994,0,Open,historical-outside-range
G37E,1995,0,Open,historical-outside-range
G37E,1996,0,Open,historical-outside-range
G37E,1997,0,Open,historical-outside-range
G37E,1998,0,Open,historical-outside-range
G37E,1999,0,Open,historical-outside-range
G37E,2000,0,Open,historical-outside-range
G37E,2001,0,Open,historical-outside-range
G37E,2002,0,Open,historical-outside-range
G37E,2003,0,Open,historical-outside-range
G37E,2004,0,Open,historical-outside-range
G37E,2005,0,Open,historical-outside-range
G37E,2006,0,Open,historical-outside-range
G37E,2007,0,Open,historical-outside-range
G37E,2008,0,Open,historical-outside-range
G37E,2009,0,Open,historical-outside-range
G37E,2010,0,Open,historical-outside-range
G37E,2011,0,Open,historical-outside-range
G37E,2012,0,Open,historical-outside-range
G37E,2013,0,Open,historical-outside-range
G37E,2014,0,Open,historical-outside-range
G37E,2015,0,Open,historical-outside-range
G37E,2016,0,Open,historical-outside-range
G37E,2017,0,Open,historical-outside-range
G37E,2018,0,Open,historical-outside-range
G37E,2019,0,Open,historical-outside-range
G37E,2020,0,Open,historical-outside-range
G37E,2021,0,Open,historical-outside-range
G37E,2022,0,Open,historical-outside-range
G37E,2023,0,Open,historical-outside-range
G37E,2024,0,Open,historical-outside-range
G37E,2025,0,Open,historical-outside-range
G77Z,1975,0,Open,current
G77Z,1976,0,Open,current
G77Z,1977,0,Open,current
G77Z,1978,0,Open,current
G77Z,1979,0,Open,current
G77Z,1980,0,Open,current
G77Z,1981,0,Open,current
G77Z,1982,0,Open,current
G77Z,1983,0,Open,current
G77Z,1984,0,Open,current
G77Z,1985,0,Open,current
G77Z,1986,0,Open,current
G77Z,1987,0,Open,historical
G77Z,1988,0,Open,historical
G77Z,1989,0,Open,historical
G77Z,1990,0,Open,historical
G77Z,1991,0,Open,historical
G77Z,1992,0,Open,historical
G77Z,1993,0,Open,historical
G77Z,1994,0,Open,historical
G77Z,1995,0,Open,historical
G77Z,1996,0,Open,historical
G77Z,1997,0,Open,historical
G77Z,1998,0,Open,historical
G77Z,1999,0,Open,historical
G77Z,2000,0,Open,historical
G77Z,2001,0,Open,historical
G77Z,2002,0,Open,historical
G77Z,2003,0,Open,historical
G77Z,2004,0,Open,historical
G77Z,2005,0,Open,historical
G77Z,2006,0,Open,historical
G77Z,2007,0,Open,historical
G77Z,2008,0,Open,historical
G77Z,2009,0,Open,historical
G77Z,2010,0,Open,historical
G77Z,2011,0,Open,historical
G77Z,2012,0,Open,historical
G77Z,2013,0,Open,historical
G77Z,2014,0,Open,historical
G77Z,2015,0,Open,historical
G77Z,2016,0,Open,historical
G77Z,2017,0,Open,historical
G77Z,2018,0,Open,historical
G77Z,2019,0,Open,historical
G77Z,2020,0,Open,historical
G77Z,2021,0,Open,historical
G77Z,2022,0,Open,current
G77Z,2023,0,Open,current
G77Z,2024,0,Open,current
G77Z,2025,0,Open,current
G99E,1975,0,Open,historical-outside-range
G99E,1976,0,Open,historical-outside-range
G99E,1977,0,Open,historical-outside-range
G99E,1978,0,Open,historical
G99E,1979,0,Open,historical
G99E,1980,0,Open,historical
G99E,1981,0,Open,historical-outside-range
G99E,1982,0,Open,historical-outside-range
G99E,1983,0,Open,historical-outside-range
G99E,1984,0,Open,historical-outside-range
G99E,1985,0,Open,historical-outside-range
G99E,1986,0,Open,historical-outside-range
G99E,1987,0,Open,historical-outside-range
G99E,1988,0,Open,historical-outside-range
G99E,1989,0,Open,historical-outside-range
G99E,1990,0,Open,historical-outside-range
G99E,1991,0,Open,historical-outside-range
G99E,1992,0,Open,historical-outside-range
G99E,1993,0,Open,historical-outside-range
G99E,1994,0,Open,historical-outside-range
G99E,1995,0,Open,historical-outside-range
G99E,1996,0,Open,historical-outside-range
G99E,1997,0,Open,historical-outside-range
G99E,1998,0,Open,historical-outside-range
G99E,1999,0,Open,historical-outside-range
G99E,2000,0,Open,historical-outside-range
G99E,2001,0,Open,historical-outside-range
G99E,2002,0,Open,historical-outside-range
G99E,2003,0,Open,historical-outside-range
G99E,2004,0,Open,historical-outside-range
G99E,2005,0,Open,historical-outside-range
G99E,2006,0,Open,historical-outside-range
G99E,2007,0,Open,historical-outside-range
G99E,2008,0,Open,historical-outside-range
G99E,2009,0,Open,historical-outside-range
G99E,2010,0,Open,historical-outside-range
G99E,2011,0,Open,historical-outside-range
G99E,2012,0,Open,historical-outside-range
G99E,2013,0,Open,historical-outside-range
G99E,2014,0,Open,historical-outside-range
G99E,2015,0,Open,historical-outside-range
G99E,2016,0,Open,historical-outside-range
G99E,2017,0,Open,historical-outside-range
G99E,2018,0,Open,historical-outside-range
G99E,2019,0,Open,historical-outside-range
G99E,2020,0,Open,historical-outside-range
G99E,2021,0,Open,historical-outside-range
G99E,2022,0,Open,historical-outside-range
G99E,2023,0,Open,historical-outside-range
G99E,2024,0,Open,historical-outside-range
G99E,2025,0,Open,historical-outside-range
G99G,1975,0,Open,historical-outside-range
G99G,1976,0,Open,historical-outside-range
G99G,1977,0,Open,historical-outside-range
G99G,1978,0,Open,historical-outside-range
G99G,1979,0,Open,historical-outside-range
G99G,1980,0,Open,historical-outside-range
G99G,1981,0,Open,historical-outside-range
G99G,1982,0,Open,historical-outside-range
G99G,1983,0,Open,historical-outside-range
G99G,1984,0,Open,historical-outside-range
G99G,1985,0,Open,historical-outside-range
G99G,1986,0,Open,historical-outside-range
G99G,1987,0,Open,historical-outside-range
G99G,1988,0,Open,historical-outside-range
G99G,1989,0,Open,historical-outside-range
G99G,1990,0,Open,historical-outside-range
G99G,1991,0,Open,historical-outside-range
G99G,1992,0,Open,historical-outside-range
G99G,1993,0,Open,historical-outside-range
G99G,1994,0,Open,historical-outside-range
G99G,1995,0,Open,historical-outside-range
G99G,1996,0,Open,historical-outside-range
G99G,1997,0,Open,historical-outside-range
G99G,1998,0,Open,historical-outside-range
G99G,1999,0,Open,historical-outside-range
G99G,2000,0,Open,historical-outside-range
G99G,2001,0,Open,historical-outside-range
G99G,2002,0,Open,historical-outside-range
G99G,2003,0,Open,historical-outside-range
G99G,2004,0,Open,historical-outside-range
G99G,2005,0,Open,historical-outside-range
G99G,2006,0,Open,historical-outside-range
G99G,2007,0,Open,historical-outside-range
G99G,2008,0,Open,historical-outside-range
G99G,2009,0,Open,historical-outside-range
G99G,2010,0,Open,historical-outside-range
G99G,2011,0,Open,historical-outside-range
G99G,2012,0,Open,historical-outside-range
G99G,2013,0,Open,historical-outside-range
G99G,2014,0,Open,historical-outside-range
G99G,2015,0,Open,historical-outside-range
G99G,2016,0,Open,historical-outside-range
G99G,2017,0,Open,historical-outside-range
G99G,2018,0,Open,historical-outside-range
G99G,2019,0,Open,historical-outside-range
G99G,2020,0,Open,historical-outside-range
G99G,2021,0,Open,historical-outside-range
G99G,2022,0,Open,historical-outside-range
G99G,2023,0,Open,historical-outside-range
G99G,2024,0,Open,historical-outside-range
G99G,2025,0,Open,historical-outside-range
G99H,1975,0,Open,historical-outside-range
G99H,1976,0,Open,historical-outside-range
G99H,1977,0,Open,historical-outside-range
G99H,1978,0,Open,historical
G99H,1979,0,Open,historical
G99H,1980,0,Open,historical
G99H,1981,0,Open,historical-outside-range
G99H,1982,0,Open,historical-outside-range
G99H,1983,0,Open,historical-outside-range
G99H,1984,0,Open,historical-outside-range
G99H,1985,0,Open,historical-outside-range
G99H,1986,0,Open,historical-outside-range
G99H,1987,0,Open,historical-outside-range
G99H,1988,0,Open,historical-outside-range
G99H,1989,0,Open,historical-outside-range
G99H,1990,0,Open,historical-outside-range
G99H,1991,0,Open,historical-outside-range
G99H,1992,0,Open,historical-outside-range
G99H,1993,0,Open,historical-outside-range
G99H,1994,0,Open,historical-outside-range
G99H,1995,0,Open,historical-outside-range
G99H,1996,0,Open,historical-outside-range
G99H,1997,0,Open,historical-outside-range
G99H,1998,0,Open,historical-outside-range
G99H,1999,0,Open,historical-outside-range
G99H,2000,0,Open,historical-outside-range
G99H,2001,0,Open,historical-outside-range
G99H,2002,0,Open,historical-outside-range
G99H,2003,0,Open,historical-outside-range
G99H,2004,0,Open,historical-outside-range
G99H,2005,0,Open,historical-outside-range
G99H,2006,0,Open,historical-outside-range
G99H,2007,0,Open,historical-outside-range
G99H,2008,0,Open,historical-outside-range
G99H,2009,0,Open,historical-outside-range
G99H,2010,0,Open,historical-outside-range
G99H,2011,0,Open,historical-outside-range
G99H,2012,0,Open,historical-outside-range
G99H,2013,0,Open,historical-outside-range
G99H,2014,0,Open,historical-outside-range
G99H,2015,0,Open,historical-outside-range
G99H,2016,0,Open,historical-outside-range
G99H,2017,0,Open,historical-outside-range
G99H,2018,0,Open,historical-outside-range
G99H,2019,0,Open,historical-outside-range
G99H,2020,0,Open,historical-outside-range
G99H,2021,0,Open,historical-outside-range
G99H,2022,0,Open,historical-outside-range
G99H,2023,0,Open,historical-outside-range
G99H,2024,0,Open,historical-outside-range
G99H,2025,0,Open,historical-outside-range
G99J,1975,0,Open,historical-outside-range
G99J,1976,0,Open,historical-outside-range
G99J,1977,0,Open,historical-outside-range
G99J,1978,0,Open,historical
G99J,1979,0,Open,historical
G99J,1980,0,Open,historical
G99J,1981,0,Open,historical-outside-range
G99J,1982,0,Open,historical-outside-range
G99J,1983,0,Open,historical-outside-range
G99J,1984,0,Open,historical-outside-range
G99J,1985,0,Open,historical-outside-range
G99J,1986,0,Open,historical-outside-range
G99J,1987,0,Open,historical-outside-range
G99J,1988,0,Open,historical-outside-range
G99J,1989,0,Open,historical-outside-range
G99J,1990,0,Open,historical-outside-range
G99J,1991,0,Open,historical-outside-range
G99J,1992,0,Open,historical-outside-range
G99J,1993,0,Open,historical-outside-range
G99J,1994,0,Open,historical-outside-range
G99J,1995,0,Open,historical-outside-range
G99J,1996,0,Open,historical-outside-range
G99J,1997,0,Open,historical-outside-range
G99J,1998,0,Open,historical-outside-range
G99J,1999,0,Open,historical-outside-range
G99J,2000,0,Open,historical-outside-range
G99J,2001,0,Open,historical-outside-range
G99J,2002,0,Open,historical-outside-range
G99J,2003,0,Open,historical-outside-range
G99J,2004,0,Open,historical-outside-range
G99J,2005,0,Open,historical-outside-range
G99J,2006,0,Open,historical-outside-range
G99J,2007,0,Open,historical-outside-range
G99J,2008,0,Open,historical-outside-range
G99J,2009,0,Open,historical-outside-range
G99J,2010,0,Open,historical-outside-range
G99J,2011,0,Open,historical-outside-range
G99J,2012,0,Open,historical-outside-range
G99J,2013,0,Open,historical-outside-range
G99J,2014,0,Open,historical-outside-range
G99J,2015,0,Open,historical-outside-range
G99J,2016,0,Open,historical-outside-range
G99J,2017,0,Open,historical-outside-range
G99J,2018,0,Open,historical-outside-range
G99J,2019,0,Open,historical-outside-range
G99J,2020,0,Open,historical-outside-range
G99J,2021,0,Open,historical-outside-range
G99J,2022,0,Open,historical-outside-range
G99J,2023,0,Open,historical-outside-range
G99J,2024,0,Open,historical-outside-range
G99J,2025,0,Open,historical-outside-range
H01A,1975,0,Open,historical
H01A,1976,0,Open,historical
H01A,1977,0,Open,historical
H01A,1978,0,Open,current
H01A,1979,0,Open,current
H01A,1980,0,Open,current
H01A,1981,0,Open,current
H01A,1982,0,Open,current
H01A,1983,0,Open,current
H01A,1984,0,Open,current
H01A,1985,0,Open,current
H01A,1986,0,Open,current
H01A,1987,0,Open,current
H01A,1988,0,Open,current
H01A,1989,0,Open,current
H01A,1990,0,Open,current
H01A,1991,0,Open,current
H01A,1992,0,Open,current
H01A,1993,0,Open,current
H01A,1994,0,Open,current
H01A,1995,0,Open,current
H01A,1996,0,Open,current
H01A,1997,0,Open,current
H01A,1998,0,Open,current
H01A,1999,0,Open,current
H01A,2000,0,Open,current
H01A,2001,0,Open,current
H01A,2002,0,Open,current
H01A,2003,0,Open,current
H01A,2004,0,Open,current
H01A,2005,0,Open,current
H01A,2006,0,Open,current
H01A,2007,0,Open,current
H01A,2008,0,Open,current
H01A,2009,0,Open,current
H01A,2010,0,Open,current
H01A,2011,0,Open,current
H01A,2012,0,Open,current
H01A,2013,0,Open,current
H01A,2014,0,Open,current
H01A,2015,0,Open,current
H01A,2016,0,Open,current
H01A,2017,0,Open,current
H01A,2018,0,Open,current
H01A,2019,0,Open,current
H01A,2020,0,Open,current
H01A,2021,0,Open,current
H01A,2022,0,Open,current
H01A,2023,0,Open,current
H01A,2024,0,Open,current
H01A,2025,0,Open,current
H01B,1975,0,Open,historical
H01B,1976,0,Open,historical
H01B,1977,0,Open,historical-outside-range
H01B,1978,0,Open,historical-outside-range
H01B,1979,0,Open,historical-outside-range
H01B,1980,0,Open,historical-outside-range
H01B,1981,0,Open,historical-outside-range
H01B,1982,0,Open,historical-outside-range
H01B,1983,0,Open,historical-outside-range
H01B,1984,0,Open,historical-outside-range
H01B,1985,0,Open,historical-outside-range
H01B,1986,0,Open,historical-outside-range
H01B,1987,0,Open,historical-outside-range
H01B,1988,0,Open,historical-outside-range
H01B,1989,0,Open,historical-outside-range
H01B,1990,0,Open,historical-outside-range
H01B,1991,0,Open,historical-outside-range
H01B,1992,0,Open,historical-outside-range
H01B,1993,0,Open,historical-outside-range
H01B,1994,0,Open,historical-outside-range
H01B,1995,0,Open,historical-outside-range
H01B,1996,0,Open,historical-outside-range
H01B,1997,0,Open,historical-outside-range
H01B,1998,0,Open,historical-outside-range
H01B,1999,0,Open,historical-outside-range
H01B,2000,0,Open,historical-outside-range
H01B,2001,0,Open,historical-outside-range
H01B,2002,0,Open,historical-outside-range
H01B,2003,0,Open,historical-outside-range
H01B,2004,0,Open,historical-outside-range
H01B,2005,0,Open,historical-outside-range
H01B,2006,0,Open,historical-outside-range
H01B,2007,0,Open,historical-outside-range
H01B,2008,0,Open,historical-outside-range
H01B,2009,0,Open,historical-outside-range
H01B,2010,0,Open,historical-outside-range
H01B,2011,0,Open,historical-outside-range
H01B,2012,0,Open,historical-outside-range
H01B,2013,0,Open,historical-outside-range
H01B,2014,0,Open,historical-outside-range
H01B,2015,0,Open,historical-outside-range
H01B,2016,0,Open,historical-outside-range
H01B,2017,0,Open,historical-outside-range
H01B,2018,0,Open,historical-outside-range
H01B,2019,0,Open,historical-outside-range
H01B,2020,0,Open,historical-outside-range
H01B,2021,0,Open,historical-outside-range
H01B,2022,0,Open,historical-outside-range
H01B,2023,0,Open,historical-outside-range
H01B,2024,0,Open,historical-outside-range
H01B,2025,0,Open,historical-outside-range
H01D,1975,0,Open,historical-outside-range
H01D,1976,0,Open,historical-outside-range
H01D,1977,0,Open,historical-outside-range
H01D,1978,0,Open,historical-outside-range
H01D,1979,0,Open,historical-outside-range
H01D,1980,0,Open,historical-outside-range
H01D,1981,0,Open,historical
H01D,1982,0,Open,historical
H01D,1983,0,Open,historical
H01D,1984,0,Open,historical
H01D,1985,0,Open,historical
H01D,1986,0,Open,historical
H01D,1987,0,Open,historical
H01D,1988,0,Open,historical
H01D,1989,0,Open,historical-outside-range
H01D,1990,0,Open,historical-outside-range
H01D,1991,0,Open,historical-outside-range
H01D,1992,0,Open,historical-outside-range
H01D,1993,0,Open,historical-outside-range
H01D,1994,0,Open,historical-outside-range
H01D,1995,0,Open,historical-outside-range
H01D,1996,0,Open,historical-outside-range
H01D,1997,0,Open,historical-outside-range
H01D,1998,0,Open,historical-outside-range
H01D,1999,0,Open,historical-outside-range
H01D,2000,0,Open,historical-outside-range
H01D,2001,0,Open,historical-outside-range
H01D,2002,0,Open,historical-outside-range
H01D,2003,0,Open,historical-outside-range
H01D,2004,0,Open,historical-outside-range
H01D,2005,0,Open,historical-outside-range
H01D,2006,0,Open,historical-outside-range
H01D,2007,0,Open,historical-outside-range
H01D,2008,0,Open,historical-outside-range
H01D,2009,0,Open,historical-outside-range
H01D,2010,0,Open,historical-outside-range
H01D,2011,0,Open,historical-outside-range
H01D,2012,0,Open,historical-outside-range
H01D,2013,0,Open,historical-outside-range
H01D,2014,0,Open,historical-outside-range
H01D,2015,0,Open,historical-outside-range
H01D,2016,0,Open,historical-outside-range
H01D,2017,0,Open,historical-outside-range
H01D,2018,0,Open,historical-outside-range
H01D,2019,0,Open,historical-outside-range
H01D,2020,0,Open,historical-outside-range
H01D,2021,0,Open,historical-outside-range
H01D,2022,0,Open,historical-outside-range
H01D,2023,0,Open,historical-outside-range
H01D,2024,0,Open,historical-outside-range
H01D,2025,0,Open,historical-outside-range
H01E,1975,0,Open,current
H01E,1976,0,Open,current
H01E,1977,0,Open,current
H01E,1978,0,Open,current
H01E,1979,0,Open,current
H01E,1980,0,Open,current
H01E,1981,0,Open,current
H01E,1982,0,Open,current
H01E,1983,0,Open,current
H01E,1984,0,Open,current
H01E,1985,0,Open,current
H01E,1986,0,Open,current
H01E,1987,0,Open,current
H01E,1988,0,Open,current
H01E,1989,0,Open,current
H01E,1990,0,Open,current
H01E,1991,0,Open,current
H01E,1992,0,Open,current
H01E,1993,0,Open,current
H01E,1994,0,Open,current
H01E,1995,0,Open,current
H01E,1996,0,Open,current
H01E,1997,0,Open,current
H01E,1998,0,Open,current
H01E,1999,0,Open,current
H01E,2000,0,Open,current
H01E,2001,0,Open,current
H01E,2002,0,Open,current
H01E,2003,0,Open,current
H01E,2004,0,Open,current
H01E,2005,0,Open,current
H01E,2006,0,Open,current
H01E,2007,0,Open,current
H01E,2008,0,Open,current
H01E,2009,0,Open,current
H01E,2010,0,Open,current
H01E,2011,0,Open,current
H01E,2012,0,Open,current
H01E,2013,0,Open,current
H01E,2014,0,Open,current
H01E,2015,0,Open,current
H01E,2016,0,Open,current
H01E,2017,0,Open,current
H01E,2018,0,Open,current
H01E,2019,0,Open,current
H01E,2020,0,Open,current
H01E,2021,0,Open,current
H01E,2022,0,Open,current
H01E,2023,0,Open,current
H01E,2024,0,Open,current
H01E,2025,0,Open,current
H01H,1975,0,Open,historical-outside-range
H01H,1976,0,Open,historical-outside-range
H01H,1977,0,Open,historical-outside-range
H01H,1978,0,Open,historical-outside-range
H01H,1979,0,Open,historical-outside-range
H01H,1980,0,Open,historical-outside-range
H01H,1981,0,Open,historical-outside-range
H01H,1982,0,Open,historical-outside-range
H01H,1983,0,Open,historical-outside-range
H01H,1984,0,Open,historical-outside-range
H01H,1985,0,Open,historical-outside-range
H01H,1986,0,Open,historical-outside-range
H01H,1987,0,Open,historical-outside-range
H01H,1988,0,Open,historical-outside-range
H01H,1989,0,Open,historical-outside-range
H01H,1990,0,Open,historical-outside-range
H01H,1991,0,Open,historical-outside-range
H01H,1992,0,Open,historical-outside-range
H01H,1993,0,Open,historical-outside-range
H01H,1994,0,Open,historical-outside-range
H01H,1995,0,Open,historical-outside-range
H01H,1996,0,Open,historical-outside-range
H01H,1997,0,Open,historical-outside-range
H01H,1998,0,Open,historical-outside-range
H01H,1999,0,Open,historical-outside-range
H01H,2000,0,Open,historical-outside-range
H01H,2001,0,Open,historical-outside-range
H01H,2002,0,Open,historical-outside-range
H01H,2003,0,Open,historical-outside-range
H01H,2004,0,Open,historical-outside-range
H01H,2005,0,Open,historical-outside-range
H01H,2006,0,Open,historical-outside-range
H01H,2007,0,Open,historical-outside-range
H01H,2008,0,Open,historical-outside-range
H01H,2009,0,Open,historical-outside-range
H01H,2010,0,Open,historical-outside-range
H01H,2011,0,Open,historical-outside-range
H01H,2012,0,Open,historical-outside-range
H01H,2013,0,Open,historical-outside-range
H01H,2014,0,Open,historical-outside-range
H01H,2015,0,Open,historical-outside-range
H01H,2016,0,Open,historical-outside-range
H01H,2017,0,Open,historical-outside-range
H01H,2018,0,Open,historical-outside-range
H01H,2019,0,Open,historical-outside-range
H01H,2020,0,Open,historical-outside-range
H01H,2021,0,Open,historical-outside-range
H01H,2022,0,Open,historical-outside-range
H01H,2023,0,Open,historical-outside-range
H01H,2024,0,Open,historical-outside-range
H01H,2025,0,Open,historical-outside-range
H01K,1975,0,Open,historical-outside-range
H01K,1976,0,Open,historical-outside-range
H01K,1977,0,Open,historical-outside-range
H01K,1978,0,Open,historical-outside-range
H01K,1979,0,Open,historical-outside-range
H01K,1980,0,Open,historical-outside-range
H01K,1981,0,Open,historical-outside-range
H01K,1982,0,Open,historical-outside-range
H01K,1983,0,Open,historical-outside-range
H01K,1984,0,Open,historical-outside-range
H01K,1985,0,Open,historical-outside-range
H01K,1986,0,Open,historical-outside-range
H01K,1987,0,Open,historical-outside-range
H01K,1988,0,Open,historical-outside-range
H01K,1989,0,Open,historical-outside-range
H01K,1990,0,Open,historical-outside-range
H01K,1991,0,Open,historical-outside-range
H01K,1992,0,Open,historical-outside-range
H01K,1993,0,Open,historical-outside-range
H01K,1994,0,Open,historical-outside-range
H01K,1995,0,Open,historical-outside-range
H01K,1996,0,Open,historical-outside-range
H01K,1997,0,Open,historical-outside-range
H01K,1998,0,Open,historical-outside-range
H01K,1999,0,Open,historical-outside-range
H01K,2000,0,Open,historical-outside-range
H01K,2001,0,Open,historical-outside-range
H01K,2002,0,Open,historical-outside-range
H01K,2003,0,Open,historical-outside-range
H01K,2004,0,Open,historical-outside-range
H01K,2005,0,Open,historical-outside-range
H01K,2006,0,Open,historical-outside-range
H01K,2007,0,Open,historical-outside-range
H01K,2008,0,Open,historical-outside-range
H01K,2009,0,Open,historical-outside-range
H01K,2010,0,Open,historical-outside-range
H01K,2011,0,Open,historical-outside-range
H01K,2012,0,Open,historical-outside-range
H01K,2013,0,Open,historical-outside-range
H01K,2014,0,Open,historical-outside-range
H01K,2015,0,Open,historical-outside-range
H01K,2016,0,Open,historical-outside-range
H01K,2017,0,Open,historical-outside-range
H01K,2018,0,Open,historical-outside-range
H01K,2019,0,Open,historical-outside-range
H01K,2020,0,Open,historical-outside-range
H01K,2021,0,Open,historical-outside-range
H01K,2022,0,Open,historical-outside-range
H01K,2023,0,Open,historical-outside-range
H01K,2024,0,Open,historical-outside-range
H01K,2025,0,Open,historical-outside-range
H01L,1975,0,Open,current
H01L,1976,0,Open,current
H01L,1977,0,Open,current
H01L,1978,0,Open,current
H01L,1979,0,Open,current
H01L,1980,0,Open,current
H01L,1981,0,Open,current
H01L,1982,0,Open,current
H01L,1983,0,Open,current
H01L,1984,0,Open,current
H01L,1985,0,Open,current
H01L,1986,0,Open,current
H01L,1987,0,Open,current
H01L,1988,0,Open,current
H01L,1989,0,Open,current
H01L,1990,0,Open,current
H01L,1991,0,Open,current
H01L,1992,0,Open,current
H01L,1993,0,Open,current
H01L,1994,0,Open,current
H01L,1995,0,Open,current
H01L,1996,0,Open,current
H01L,1997,0,Open,current
H01L,1998,0,Open,current
H01L,1999,0,Open,current
H01L,2000,0,Open,current
H01L,2001,0,Open,current
H01L,2002,0,Open,current
H01L,2003,0,Open,current
H01L,2004,0,Open,current
H01L,2005,0,Open,current
H01L,2006,0,Open,current
H01L,2007,0,Open,current
H01L,2008,0,Open,current
H01L,2009,0,Open,current
H01L,2010,0,Open,current
H01L,2011,0,Open,current
H01L,2012,0,Open,current
H01L,2013,0,Open,current
H01L,2014,0,Open,current
H01L,2015,0,Open,current
H01L,2016,0,Open,current
H01L,2017,0,Open,current
H01L,2018,0,Open,current
H01L,2019,0,Open,current
H01L,2020,0,Open,current
H01L,2021,0,Open,current
H01L,2022,0,Open,current
H01L,2023,0,Open,current
H01L,2024,0,Open,current
H01L,2025,0,Open,current
H01M,1975,0,Open,current
H01M,1976,0,Open,current
H01M,1977,0,Open,current
H01M,1978,0,Open,current
H01M,1979,0,Open,current
H01M,1980,0,Open,current
H01M,1981,0,Open,current
H01M,1982,0,Open,current
H01M,1983,0,Open,current
H01M,1984,0,Open,current
H01M,1985,0,Open,current
H01M,1986,0,Open,current
H01M,1987,0,Open,current
H01M,1988,0,Open,current
H01M,1989,0,Open,current
H01M,1990,0,Open,current
H01M,1991,0,Open,current
H01M,1992,0,Open,current
H01M,1993,0,Open,current
H01M,1994,0,Open,current
H01M,1995,0,Open,current
H01M,1996,0,Open,current
H01M,1997,0,Open,current
H01M,1998,0,Open,current
H01M,1999,0,Open,current
H01M,2000,0,Open,current
H01M,2001,0,Open,current
H01M,2002,0,Open,current
H01M,2003,0,Open,current
H01M,2004,0,Open,current
H01M,2005,0,Open,current
H01M,2006,0,Open,current
H01M,2007,0,Open,current
H01M,2008,0,Open,current
H01M,2009,0,Open,current
H01M,2010,0,Open,current
H01M,2011,0,Open,current
H01M,2012,0,Open,current
H01M,2013,0,Open,current
H01M,2014,0,Open,current
H01M,2015,0,Open,current
H01M,2016,0,Open,current
H01M,2017,0,Open,current
H01M,2018,0,Open,current
H01M,2019,0,Open,current
H01M,2020,0,Open,current
H01M,2021,0,Open,current
H01M,2022,0,Open,current
H01M,2023,0,Open,current
H01M,2024,0,Open,current
H01M,2025,0,Open,current
H01T,1975,0,Open,historical-outside-range
H01T,1976,0,Open,historical-outside-range
H01T,1977,0,Open,historical-outside-range
H01T,1978,0,Open,historical-outside-range
H01T,1979,0,Open,historical-outside-range
H01T,1980,0,Open,historical-outside-range
H01T,1981,0,Open,historical-outside-range
H01T,1982,0,Open,historical-outside-range
H01T,1983,0,Open,historical-outside-range
H01T,1984,0,Open,historical-outside-range
H01T,1985,0,Open,historical-outside-range
H01T,1986,0,Open,historical-outside-range
H01T,1987,0,Open,historical-outside-range
H01T,1988,0,Open,historical-outside-range
H01T,1989,0,Open,historical-outside-range
H01T,1990,0,Open,historical-outside-range
H01T,1991,0,Open,historical-outside-range
H01T,1992,0,Open,historical-outside-range
H01T,1993,0,Open,historical-outside-range
H01T,1994,0,Open,historical-outside-range
H01T,1995,0,Open,historical-outside-range
H01T,1996,0,Open,historical-outside-range
H01T,1997,0,Open,historical-outside-range
H01T,1998,0,Open,historical-outside-range
H01T,1999,0,Open,historical-outside-range
H01T,2000,0,Open,historical-outside-range
H01T,2001,0,Open,historical-outside-range
H01T,2002,0,Open,historical-outside-range
H01T,2003,0,Open,historical-outside-range
H01T,2004,0,Open,historical-outside-range
H01T,2005,0,Open,historical-outside-range
H01T,2006,0,Open,historical-outside-range
H01T,2007,0,Open,historical-outside-range
H01T,2008,0,Open,historical-outside-range
H01T,2009,0,Open,historical-outside-range
H01T,2010,0,Open,historical-outside-range
H01T,2011,0,Open,historical-outside-range
H01T,2012,0,Open,historical-outside-range
H01T,2013,0,Open,historical-outside-range
H01T,2014,0,Open,historical-outside-range
H01T,2015,0,Open,historical-outside-range
H01T,2016,0,Open,historical-outside-range
H01T,2017,0,Open,historical-outside-range
H01T,2018,0,Open,historical-outside-range
H01T,2019,0,Open,historical-outside-range
H01T,2020,0,Open,historical-outside-range
H01T,2021,0,Open,historical-outside-range
H01T,2022,0,Open,historical-outside-range
H01T,2023,0,Open,historical-outside-range
H01T,2024,0,Open,historical-outside-range
H01T,2025,0,Open,historical-outside-range
H01V,1975,0,Open,historical-outside-range
H01V,1976,0,Open,historical-outside-range
H01V,1977,0,Open,historical-outside-range
H01V,1978,0,Open,historical-outside-range
H01V,1979,0,Open,historical-outside-range
H01V,1980,0,Open,historical-outside-range
H01V,1981,0,Open,historical-outside-range
H01V,1982,0,Open,historical-outside-range
H01V,1983,0,Open,historical-outside-range
H01V,1984,0,Open,historical-outside-range
H01V,1985,0,Open,historical-outside-range
H01V,1986,0,Open,historical-outside-range
H01V,1987,0,Open,historical-outside-range
H01V,1988,0,Open,historical-outside-range
H01V,1989,0,Open,historical-outside-range
H01V,1990,0,Open,historical-outside-range
H01V,1991,0,Open,historical-outside-range
H01V,1992,0,Open,historical-outside-range
H01V,1993,0,Open,historical-outside-range
H01V,1994,0,Open,historical-outside-range
H01V,1995,0,Open,historical-outside-range
H01V,1996,0,Open,historical-outside-range
H01V,1997,0,Open,historical-outside-range
H01V,1998,0,Open,historical-outside-range
H01V,1999,0,Open,historical-outside-range
H01V,2000,0,Open,historical-outside-range
H01V,2001,0,Open,historical-outside-range
H01V,2002,0,Open,historical-outside-range
H01V,2003,0,Open,historical-outside-range
H01V,2004,0,Open,historical-outside-range
H01V,2005,0,Open,historical-outside-range
H01V,2006,0,Open,historical-outside-range
H01V,2007,0,Open,historical-outside-range
H01V,2008,0,Open,historical-outside-range
H01V,2009,0,Open,historical-outside-range
H01V,2010,0,Open,historical-outside-range
H01V,2011,0,Open,historical-outside-range
H01V,2012,0,Open,historical-outside-range
H01V,2013,0,Open,historical-outside-range
H01V,2014,0,Open,historical-outside-range
H01V,2015,0,Open,historical-outside-range
H01V,2016,0,Open,historical-outside-range
H01V,2017,0,Open,historical-outside-range
H01V,2018,0,Open,historical-outside-range
H01V,2019,0,Open,historical-outside-range
H01V,2020,0,Open,historical-outside-range
H01V,2021,0,Open,historical-outside-range
H01V,2022,0,Open,historical-outside-range
H01V,2023,0,Open,historical-outside-range
H01V,2024,0,Open,historical-outside-range
H01V,2025,0,Open,historical-outside-range
H01W,1975,0,Open,historical-outside-range
H01W,1976,0,Open,historical-outside-range
H01W,1977,0,Open,historical-outside-range
H01W,1978,0,Open,historical-outside-range
H01W,1979,0,Open,historical-outside-range
H01W,1980,0,Open,historical-outside-range
H01W,1981,0,Open,historical-outside-range
H01W,1982,0,Open,historical-outside-range
H01W,1983,0,Open,historical-outside-range
H01W,1984,0,Open,historical-outside-range
H01W,1985,0,Open,historical-outside-range
H01W,1986,0,Open,historical-outside-range
H01W,1987,0,Open,historical-outside-range
H01W,1988,0,Open,historical-outside-range
H01W,1989,0,Open,historical-outside-range
H01W,1990,0,Open,historical-outside-range
H01W,1991,0,Open,historical-outside-range
H01W,1992,0,Open,historical-outside-range
H01W,1993,0,Open,historical-outside-range
H01W,1994,0,Open,historical-outside-range
H01W,1995,0,Open,historical-outside-range
H01W,1996,0,Open,historical-outside-range
H01W,1997,0,Open,historical-outside-range
H01W,1998,0,Open,historical-outside-range
H01W,1999,0,Open,historical-outside-range
H01W,2000,0,Open,historical-outside-range
H01W,2001,0,Open,historical-outside-range
H01W,2002,0,Open,historical-outside-range
H01W,2003,0,Open,historical-outside-range
H01W,2004,0,Open,historical-outside-range
H01W,2005,0,Open,historical-outside-range
H01W,2006,0,Open,historical-outside-range
H01W,2007,0,Open,historical-outside-range
H01W,2008,0,Open,historical-outside-range
H01W,2009,0,Open,historical-outside-range
H01W,2010,0,Open,historical-outside-range
H01W,2011,0,Open,historical-outside-range
H01W,2012,0,Open,historical-outside-range
H01W,2013,0,Open,historical-outside-range
H01W,2014,0,Open,historical-outside-range
H01W,2015,0,Open,historical-outside-range
H01W,2016,0,Open,historical-outside-range
H01W,2017,0,Open,historical-outside-range
H01W,2018,0,Open,historical-outside-range
H01W,2019,0,Open,historical-outside-range
H01W,2020,0,Open,historical-outside-range
H01W,2021,0,Open,historical-outside-range
H01W,2022,0,Open,historical-outside-range
H01W,2023,0,Open,historical-outside-range
H01W,2024,0,Open,historical-outside-range
H01W,2025,0,Open,historical-outside-range
H01Y,1975,0,Open,historical-outside-range
H01Y,1976,0,Open,historical-outside-range
H01Y,1977,0,Open,historical-outside-range
H01Y,1978,0,Open,historical-outside-range
H01Y,1979,0,Open,historical-outside-range
H01Y,1980,0,Open,historical-outside-range
H01Y,1981,0,Open,historical-outside-range
H01Y,1982,0,Open,historical-outside-range
H01Y,1983,0,Open,historical-outside-range
H01Y,1984,0,Open,historical-outside-range
H01Y,1985,0,Open,historical-outside-range
H01Y,1986,0,Open,historical-outside-range
H01Y,1987,0,Open,historical-outside-range
H01Y,1988,0,Open,historical-outside-range
H01Y,1989,0,Open,historical-outside-range
H01Y,1990,0,Open,historical-outside-range
H01Y,1991,0,Open,historical-outside-range
H01Y,1992,0,Open,historical-outside-range
H01Y,1993,0,Open,historical-outside-range
H01Y,1994,0,Open,historical-outside-range
H01Y,1995,0,Open,historical-outside-range
H01Y,1996,0,Open,historical-outside-range
H01Y,1997,0,Open,historical-outside-range
H01Y,1998,0,Open,historical-outside-range
H01Y,1999,0,Open,historical-outside-range
H01Y,2000,0,Open,historical-outside-range
H01Y,2001,0,Open,historical-outside-range
H01Y,2002,0,Open,historical-outside-range
H01Y,2003,0,Open,historical-outside-range
H01Y,2004,0,Open,historical-outside-range
H01Y,2005,0,Open,historical-outside-range
H01Y,2006,0,Open,historical-outside-range
H01Y,2007,0,Open,historical-outside-range
H01Y,2008,0,Open,historical-outside-range
H01Y,2009,0,Open,historical-outside-range
H01Y,2010,0,Open,historical-outside-range
H01Y,2011,0,Open,historical-outside-range
H01Y,2012,0,Open,historical-outside-range
H01Y,2013,0,Open,historical-outside-range
H01Y,2014,0,Open,historical-outside-range
H01Y,2015,0,Open,historical-outside-range
H01Y,2016,0,Open,historical-outside-range
H01Y,2017,0,Open,historical-outside-range
H01Y,2018,0,Open,historical-outside-range
H01Y,2019,0,Open,historical-outside-range
H01Y,2020,0,Open,historical-outside-range
H01Y,2021,0,Open,historical-outside-range
H01Y,2022,0,Open,historical-outside-range
H01Y,2023,0,Open,historical-outside-range
H01Y,2024,0,Open,historical-outside-range
H01Y,2025,0,Open,historical-outside-range
H01Z,1975,0,Open,historical-outside-range
H01Z,1976,0,Open,historical-outside-range
H01Z,1977,0,Open,historical-outside-range
H01Z,1978,0,Open,historical-outside-range
H01Z,1979,0,Open,historical-outside-range
H01Z,1980,0,Open,historical-outside-range
H01Z,1981,0,Open,historical-outside-range
H01Z,1982,0,Open,historical-outside-range
H01Z,1983,0,Open,historical-outside-range
H01Z,1984,0,Open,historical-outside-range
H01Z,1985,0,Open,historical-outside-range
H01Z,1986,0,Open,historical-outside-range
H01Z,1987,0,Open,historical-outside-range
H01Z,1988,0,Open,historical-outside-range
H01Z,1989,0,Open,historical-outside-range
H01Z,1990,0,Open,historical-outside-range
H01Z,1991,0,Open,historical-outside-range
H01Z,1992,0,Open,historical-outside-range
H01Z,1993,0,Open,historical-outside-range
H01Z,1994,0,Open,historical-outside-range
H01Z,1995,0,Open,historical-outside-range
H01Z,1996,0,Open,historical-outside-range
H01Z,1997,0,Open,historical-outside-range
H01Z,1998,0,Open,historical-outside-range
H01Z,1999,0,Open,historical-outside-range
H01Z,2000,0,Open,historical-outside-range
H01Z,2001,0,Open,historical-outside-range
H01Z,2002,0,Open,historical-outside-range
H01Z,2003,0,Open,historical-outside-range
H01Z,2004,0,Open,historical-outside-range
H01Z,2005,0,Open,historical-outside-range
H01Z,2006,0,Open,historical-outside-range
H01Z,2007,0,Open,historical-outside-range
H01Z,2008,0,Open,historical-outside-range
H01Z,2009,0,Open,historical-outside-range
H01Z,2010,0,Open,historical-outside-range
H01Z,2011,0,Open,historical-outside-range
H01Z,2012,0,Open,historical-outside-range
H01Z,2013,0,Open,historical-outside-range
H01Z,2014,0,Open,historical-outside-range
H01Z,2015,0,Open,historical-outside-range
H01Z,2016,0,Open,historical-outside-range
H01Z,2017,0,Open,historical-outside-range
H01Z,2018,0,Open,historical-outside-range
H01Z,2019,0,Open,historical-outside-range
H01Z,2020,0,Open,historical-outside-range
H01Z,2021,0,Open,historical-outside-range
H01Z,2022,0,Open,historical-outside-range
H01Z,2023,0,Open,historical-outside-range
H01Z,2024,0,Open,historical-outside-range
H01Z,2025,0,Open,historical-outside-range
H02B,1975,0,Open,historical
H02B,1976,0,Open,historical
H02B,1977,0,Open,historical-outside-range
H02B,1978,0,Open,historical-outside-range
H02B,1979,0,Open,historical-outside-range
H02B,1980,0,Open,historical-outside-range
H02B,1981,0,Open,historical-outside-range
H02B,1982,0,Open,historical-outside-range
H02B,1983,0,Open,historical-outside-range
H02B,1984,0,Open,historical-outside-range
H02B,1985,0,Open,historical-outside-range
H02B,1986,0,Open,historical-outside-range
H02B,1987,0,Open,historical-outside-range
H02B,1988,0,Open,historical-outside-range
H02B,1989,0,Open,historical-outside-range
H02B,1990,0,Open,historical-outside-range
H02B,1991,0,Open,historical-outside-range
H02B,1992,0,Open,historical-outside-range
H02B,1993,0,Open,historical-outside-range
H02B,1994,0,Open,historical-outside-range
H02B,1995,0,Open,historical-outside-range
H02B,1996,0,Open,historical-outside-range
H02B,1997,0,Open,historical-outside-range
H02B,1998,0,Open,historical-outside-range
H02B,1999,0,Open,historical-outside-range
H02B,2000,0,Open,historical-outside-range
H02B,2001,0,Open,historical-outside-range
H02B,2002,0,Open,historical-outside-range
H02B,2003,0,Open,historical-outside-range
H02B,2004,0,Open,historical-outside-range
H02B,2005,0,Open,historical-outside-range
H02B,2006,0,Open,historical-outside-range
H02B,2007,0,Open,historical-outside-range
H02B,2008,0,Open,historical-outside-range
H02B,2009,0,Open,historical-outside-range
H02B,2010,0,Open,historical-outside-range
H02B,2011,0,Open,historical-outside-range
H02B,2012,0,Open,historical-outside-range
H02B,2013,0,Open,historical-outside-range
H02B,2014,0,Open,historical-outside-range
H02B,2015,0,Open,historical-outside-range
H02B,2016,0,Open,historical-outside-range
H02B,2017,0,Open,historical-outside-range
H02B,2018,0,Open,historical-outside-range
H02B,2019,0,Open,historical-outside-range
H02B,2020,0,Open,historical-outside-range
H02B,2021,0,Open,historical-outside-range
H02B,2022,0,Open,historical-outside-range
H02B,2023,0,Open,historical-outside-range
H02B,2024,0,Open,historical-outside-range
H02B,2025,0,Open,historical-outside-range
H02H,1975,0,Open,historical-outside-range
H02H,1976,0,Open,historical-outside-range
H02H,1977,0,Open,historical-outside-range
H02H,1978,0,Open,historical-outside-range
H02H,1979,0,Open,historical-outside-range
H02H,1980,0,Open,historical-outside-range
H02H,1981,0,Open,historical-outside-range
H02H,1982,0,Open,historical-outside-range
H02H,1983,0,Open,historical-outside-range
H02H,1984,0,Open,historical-outside-range
H02H,1985,0,Open,historical-outside-range
H02H,1986,0,Open,historical-outside-range
H02H,1987,0,Open,historical-outside-range
H02H,1988,0,Open,historical-outside-range
H02H,1989,0,Open,historical-outside-range
H02H,1990,0,Open,historical-outside-range
H02H,1991,0,Open,historical-outside-range
H02H,1992,0,Open,historical-outside-range
H02H,1993,0,Open,historical-outside-range
H02H,1994,0,Open,historical-outside-range
H02H,1995,0,Open,historical-outside-range
H02H,1996,0,Open,historical-outside-range
H02H,1997,0,Open,historical-outside-range
H02H,1998,0,Open,historical-outside-range
H02H,1999,0,Open,historical-outside-range
H02H,2000,0,Open,historical-outside-range
H02H,2001,0,Open,historical-outside-range
H02H,2002,0,Open,historical-outside-range
H02H,2003,0,Open,historical-outside-range
H02H,2004,0,Open,historical-outside-range
H02H,2005,0,Open,historical-outside-range
H02H,2006,0,Open,historical-outside-range
H02H,2007,0,Open,historical-outside-range
H02H,2008,0,Open,historical-outside-range
H02H,2009,0,Open,historical-outside-range
H02H,2010,0,Open,historical-outside-range
H02H,2011,0,Open,historical-outside-range
H02H,2012,0,Open,historical-outside-range
H02H,2013,0,Open,historical-outside-range
H02H,2014,0,Open,historical-outside-range
H02H,2015,0,Open,historical-outside-range
H02H,2016,0,Open,historical-outside-range
H02H,2017,0,Open,historical-outside-range
H02H,2018,0,Open,historical-outside-range
H02H,2019,0,Open,historical-outside-range
H02H,2020,0,Open,historical-outside-range
H02H,2021,0,Open,historical-outside-range
H02H,2022,0,Open,historical-outside-range
H02H,2023,0,Open,historical-outside-range
H02H,2024,0,Open,historical-outside-range
H02H,2025,0,Open,historical-outside-range
H02X,1975,0,Open,current
H02X,1976,0,Open,current
H02X,1977,0,Open,current
H02X,1978,0,Open,current
H02X,1979,0,Open,current
H02X,1980,0,Open,current
H02X,1981,0,Open,current
H02X,1982,0,Open,current
H02X,1983,0,Open,current
H02X,1984,0,Open,current
H02X,1985,0,Open,current
H02X,1986,0,Open,current
H02X,1987,0,Open,current
H02X,1988,0,Open,current
H02X,1989,0,Open,historical
H02X,1990,0,Open,historical
H02X,1991,0,Open,historical
H02X,1992,0,Open,historical
H02X,1993,0,Open,historical
H02X,1994,0,Open,historical
H02X,1995,0,Open,historical
H02X,1996,0,Open,historical
H02X,1997,0,Open,historical
H02X,1998,0,Open,historical
H02X,1999,0,Open,historical
H02X,2000,0,Open,historical
H02X,2001,0,Open,historical
H02X,2002,0,Open,historical
H02X,2003,0,Open,historical
H02X,2004,0,Open,historical
H02X,2005,0,Open,historical
H02X,2006,0,Open,historical
H02X,2007,0,Open,historical
H02X,2008,0,Open,historical
H02X,2009,0,Open,historical
H02X,2010,0,Open,historical
H02X,2011,0,Open,historical
H02X,2012,0,Open,historical
H02X,2013,0,Open,historical
H02X,2014,0,Open,historical
H02X,2015,0,Open,historical
H02X,2016,0,Open,historical
H02X,2017,0,Open,historical
H02X,2018,0,Open,historical
H02X,2019,0,Open,historical
H02X,2020,0,Open,historical
H02X,2021,0,Open,historical
H02X,2022,0,Open,current
H02X,2023,0,Open,current
H02X,2024,0,Open,current
H02X,2025,0,Open,current
H02Z,1975,0,Open,historical-outside-range
H02Z,1976,0,Open,historical-outside-range
H02Z,1977,0,Open,historical-outside-range
H02Z,1978,0,Open,historical-outside-range
H02Z,1979,0,Open,historical-outside-range
H02Z,1980,0,Open,historical-outside-range
H02Z,1981,0,Open,historical-outside-range
H02Z,1982,0,Open,historical-outside-range
H02Z,1983,0,Open,historical-outside-range
H02Z,1984,0,Open,historical-outside-range
H02Z,1985,0,Open,historical-outside-range
H02Z,1986,0,Open,historical-outside-range
H02Z,1987,0,Open,historical-outside-range
H02Z,1988,0,Open,historical-outside-range
H02Z,1989,0,Open,historical-outside-range
H02Z,1990,0,Open,historical-outside-range
H02Z,1991,0,Open,historical-outside-range
H02Z,1992,0,Open,historical-outside-range
H02Z,1993,0,Open,historical-outside-range
H02Z,1994,0,Open,historical-outside-range
H02Z,1995,0,Open,historical-outside-range
H02Z,1996,0,Open,historical-outside-range
H02Z,1997,0,Open,historical-outside-range
H02Z,1998,0,Open,historical-outside-range
H02Z,1999,0,Open,historical-outside-range
H02Z,2000,0,Open,historical-outside-range
H02Z,2001,0,Open,historical-outside-range
H02Z,2002,0,Open,historical-outside-range
H02Z,2003,0,Open,historical-outside-range
H02Z,2004,0,Open,historical-outside-range
H02Z,2005,0,Open,historical-outside-range
H02Z,2006,0,Open,historical-outside-range
H02Z,2007,0,Open,historical-outside-range
H02Z,2008,0,Open,historical-outside-range
H02Z,2009,0,Open,historical-outside-range
H02Z,2010,0,Open,historical-outside-range
H02Z,2011,0,Open,historical-outside-range
H02Z,2012,0,Open,historical-outside-range
H02Z,2013,0,Open,historical-outside-range
H02Z,2014,0,Open,historical-outside-range
H02Z,2015,0,Open,historical-outside-range
H02Z,2016,0,Open,historical-outside-range
H02Z,2017,0,Open,historical-outside-range
H02Z,2018,0,Open,historical-outside-range
H02Z,2019,0,Open,historical-outside-range
H02Z,2020,0,Open,historical-outside-range
H02Z,2021,0,Open,historical-outside-range
H02Z,2022,0,Open,historical-outside-range
H02Z,2023,0,Open,historical-outside-range
H02Z,2024,0,Open,historical-outside-range
H02Z,2025,0,Open,historical-outside-range
H03A,1975,0,Open,historical-outside-range
H03A,1976,0,Open,historical-outside-range
H03A,1977,0,Open,historical-outside-range
H03A,1978,0,Open,historical-outside-range
H03A,1979,0,Open,historical-outside-range
H03A,1980,0,Open,historical-outside-range
H03A,1981,0,Open,historical-outside-range
H03A,1982,0,Open,historical-outside-range
H03A,1983,0,Open,historical-outside-range
H03A,1984,0,Open,historical-outside-range
H03A,1985,0,Open,historical-outside-range
H03A,1986,0,Open,historical-outside-range
H03A,1987,0,Open,historical-outside-range
H03A,1988,0,Open,historical-outside-range
H03A,1989,0,Open,historical-outside-range
H03A,1990,0,Open,historical-outside-range
H03A,1991,0,Open,historical-outside-range
H03A,1992,0,Open,historical-outside-range
H03A,1993,0,Open,historical-outside-range
H03A,1994,0,Open,historical-outside-range
H03A,1995,0,Open,historical-outside-range
H03A,1996,0,Open,historical-outside-range
H03A,1997,0,Open,historical-outside-range
H03A,1998,0,Open,historical-outside-range
H03A,1999,0,Open,historical-outside-range
H03A,2000,0,Open,historical-outside-range
H03A,2001,0,Open,historical-outside-range
H03A,2002,0,Open,historical-outside-range
H03A,2003,0,Open,historical-outside-range
H03A,2004,0,Open,historical-outside-range
H03A,2005,0,Open,historical-outside-range
H03A,2006,0,Open,historical-outside-range
H03A,2007,0,Open,historical-outside-range
H03A,2008,0,Open,historical-outside-range
H03A,2009,0,Open,historical-outside-range
H03A,2010,0,Open,historical-outside-range
H03A,2011,0,Open,historical-outside-range
H03A,2012,0,Open,historical-outside-range
H03A,2013,0,Open,historical-outside-range
H03A,2014,0,Open,historical-outside-range
H03A,2015,0,Open,historical-outside-range
H03A,2016,0,Open,historical-outside-range
H03A,2017,0,Open,historical-outside-range
H03A,2018,0,Open,historical-outside-range
H03A,2019,0,Open,historical-outside-range
H03A,2020,0,Open,historical-outside-range
H03A,2021,0,Open,historical-outside-range
H03A,2022,0,Open,historical-outside-range
H03A,2023,0,Open,historical-outside-range
H03A,2024,0,Open,historical-outside-range
H03A,2025,0,Open,historical-outside-range
H03B,1975,0,Open,historical
H03B,1976,0,Open,historical
H03B,1977,0,Open,historical-outside-range
H03B,1978,0,Open,historical-outside-range
H03B,1979,0,Open,historical-outside-range
H03B,1980,0,Open,historical-outside-range
H03B,1981,0,Open,historical-outside-range
H03B,1982,0,Open,historical-outside-range
H03B,1983,0,Open,historical-outside-range
H03B,1984,0,Open,historical-outside-range
H03B,1985,0,Open,historical-outside-range
H03B,1986,0,Open,historical-outside-range
H03B,1987,0,Open,historical-outside-range
H03B,1988,0,Open,historical-outside-range
H03B,1989,0,Open,historical-outside-range
H03B,1990,0,Open,historical-outside-range
H03B,1991,0,Open,historical-outside-range
H03B,1992,0,Open,historical-outside-range
H03B,1993,0,Open,historical-outside-range
H03B,1994,0,Open,historical-outside-range
H03B,1995,0,Open,historical-outside-range
H03B,1996,0,Open,historical-outside-range
H03B,1997,0,Open,historical-outside-range
H03B,1998,0,Open,historical-outside-range
H03B,1999,0,Open,historical-outside-range
H03B,2000,0,Open,historical-outside-range
H03B,2001,0,Open,historical-outside-range
H03B,2002,0,Open,historical-outside-range
H03B,2003,0,Open,historical-outside-range
H03B,2004,0,Open,historical-outside-range
H03B,2005,0,Open,historical-outside-range
H03B,2006,0,Open,historical-outside-range
H03B,2007,0,Open,historical-outside-range
H03B,2008,0,Open,historical-outside-range
H03B,2009,0,Open,historical-outside-range
H03B,2010,0,Open,historical-outside-range
H03B,2011,0,Open,historical-outside-range
H03B,2012,0,Open,historical-outside-range
H03B,2013,0,Open,historical-outside-range
H03B,2014,0,Open,historical-outside-range
H03B,2015,0,Open,historical-outside-range
H03B,2016,0,Open,historical-outside-range
H03B,2017,0,Open,historical-outside-range
H03B,2018,0,Open,historical-outside-range
H03B,2019,0,Open,historical-outside-range
H03B,2020,0,Open,historical-outside-range
H03B,2021,0,Open,historical-outside-range
H03B,2022,0,Open,historical-outside-range
H03B,2023,0,Open,historical-outside-range
H03B,2024,0,Open,historical-outside-range
H03B,2025,0,Open,historical-outside-range
H03E,1975,0,Open,historical-outside-range
H03E,1976,0,Open,historical-outside-range
H03E,1977,0,Open,historical-outside-range
H03E,1978,0,Open,historical-outside-range
H03E,1979,0,Open,historical-outside-range
H03E,1980,0,Open,historical-outside-range
H03E,1981,0,Open,historical-outside-range
H03E,1982,0,Open,historical-outside-range
H03E,1983,0,Open,historical-outside-range
H03E,1984,0,Open,historical-outside-range
H03E,1985,0,Open,historical-outside-range
H03E,1986,0,Open,historical-outside-range
H03E,1987,0,Open,historical-outside-range
H03E,1988,0,Open,historical-outside-range
H03E,1989,0,Open,historical-outside-range
H03E,1990,0,Open,historical-outside-range
H03E,1991,0,Open,historical-outside-range
H03E,1992,0,Open,historical-outside-range
H03E,1993,0,Open,historical-outside-range
H03E,1994,0,Open,historical-outside-range
H03E,1995,0,Open,historical-outside-range
H03E,1996,0,Open,historical-outside-range
H03E,1997,0,Open,historical-outside-range
H03E,1998,0,Open,historical-outside-range
H03E,1999,0,Open,historical-outside-range
H03E,2000,0,Open,historical-outside-range
H03E,2001,0,Open,historical-outside-range
H03E,2002,0,Open,historical-outside-range
H03E,2003,0,Open,historical-outside-range
H03E,2004,0,Open,historical-outside-range
H03E,2005,0,Open,historical-outside-range
H03E,2006,0,Open,historical-outside-range
H03E,2007,0,Open,historical-outside-range
H03E,2008,0,Open,historical-outside-range
H03E,2009,0,Open,historical-outside-range
H03E,2010,0,Open,historical-outside-range
H03E,2011,0,Open,historical-outside-range
H03E,2012,0,Open,historical-outside-range
H03E,2013,0,Open,historical-outside-range
H03E,2014,0,Open,historical-outside-range
H03E,2015,0,Open,historical-outside-range
H03E,2016,0,Open,historical-outside-range
H03E,2017,0,Open,historical-outside-range
H03E,2018,0,Open,historical-outside-range
H03E,2019,0,Open,historical-outside-range
H03E,2020,0,Open,historical-outside-range
H03E,2021,0,Open,historical-outside-range
H03E,2022,0,Open,historical-outside-range
H03E,2023,0,Open,historical-outside-range
H03E,2024,0,Open,historical-outside-range
H03E,2025,0,Open,historical-outside-range
H03H,1975,0,Open,historical-outside-range
H03H,1976,0,Open,historical-outside-range
H03H,1977,0,Open,historical-outside-range
H03H,1978,0,Open,historical-outside-range
H03H,1979,0,Open,historical-outside-range
H03H,1980,0,Open,historical-outside-range
H03H,1981,0,Open,historical-outside-range
H03H,1982,0,Open,historical-outside-range
H03H,1983,0,Open,historical-outside-range
H03H,1984,0,Open,historical-outside-range
H03H,1985,0,Open,historical-outside-range
H03H,1986,0,Open,historical-outside-range
H03H,1987,0,Open,historical-outside-range
H03H,1988,0,Open,historical-outside-range
H03H,1989,0,Open,historical-outside-range
H03H,1990,0,Open,historical-outside-range
H03H,1991,0,Open,historical-outside-range
H03H,1992,0,Open,historical-outside-range
H03H,1993,0,Open,historical-outside-range
H03H,1994,0,Open,historical-outside-range
H03H,1995,0,Open,historical-outside-range
H03H,1996,0,Open,historical-outside-range
H03H,1997,0,Open,historical-outside-range
H03H,1998,0,Open,historical-outside-range
H03H,1999,0,Open,historical-outside-range
H03H,2000,0,Open,historical-outside-range
H03H,2001,0,Open,historical-outside-range
H03H,2002,0,Open,historical-outside-range
H03H,2003,0,Open,historical-outside-range
H03H,2004,0,Open,historical-outside-range
H03H,2005,0,Open,historical-outside-range
H03H,2006,0,Open,historical-outside-range
H03H,2007,0,Open,historical-outside-range
H03H,2008,0,Open,historical-outside-range
H03H,2009,0,Open,historical-outside-range
H03H,2010,0,Open,historical-outside-range
H03H,2011,0,Open,historical-outside-range
H03H,2012,0,Open,historical-outside-range
H03H,2013,0,Open,historical-outside-range
H03H,2014,0,Open,historical-outside-range
H03H,2015,0,Open,historical-outside-range
H03H,2016,0,Open,historical-outside-range
H03H,2017,0,Open,historical-outside-range
H03H,2018,0,Open,historical-outside-range
H03H,2019,0,Open,historical-outside-range
H03H,2020,0,Open,historical-outside-range
H03H,2021,0,Open,historical-outside-range
H03H,2022,0,Open,historical-outside-range
H03H,2023,0,Open,historical-outside-range
H03H,2024,0,Open,historical-outside-range
H03H,2025,0,Open,historical-outside-range
H03K,1975,0,Open,historical-outside-range
H03K,1976,0,Open,historical-outside-range
H03K,1977,0,Open,historical-outside-range
H03K,1978,0,Open,historical-outside-range
H03K,1979,0,Open,historical-outside-range
H03K,1980,0,Open,historical-outside-range
H03K,1981,0,Open,historical-outside-range
H03K,1982,0,Open,historical-outside-range
H03K,1983,0,Open,historical-outside-range
H03K,1984,0,Open,historical-outside-range
H03K,1985,0,Open,historical-outside-range
H03K,1986,0,Open,historical-outside-range
H03K,1987,0,Open,historical-outside-range
H03K,1988,0,Open,historical-outside-range
H03K,1989,0,Open,historical-outside-range
H03K,1990,0,Open,historical-outside-range
H03K,1991,0,Open,historical-outside-range
H03K,1992,0,Open,historical-outside-range
H03K,1993,0,Open,historical-outside-range
H03K,1994,0,Open,historical-outside-range
H03K,1995,0,Open,historical-outside-range
H03K,1996,0,Open,historical-outside-range
H03K,1997,0,Open,historical-outside-range
H03K,1998,0,Open,historical-outside-range
H03K,1999,0,Open,historical-outside-range
H03K,2000,0,Open,historical-outside-range
H03K,2001,0,Open,historical-outside-range
H03K,2002,0,Open,historical-outside-range
H03K,2003,0,Open,historical-outside-range
H03K,2004,0,Open,historical-outside-range
H03K,2005,0,Open,historical-outside-range
H03K,2006,0,Open,historical-outside-range
H03K,2007,0,Open,historical-outside-range
H03K,2008,0,Open,historical-outside-range
H03K,2009,0,Open,historical-outside-range
H03K,2010,0,Open,historical-outside-range
H03K,2011,0,Open,historical-outside-range
H03K,2012,0,Open,historical-outside-range
H03K,2013,0,Open,historical-outside-range
H03K,2014,0,Open,historical-outside-range
H03K,2015,0,Open,historical-outside-range
H03K,2016,0,Open,historical-outside-range
H03K,2017,0,Open,historical-outside-range
H03K,2018,0,Open,historical-outside-range
H03K,2019,0,Open,historical-outside-range
H03K,2020,0,Open,historical-outside-range
H03K,2021,0,Open,historical-outside-range
H03K,2022,0,Open,historical-outside-range
H03K,2023,0,Open,historical-outside-range
H03K,2024,0,Open,historical-outside-range
H03K,2025,0,Open,historical-outside-range
H03T,1975,0,Open,historical-outside-range
H03T,1976,0,Open,historical-outside-range
H03T,1977,0,Open,historical-outside-range
H03T,1978,0,Open,historical-outside-range
H03T,1979,0,Open,historical-outside-range
H03T,1980,0,Open,historical-outside-range
H03T,1981,0,Open,historical-outside-range
H03T,1982,0,Open,historical-outside-range
H03T,1983,0,Open,historical-outside-range
H03T,1984,0,Open,historical-outside-range
H03T,1985,0,Open,historical-outside-range
H03T,1986,0,Open,historical-outside-range
H03T,1987,0,Open,historical-outside-range
H03T,1988,0,Open,historical-outside-range
H03T,1989,0,Open,historical-outside-range
H03T,1990,0,Open,historical-outside-range
H03T,1991,0,Open,historical-outside-range
H03T,1992,0,Open,historical-outside-range
H03T,1993,0,Open,historical-outside-range
H03T,1994,0,Open,historical-outside-range
H03T,1995,0,Open,historical-outside-range
H03T,1996,0,Open,historical-outside-range
H03T,1997,0,Open,historical-outside-range
H03T,1998,0,Open,historical-outside-range
H03T,1999,0,Open,historical-outside-range
H03T,2000,0,Open,historical-outside-range
H03T,2001,0,Open,historical-outside-range
H03T,2002,0,Open,historical-outside-range
H03T,2003,0,Open,historical-outside-range
H03T,2004,0,Open,historical-outside-range
H03T,2005,0,Open,historical-outside-range
H03T,2006,0,Open,historical-outside-range
H03T,2007,0,Open,historical-outside-range
H03T,2008,0,Open,historical-outside-range
H03T,2009,0,Open,historical-outside-range
H03T,2010,0,Open,historical-outside-range
H03T,2011,0,Open,historical-outside-range
H03T,2012,0,Open,historical-outside-range
H03T,2013,0,Open,historical-outside-range
H03T,2014,0,Open,historical-outside-range
H03T,2015,0,Open,historical-outside-range
H03T,2016,0,Open,historical-outside-range
H03T,2017,0,Open,historical-outside-range
H03T,2018,0,Open,historical-outside-range
H03T,2019,0,Open,historical-outside-range
H03T,2020,0,Open,historical-outside-range
H03T,2021,0,Open,historical-outside-range
H03T,2022,0,Open,historical-outside-range
H03T,2023,0,Open,historical-outside-range
H03T,2024,0,Open,historical-outside-range
H03T,2025,0,Open,historical-outside-range
H03W,1975,0,Open,historical-outside-range
H03W,1976,0,Open,historical-outside-range
H03W,1977,0,Open,historical-outside-range
H03W,1978,0,Open,historical-outside-range
H03W,1979,0,Open,historical-outside-range
H03W,1980,0,Open,historical-outside-range
H03W,1981,0,Open,historical-outside-range
H03W,1982,0,Open,historical-outside-range
H03W,1983,0,Open,historical-outside-range
H03W,1984,0,Open,historical-outside-range
H03W,1985,0,Open,historical-outside-range
H03W,1986,0,Open,historical-outside-range
H03W,1987,0,Open,historical-outside-range
H03W,1988,0,Open,historical-outside-range
H03W,1989,0,Open,historical-outside-range
H03W,1990,0,Open,historical-outside-range
H03W,1991,0,Open,historical-outside-range
H03W,1992,0,Open,historical-outside-range
H03W,1993,0,Open,historical-outside-range
H03W,1994,0,Open,historical-outside-range
H03W,1995,0,Open,historical-outside-range
H03W,1996,0,Open,historical-outside-range
H03W,1997,0,Open,historical-outside-range
H03W,1998,0,Open,historical-outside-range
H03W,1999,0,Open,historical-outside-range
H03W,2000,0,Open,historical-outside-range
H03W,2001,0,Open,historical-outside-range
H03W,2002,0,Open,historical-outside-range
H03W,2003,0,Open,historical-outside-range
H03W,2004,0,Open,historical-outside-range
H03W,2005,0,Open,historical-outside-range
H03W,2006,0,Open,historical-outside-range
H03W,2007,0,Open,historical-outside-range
H03W,2008,0,Open,historical-outside-range
H03W,2009,0,Open,historical-outside-range
H03W,2010,0,Open,historical-outside-range
H03W,2011,0,Open,historical-outside-range
H03W,2012,0,Open,historical-outside-range
H03W,2013,0,Open,historical-outside-range
H03W,2014,0,Open,historical-outside-range
H03W,2015,0,Open,historical-outside-range
H03W,2016,0,Open,historical-outside-range
H03W,2017,0,Open,historical-outside-range
H03W,2018,0,Open,historical-outside-range
H03W,2019,0,Open,historical-outside-range
H03W,2020,0,Open,historical-outside-range
H03W,2021,0,Open,historical-outside-range
H03W,2022,0,Open,historical-outside-range
H03W,2023,0,Open,historical-outside-range
H03W,2024,0,Open,historical-outside-range
H03W,2025,0,Open,historical-outside-range
H04A,1975,0,Open,historical-outside-range
H04A,1976,0,Open,historical-outside-range
H04A,1977,0,Open,historical-outside-range
H04A,1978,0,Open,historical-outside-range
H04A,1979,0,Open,historical-outside-range
H04A,1980,0,Open,historical-outside-range
H04A,1981,0,Open,historical-outside-range
H04A,1982,0,Open,historical-outside-range
H04A,1983,0,Open,historical-outside-range
H04A,1984,0,Open,historical-outside-range
H04A,1985,0,Open,historical-outside-range
H04A,1986,0,Open,historical-outside-range
H04A,1987,0,Open,historical-outside-range
H04A,1988,0,Open,historical-outside-range
H04A,1989,0,Open,historical-outside-range
H04A,1990,0,Open,historical-outside-range
H04A,1991,0,Open,historical-outside-range
H04A,1992,0,Open,historical-outside-range
H04A,1993,0,Open,historical-outside-range
H04A,1994,0,Open,historical-outside-range
H04A,1995,0,Open,historical-outside-range
H04A,1996,0,Open,historical-outside-range
H04A,1997,0,Open,historical-outside-range
H04A,1998,0,Open,historical-outside-range
H04A,1999,0,Open,historical-outside-range
H04A,2000,0,Open,historical-outside-range
H04A,2001,0,Open,historical-outside-range
H04A,2002,0,Open,historical-outside-range
H04A,2003,0,Open,historical-outside-range
H04A,2004,0,Open,historical-outside-range
H04A,2005,0,Open,historical-outside-range
H04A,2006,0,Open,historical-outside-range
H04A,2007,0,Open,historical-outside-range
H04A,2008,0,Open,historical-outside-range
H04A,2009,0,Open,historical-outside-range
H04A,2010,0,Open,historical-outside-range
H04A,2011,0,Open,historical-outside-range
H04A,2012,0,Open,historical-outside-range
H04A,2013,0,Open,historical-outside-range
H04A,2014,0,Open,historical-outside-range
H04A,2015,0,Open,historical-outside-range
H04A,2016,0,Open,historical-outside-range
H04A,2017,0,Open,historical-outside-range
H04A,2018,0,Open,historical-outside-range
H04A,2019,0,Open,historical-outside-range
H04A,2020,0,Open,historical-outside-range
H04A,2021,0,Open,historical-outside-range
H04A,2022,0,Open,historical-outside-range
H04A,2023,0,Open,historical-outside-range
H04A,2024,0,Open,historical-outside-range
H04A,2025,0,Open,historical-outside-range
H04B,1975,0,Open,historical
H04B,1976,0,Open,historical
H04B,1977,0,Open,historical-outside-range
H04B,1978,0,Open,historical-outside-range
H04B,1979,0,Open,historical-outside-range
H04B,1980,0,Open,historical-outside-range
H04B,1981,0,Open,historical-outside-range
H04B,1982,0,Open,historical-outside-range
H04B,1983,0,Open,historical-outside-range
H04B,1984,0,Open,historical-outside-range
H04B,1985,0,Open,historical-outside-range
H04B,1986,0,Open,historical-outside-range
H04B,1987,0,Open,historical-outside-range
H04B,1988,0,Open,historical-outside-range
H04B,1989,0,Open,historical-outside-range
H04B,1990,0,Open,historical-outside-range
H04B,1991,0,Open,historical-outside-range
H04B,1992,0,Open,historical-outside-range
H04B,1993,0,Open,historical-outside-range
H04B,1994,0,Open,historical-outside-range
H04B,1995,0,Open,historical-outside-range
H04B,1996,0,Open,historical-outside-range
H04B,1997,0,Open,historical-outside-range
H04B,1998,0,Open,historical-outside-range
H04B,1999,0,Open,historical-outside-range
H04B,2000,0,Open,historical-outside-range
H04B,2001,0,Open,historical-outside-range
H04B,2002,0,Open,historical-outside-range
H04B,2003,0,Open,historical-outside-range
H04B,2004,0,Open,historical-outside-range
H04B,2005,0,Open,historical-outside-range
H04B,2006,0,Open,historical-outside-range
H04B,2007,0,Open,historical-outside-range
H04B,2008,0,Open,historical-outside-range
H04B,2009,0,Open,historical-outside-range
H04B,2010,0,Open,historical-outside-range
H04B,2011,0,Open,historical-outside-range
H04B,2012,0,Open,historical-outside-range
H04B,2013,0,Open,historical-outside-range
H04B,2014,0,Open,historical-outside-range
H04B,2015,0,Open,historical-outside-range
H04B,2016,0,Open,historical-outside-range
H04B,2017,0,Open,historical-outside-range
H04B,2018,0,Open,historical-outside-range
H04B,2019,0,Open,historical-outside-range
H04B,2020,0,Open,historical-outside-range
H04B,2021,0,Open,historical-outside-range
H04B,2022,0,Open,historical-outside-range
H04B,2023,0,Open,historical-outside-range
H04B,2024,0,Open,historical-outside-range
H04B,2025,0,Open,historical-outside-range
H04E,1975,0,Open,historical-outside-range
H04E,1976,0,Open,historical-outside-range
H04E,1977,0,Open,historical-outside-range
H04E,1978,0,Open,historical-outside-range
H04E,1979,0,Open,historical-outside-range
H04E,1980,0,Open,historical-outside-range
H04E,1981,0,Open,historical-outside-range
H04E,1982,0,Open,historical-outside-range
H04E,1983,0,Open,historical-outside-range
H04E,1984,0,Open,historical-outside-range
H04E,1985,0,Open,historical-outside-range
H04E,1986,0,Open,historical-outside-range
H04E,1987,0,Open,historical-outside-range
H04E,1988,0,Open,historical-outside-range
H04E,1989,0,Open,historical-outside-range
H04E,1990,0,Open,historical-outside-range
H04E,1991,0,Open,historical-outside-range
H04E,1992,0,Open,historical-outside-range
H04E,1993,0,Open,historical-outside-range
H04E,1994,0,Open,historical-outside-range
H04E,1995,0,Open,historical-outside-range
H04E,1996,0,Open,historical-outside-range
H04E,1997,0,Open,historical-outside-range
H04E,1998,0,Open,historical-outside-range
H04E,1999,0,Open,historical-outside-range
H04E,2000,0,Open,historical-outside-range
H04E,2001,0,Open,historical-outside-range
H04E,2002,0,Open,historical-outside-range
H04E,2003,0,Open,historical-outside-range
H04E,2004,0,Open,historical-outside-range
H04E,2005,0,Open,historical-outside-range
H04E,2006,0,Open,historical-outside-range
H04E,2007,0,Open,historical-outside-range
H04E,2008,0,Open,historical-outside-range
H04E,2009,0,Open,historical-outside-range
H04E,2010,0,Open,historical-outside-range
H04E,2011,0,Open,historical-outside-range
H04E,2012,0,Open,historical-outside-range
H04E,2013,0,Open,historical-outside-range
H04E,2014,0,Open,historical-outside-range
H04E,2015,0,Open,historical-outside-range
H04E,2016,0,Open,historical-outside-range
H04E,2017,0,Open,historical-outside-range
H04E,2018,0,Open,historical-outside-range
H04E,2019,0,Open,historical-outside-range
H04E,2020,0,Open,historical-outside-range
H04E,2021,0,Open,historical-outside-range
H04E,2022,0,Open,historical-outside-range
H04E,2023,0,Open,historical-outside-range
H04E,2024,0,Open,historical-outside-range
H04E,2025,0,Open,historical-outside-range
H04H,1975,0,Open,historical-outside-range
H04H,1976,0,Open,historical-outside-range
H04H,1977,0,Open,historical-outside-range
H04H,1978,0,Open,historical-outside-range
H04H,1979,0,Open,historical-outside-range
H04H,1980,0,Open,historical-outside-range
H04H,1981,0,Open,historical-outside-range
H04H,1982,0,Open,historical-outside-range
H04H,1983,0,Open,historical-outside-range
H04H,1984,0,Open,historical-outside-range
H04H,1985,0,Open,historical-outside-range
H04H,1986,0,Open,historical-outside-range
H04H,1987,0,Open,historical-outside-range
H04H,1988,0,Open,historical-outside-range
H04H,1989,0,Open,historical-outside-range
H04H,1990,0,Open,historical-outside-range
H04H,1991,0,Open,historical-outside-range
H04H,1992,0,Open,historical-outside-range
H04H,1993,0,Open,historical-outside-range
H04H,1994,0,Open,historical-outside-range
H04H,1995,0,Open,historical-outside-range
H04H,1996,0,Open,historical-outside-range
H04H,1997,0,Open,historical-outside-range
H04H,1998,0,Open,historical-outside-range
H04H,1999,0,Open,historical-outside-range
H04H,2000,0,Open,historical-outside-range
H04H,2001,0,Open,historical-outside-range
H04H,2002,0,Open,historical-outside-range
H04H,2003,0,Open,historical-outside-range
H04H,2004,0,Open,historical-outside-range
H04H,2005,0,Open,historical-outside-range
H04H,2006,0,Open,historical-outside-range
H04H,2007,0,Open,historical-outside-range
H04H,2008,0,Open,historical-outside-range
H04H,2009,0,Open,historical-outside-range
H04H,2010,0,Open,historical-outside-range
H04H,2011,0,Open,historical-outside-range
H04H,2012,0,Open,historical-outside-range
H04H,2013,0,Open,historical-outside-range
H04H,2014,0,Open,historical-outside-range
H04H,2015,0,Open,historical-outside-range
H04H,2016,0,Open,historical-outside-range
H04H,2017,0,Open,historical-outside-range
H04H,2018,0,Open,historical-outside-range
H04H,2019,0,Open,historical-outside-range
H04H,2020,0,Open,historical-outside-range
H04H,2021,0,Open,historical-outside-range
H04H,2022,0,Open,historical-outside-range
H04H,2023,0,Open,historical-outside-range
H04H,2024,0,Open,historical-outside-range
H04H,2025,0,Open,historical-outside-range
H04K,1975,0,Open,historical-outside-range
H04K,1976,0,Open,historical-outside-range
H04K,1977,0,Open,historical-outside-range
H04K,1978,0,Open,historical-outside-range
H04K,1979,0,Open,historical-outside-range
H04K,1980,0,Open,historical-outside-range
H04K,1981,0,Open,historical-outside-range
H04K,1982,0,Open,historical-outside-range
H04K,1983,0,Open,historical-outside-range
H04K,1984,0,Open,historical-outside-range
H04K,1985,0,Open,historical-outside-range
H04K,1986,0,Open,historical-outside-range
H04K,1987,0,Open,historical-outside-range
H04K,1988,0,Open,historical-outside-range
H04K,1989,0,Open,historical-outside-range
H04K,1990,0,Open,historical-outside-range
H04K,1991,0,Open,historical-outside-range
H04K,1992,0,Open,historical-outside-range
H04K,1993,0,Open,historical-outside-range
H04K,1994,0,Open,historical-outside-range
H04K,1995,0,Open,historical-outside-range
H04K,1996,0,Open,historical-outside-range
H04K,1997,0,Open,historical-outside-range
H04K,1998,0,Open,historical-outside-range
H04K,1999,0,Open,historical-outside-range
H04K,2000,0,Open,historical-outside-range
H04K,2001,0,Open,historical-outside-range
H04K,2002,0,Open,historical-outside-range
H04K,2003,0,Open,historical-outside-range
H04K,2004,0,Open,historical-outside-range
H04K,2005,0,Open,historical-outside-range
H04K,2006,0,Open,historical-outside-range
H04K,2007,0,Open,historical-outside-range
H04K,2008,0,Open,historical-outside-range
H04K,2009,0,Open,historical-outside-range
H04K,2010,0,Open,historical-outside-range
H04K,2011,0,Open,historical-outside-range
H04K,2012,0,Open,historical-outside-range
H04K,2013,0,Open,historical-outside-range
H04K,2014,0,Open,historical-outside-range
H04K,2015,0,Open,historical-outside-range
H04K,2016,0,Open,historical-outside-range
H04K,2017,0,Open,historical-outside-range
H04K,2018,0,Open,historical-outside-range
H04K,2019,0,Open,historical-outside-range
H04K,2020,0,Open,historical-outside-range
H04K,2021,0,Open,historical-outside-range
H04K,2022,0,Open,historical-outside-range
H04K,2023,0,Open,historical-outside-range
H04K,2024,0,Open,historical-outside-range
H04K,2025,0,Open,historical-outside-range
H04M,1975,0,Open,historical-outside-range
H04M,1976,0,Open,historical-outside-range
H04M,1977,0,Open,historical-outside-range
H04M,1978,0,Open,historical-outside-range
H04M,1979,0,Open,historical-outside-range
H04M,1980,0,Open,historical-outside-range
H04M,1981,0,Open,historical-outside-range
H04M,1982,0,Open,historical-outside-range
H04M,1983,0,Open,historical-outside-range
H04M,1984,0,Open,historical-outside-range
H04M,1985,0,Open,historical-outside-range
H04M,1986,0,Open,historical-outside-range
H04M,1987,0,Open,historical-outside-range
H04M,1988,0,Open,historical-outside-range
H04M,1989,0,Open,historical-outside-range
H04M,1990,0,Open,historical-outside-range
H04M,1991,0,Open,historical-outside-range
H04M,1992,0,Open,historical-outside-range
H04M,1993,0,Open,historical-outside-range
H04M,1994,0,Open,historical-outside-range
H04M,1995,0,Open,historical-outside-range
H04M,1996,0,Open,historical-outside-range
H04M,1997,0,Open,historical-outside-range
H04M,1998,0,Open,historical-outside-range
H04M,1999,0,Open,historical-outside-range
H04M,2000,0,Open,historical-outside-range
H04M,2001,0,Open,historical-outside-range
H04M,2002,0,Open,historical-outside-range
H04M,2003,0,Open,historical-outside-range
H04M,2004,0,Open,historical-outside-range
H04M,2005,0,Open,historical-outside-range
H04M,2006,0,Open,historical-outside-range
H04M,2007,0,Open,historical-outside-range
H04M,2008,0,Open,historical-outside-range
H04M,2009,0,Open,historical-outside-range
H04M,2010,0,Open,historical-outside-range
H04M,2011,0,Open,historical-outside-range
H04M,2012,0,Open,historical-outside-range
H04M,2013,0,Open,historical-outside-range
H04M,2014,0,Open,historical-outside-range
H04M,2015,0,Open,historical-outside-range
H04M,2016,0,Open,historical-outside-range
H04M,2017,0,Open,historical-outside-range
H04M,2018,0,Open,historical-outside-range
H04M,2019,0,Open,historical-outside-range
H04M,2020,0,Open,historical-outside-range
H04M,2021,0,Open,historical-outside-range
H04M,2022,0,Open,historical-outside-range
H04M,2023,0,Open,historical-outside-range
H04M,2024,0,Open,historical-outside-range
H04M,2025,0,Open,historical-outside-range
H04T,1975,0,Open,historical-outside-range
H04T,1976,0,Open,historical-outside-range
H04T,1977,0,Open,historical-outside-range
H04T,1978,0,Open,historical-outside-range
H04T,1979,0,Open,historical-outside-range
H04T,1980,0,Open,historical-outside-range
H04T,1981,0,Open,historical-outside-range
H04T,1982,0,Open,historical-outside-range
H04T,1983,0,Open,historical-outside-range
H04T,1984,0,Open,historical-outside-range
H04T,1985,0,Open,historical-outside-range
H04T,1986,0,Open,historical-outside-range
H04T,1987,0,Open,historical-outside-range
H04T,1988,0,Open,historical-outside-range
H04T,1989,0,Open,historical-outside-range
H04T,1990,0,Open,historical-outside-range
H04T,1991,0,Open,historical-outside-range
H04T,1992,0,Open,historical-outside-range
H04T,1993,0,Open,historical-outside-range
H04T,1994,0,Open,historical-outside-range
H04T,1995,0,Open,historical-outside-range
H04T,1996,0,Open,historical-outside-range
H04T,1997,0,Open,historical-outside-range
H04T,1998,0,Open,historical-outside-range
H04T,1999,0,Open,historical-outside-range
H04T,2000,0,Open,historical-outside-range
H04T,2001,0,Open,historical-outside-range
H04T,2002,0,Open,historical-outside-range
H04T,2003,0,Open,historical-outside-range
H04T,2004,0,Open,historical-outside-range
H04T,2005,0,Open,historical-outside-range
H04T,2006,0,Open,historical-outside-range
H04T,2007,0,Open,historical-outside-range
H04T,2008,0,Open,historical-outside-range
H04T,2009,0,Open,historical-outside-range
H04T,2010,0,Open,historical-outside-range
H04T,2011,0,Open,historical-outside-range
H04T,2012,0,Open,historical-outside-range
H04T,2013,0,Open,historical-outside-range
H04T,2014,0,Open,historical-outside-range
H04T,2015,0,Open,historical-outside-range
H04T,2016,0,Open,historical-outside-range
H04T,2017,0,Open,historical-outside-range
H04T,2018,0,Open,historical-outside-range
H04T,2019,0,Open,historical-outside-range
H04T,2020,0,Open,historical-outside-range
H04T,2021,0,Open,historical-outside-range
H04T,2022,0,Open,historical-outside-range
H04T,2023,0,Open,historical-outside-range
H04T,2024,0,Open,historical-outside-range
H04T,2025,0,Open,historical-outside-range
H04W,1975,0,Open,historical-outside-range
H04W,1976,0,Open,historical-outside-range
H04W,1977,0,Open,historical-outside-range
H04W,1978,0,Open,historical-outside-range
H04W,1979,0,Open,historical-outside-range
H04W,1980,0,Open,historical-outside-range
H04W,1981,0,Open,historical-outside-range
H04W,1982,0,Open,historical-outside-range
H04W,1983,0,Open,historical-outside-range
H04W,1984,0,Open,historical-outside-range
H04W,1985,0,Open,historical-outside-range
H04W,1986,0,Open,historical-outside-range
H04W,1987,0,Open,historical-outside-range
H04W,1988,0,Open,historical-outside-range
H04W,1989,0,Open,historical-outside-range
H04W,1990,0,Open,historical-outside-range
H04W,1991,0,Open,historical-outside-range
H04W,1992,0,Open,historical-outside-range
H04W,1993,0,Open,historical-outside-range
H04W,1994,0,Open,historical-outside-range
H04W,1995,0,Open,historical-outside-range
H04W,1996,0,Open,historical-outside-range
H04W,1997,0,Open,historical-outside-range
H04W,1998,0,Open,historical-outside-range
H04W,1999,0,Open,historical-outside-range
H04W,2000,0,Open,historical-outside-range
H04W,2001,0,Open,historical-outside-range
H04W,2002,0,Open,historical-outside-range
H04W,2003,0,Open,historical-outside-range
H04W,2004,0,Open,historical-outside-range
H04W,2005,0,Open,historical-outside-range
H04W,2006,0,Open,historical-outside-range
H04W,2007,0,Open,historical-outside-range
H04W,2008,0,Open,historical-outside-range
H04W,2009,0,Open,historical-outside-range
H04W,2010,0,Open,historical-outside-range
H04W,2011,0,Open,historical-outside-range
H04W,2012,0,Open,historical-outside-range
H04W,2013,0,Open,historical-outside-range
H04W,2014,0,Open,historical-outside-range
H04W,2015,0,Open,historical-outside-range
H04W,2016,0,Open,historical-outside-range
H04W,2017,0,Open,historical-outside-range
H04W,2018,0,Open,historical-outside-range
H04W,2019,0,Open,historical-outside-range
H04W,2020,0,Open,historical-outside-range
H04W,2021,0,Open,historical-outside-range
H04W,2022,0,Open,historical-outside-range
H04W,2023,0,Open,historical-outside-range
H04W,2024,0,Open,historical-outside-range
H04W,2025,0,Open,historical-outside-range
H04X,1975,0,Open,historical-outside-range
H04X,1976,0,Open,historical-outside-range
H04X,1977,0,Open,historical-outside-range
H04X,1978,0,Open,historical-outside-range
H04X,1979,0,Open,historical-outside-range
H04X,1980,0,Open,historical-outside-range
H04X,1981,0,Open,historical-outside-range
H04X,1982,0,Open,historical-outside-range
H04X,1983,0,Open,historical-outside-range
H04X,1984,0,Open,historical-outside-range
H04X,1985,0,Open,historical-outside-range
H04X,1986,0,Open,historical-outside-range
H04X,1987,0,Open,historical-outside-range
H04X,1988,0,Open,historical-outside-range
H04X,1989,0,Open,historical-outside-range
H04X,1990,0,Open,historical-outside-range
H04X,1991,0,Open,historical-outside-range
H04X,1992,0,Open,historical-outside-range
H04X,1993,0,Open,historical-outside-range
H04X,1994,0,Open,historical-outside-range
H04X,1995,0,Open,historical-outside-range
H04X,1996,0,Open,historical-outside-range
H04X,1997,0,Open,historical-outside-range
H04X,1998,0,Open,historical-outside-range
H04X,1999,0,Open,historical-outside-range
H04X,2000,0,Open,historical-outside-range
H04X,2001,0,Open,historical-outside-range
H04X,2002,0,Open,historical-outside-range
H04X,2003,0,Open,historical-outside-range
H04X,2004,0,Open,historical-outside-range
H04X,2005,0,Open,historical-outside-range
H04X,2006,0,Open,historical-outside-range
H04X,2007,0,Open,historical-outside-range
H04X,2008,0,Open,historical-outside-range
H04X,2009,0,Open,historical-outside-range
H04X,2010,0,Open,historical-outside-range
H04X,2011,0,Open,historical-outside-range
H04X,2012,0,Open,historical-outside-range
H04X,2013,0,Open,historical-outside-range
H04X,2014,0,Open,historical-outside-range
H04X,2015,0,Open,historical-outside-range
H04X,2016,0,Open,historical-outside-range
H04X,2017,0,Open,historical-outside-range
H04X,2018,0,Open,historical-outside-range
H04X,2019,0,Open,historical-outside-range
H04X,2020,0,Open,historical-outside-range
H04X,2021,0,Open,historical-outside-range
H04X,2022,0,Open,historical-outside-range
H04X,2023,0,Open,historical-outside-range
H04X,2024,0,Open,historical-outside-range
H04X,2025,0,Open,historical-outside-range
H04Y,1975,0,Open,historical-outside-range
H04Y,1976,0,Open,historical-outside-range
H04Y,1977,0,Open,historical-outside-range
H04Y,1978,0,Open,historical-outside-range
H04Y,1979,0,Open,historical-outside-range
H04Y,1980,0,Open,historical-outside-range
H04Y,1981,0,Open,historical-outside-range
H04Y,1982,0,Open,historical-outside-range
H04Y,1983,0,Open,historical-outside-range
H04Y,1984,0,Open,historical-outside-range
H04Y,1985,0,Open,historical-outside-range
H04Y,1986,0,Open,historical-outside-range
H04Y,1987,0,Open,historical-outside-range
H04Y,1988,0,Open,historical-outside-range
H04Y,1989,0,Open,historical-outside-range
H04Y,1990,0,Open,historical-outside-range
H04Y,1991,0,Open,historical-outside-range
H04Y,1992,0,Open,historical-outside-range
H04Y,1993,0,Open,historical-outside-range
H04Y,1994,0,Open,historical-outside-range
H04Y,1995,0,Open,historical-outside-range
H04Y,1996,0,Open,historical-outside-range
H04Y,1997,0,Open,historical-outside-range
H04Y,1998,0,Open,historical-outside-range
H04Y,1999,0,Open,historical-outside-range
H04Y,2000,0,Open,historical-outside-range
H04Y,2001,0,Open,historical-outside-range
H04Y,2002,0,Open,historical-outside-range
H04Y,2003,0,Open,historical-outside-range
H04Y,2004,0,Open,historical-outside-range
H04Y,2005,0,Open,historical-outside-range
H04Y,2006,0,Open,historical-outside-range
H04Y,2007,0,Open,historical-outside-range
H04Y,2008,0,Open,historical-outside-range
H04Y,2009,0,Open,historical-outside-range
H04Y,2010,0,Open,historical-outside-range
H04Y,2011,0,Open,historical-outside-range
H04Y,2012,0,Open,historical-outside-range
H04Y,2013,0,Open,historical-outside-range
H04Y,2014,0,Open,historical-outside-range
H04Y,2015,0,Open,historical-outside-range
H04Y,2016,0,Open,historical-outside-range
H04Y,2017,0,Open,historical-outside-range
H04Y,2018,0,Open,historical-outside-range
H04Y,2019,0,Open,historical-outside-range
H04Y,2020,0,Open,historical-outside-range
H04Y,2021,0,Open,historical-outside-range
H04Y,2022,0,Open,historical-outside-range
H04Y,2023,0,Open,historical-outside-range
H04Y,2024,0,Open,historical-outside-range
H04Y,2025,0,Open,historical-outside-range
H04Z,1975,0,Open,historical-outside-range
H04Z,1976,0,Open,historical-outside-range
H04Z,1977,0,Open,historical-outside-range
H04Z,1978,0,Open,historical-outside-range
H04Z,1979,0,Open,historical-outside-range
H04Z,1980,0,Open,historical-outside-range
H04Z,1981,0,Open,historical-outside-range
H04Z,1982,0,Open,historical-outside-range
H04Z,1983,0,Open,historical-outside-range
H04Z,1984,0,Open,historical-outside-range
H04Z,1985,0,Open,historical-outside-range
H04Z,1986,0,Open,historical-outside-range
H04Z,1987,0,Open,historical-outside-range
H04Z,1988,0,Open,historical-outside-range
H04Z,1989,0,Open,historical-outside-range
H04Z,1990,0,Open,historical-outside-range
H04Z,1991,0,Open,historical-outside-range
H04Z,1992,0,Open,historical-outside-range
H04Z,1993,0,Open,historical-outside-range
H04Z,1994,0,Open,historical-outside-range
H04Z,1995,0,Open,historical-outside-range
H04Z,1996,0,Open,historical-outside-range
H04Z,1997,0,Open,historical-outside-range
H04Z,1998,0,Open,historical-outside-range
H04Z,1999,0,Open,historical-outside-range
H04Z,2000,0,Open,historical-outside-range
H04Z,2001,0,Open,historical-outside-range
H04Z,2002,0,Open,historical-outside-range
H04Z,2003,0,Open,historical-outside-range
H04Z,2004,0,Open,historical-outside-range
H04Z,2005,0,Open,historical-outside-range
H04Z,2006,0,Open,historical-outside-range
H04Z,2007,0,Open,historical-outside-range
H04Z,2008,0,Open,historical-outside-range
H04Z,2009,0,Open,historical-outside-range
H04Z,2010,0,Open,historical-outside-range
H04Z,2011,0,Open,historical-outside-range
H04Z,2012,0,Open,historical-outside-range
H04Z,2013,0,Open,historical-outside-range
H04Z,2014,0,Open,historical-outside-range
H04Z,2015,0,Open,historical-outside-range
H04Z,2016,0,Open,historical-outside-range
H04Z,2017,0,Open,historical-outside-range
H04Z,2018,0,Open,historical-outside-range
H04Z,2019,0,Open,historical-outside-range
H04Z,2020,0,Open,historical-outside-range
H04Z,2021,0,Open,historical-outside-range
H04Z,2022,0,Open,historical-outside-range
H04Z,2023,0,Open,historical-outside-range
H04Z,2024,0,Open,historical-outside-range
H04Z,2025,0,Open,historical-outside-range
H07A,1975,0,Open,historical-outside-range
H07A,1976,0,Open,historical-outside-range
H07A,1977,0,Open,historical-outside-range
H07A,1978,0,Open,historical-outside-range
H07A,1979,0,Open,historical-outside-range
H07A,1980,0,Open,historical-outside-range
H07A,1981,0,Open,historical
H07A,1982,0,Open,historical
H07A,1983,0,Open,historical
H07A,1984,0,Open,historical
H07A,1985,0,Open,historical
H07A,1986,0,Open,historical
H07A,1987,0,Open,historical
H07A,1988,0,Open,historical
H07A,1989,0,Open,historical
H07A,1990,0,Open,historical
H07A,1991,0,Open,historical
H07A,1992,0,Open,historical-outside-range
H07A,1993,0,Open,historical-outside-range
H07A,1994,0,Open,historical-outside-range
H07A,1995,0,Open,historical-outside-range
H07A,1996,0,Open,historical-outside-range
H07A,1997,0,Open,historical-outside-range
H07A,1998,0,Open,historical-outside-range
H07A,1999,0,Open,historical-outside-range
H07A,2000,0,Open,historical-outside-range
H07A,2001,0,Open,historical-outside-range
H07A,2002,0,Open,historical-outside-range
H07A,2003,0,Open,historical-outside-range
H07A,2004,0,Open,historical-outside-range
H07A,2005,0,Open,historical-outside-range
H07A,2006,0,Open,historical-outside-range
H07A,2007,0,Open,historical-outside-range
H07A,2008,0,Open,historical-outside-range
H07A,2009,0,Open,historical-outside-range
H07A,2010,0,Open,historical-outside-range
H07A,2011,0,Open,historical-outside-range
H07A,2012,0,Open,historical-outside-range
H07A,2013,0,Open,historical-outside-range
H07A,2014,0,Open,historical-outside-range
H07A,2015,0,Open,historical-outside-range
H07A,2016,0,Open,historical-outside-range
H07A,2017,0,Open,historical-outside-range
H07A,2018,0,Open,historical-outside-range
H07A,2019,0,Open,historical-outside-range
H07A,2020,0,Open,historical-outside-range
H07A,2021,0,Open,historical-outside-range
H07A,2022,0,Open,historical-outside-range
H07A,2023,0,Open,historical-outside-range
H07A,2024,0,Open,historical-outside-range
H07A,2025,0,Open,historical-outside-range
H07E,1975,0,Open,historical-outside-range
H07E,1976,0,Open,historical-outside-range
H07E,1977,0,Open,historical-outside-range
H07E,1978,0,Open,historical-outside-range
H07E,1979,0,Open,historical-outside-range
H07E,1980,0,Open,historical-outside-range
H07E,1981,0,Open,historical
H07E,1982,0,Open,historical
H07E,1983,0,Open,historical
H07E,1984,0,Open,historical
H07E,1985,0,Open,historical
H07E,1986,0,Open,historical
H07E,1987,0,Open,historical
H07E,1988,0,Open,historical
H07E,1989,0,Open,historical
H07E,1990,0,Open,historical
H07E,1991,0,Open,historical
H07E,1992,0,Open,historical
H07E,1993,0,Open,historical
H07E,1994,0,Open,historical
H07E,1995,0,Open,historical-outside-range
H07E,1996,0,Open,historical-outside-range
H07E,1997,0,Open,historical-outside-range
H07E,1998,0,Open,historical-outside-range
H07E,1999,0,Open,historical-outside-range
H07E,2000,0,Open,historical-outside-range
H07E,2001,0,Open,historical-outside-range
H07E,2002,0,Open,historical-outside-range
H07E,2003,0,Open,historical-outside-range
H07E,2004,0,Open,historical-outside-range
H07E,2005,0,Open,historical-outside-range
H07E,2006,0,Open,historical-outside-range
H07E,2007,0,Open,historical-outside-range
H07E,2008,0,Open,historical-outside-range
H07E,2009,0,Open,historical-outside-range
H07E,2010,0,Open,historical-outside-range
H07E,2011,0,Open,historical-outside-range
H07E,2012,0,Open,historical-outside-range
H07E,2013,0,Open,historical-outside-range
H07E,2014,0,Open,historical-outside-range
H07E,2015,0,Open,historical-outside-range
H07E,2016,0,Open,historical-outside-range
H07E,2017,0,Open,historical-outside-range
H07E,2018,0,Open,historical-outside-range
H07E,2019,0,Open,historical-outside-range
H07E,2020,0,Open,historical-outside-range
H07E,2021,0,Open,historical-outside-range
H07E,2022,0,Open,historical-outside-range
H07E,2023,0,Open,historical-outside-range
H07E,2024,0,Open,historical-outside-range
H07E,2025,0,Open,historical-outside-range
H07H,1975,0,Open,historical-outside-range
H07H,1976,0,Open,historical-outside-range
H07H,1977,0,Open,historical-outside-range
H07H,1978,0,Open,historical-outside-range
H07H,1979,0,Open,historical-outside-range
H07H,1980,0,Open,historical-outside-range
H07H,1981,0,Open,historical
H07H,1982,0,Open,historical
H07H,1983,0,Open,historical
H07H,1984,0,Open,historical
H07H,1985,0,Open,historical-outside-range
H07H,1986,0,Open,historical-outside-range
H07H,1987,0,Open,historical-outside-range
H07H,1988,0,Open,historical-outside-range
H07H,1989,0,Open,historical-outside-range
H07H,1990,0,Open,historical-outside-range
H07H,1991,0,Open,historical-outside-range
H07H,1992,0,Open,historical-outside-range
H07H,1993,0,Open,historical-outside-range
H07H,1994,0,Open,historical-outside-range
H07H,1995,0,Open,historical-outside-range
H07H,1996,0,Open,historical-outside-range
H07H,1997,0,Open,historical-outside-range
H07H,1998,0,Open,historical-outside-range
H07H,1999,0,Open,historical-outside-range
H07H,2000,0,Open,historical-outside-range
H07H,2001,0,Open,historical-outside-range
H07H,2002,0,Open,historical-outside-range
H07H,2003,0,Open,historical-outside-range
H07H,2004,0,Open,historical-outside-range
H07H,2005,0,Open,historical-outside-range
H07H,2006,0,Open,historical-outside-range
H07H,2007,0,Open,historical-outside-range
H07H,2008,0,Open,historical-outside-range
H07H,2009,0,Open,historical-outside-range
H07H,2010,0,Open,historical-outside-range
H07H,2011,0,Open,historical-outside-range
H07H,2012,0,Open,historical-outside-range
H07H,2013,0,Open,historical-outside-range
H07H,2014,0,Open,historical-outside-range
H07H,2015,0,Open,historical-outside-range
H07H,2016,0,Open,historical-outside-range
H07H,2017,0,Open,historical-outside-range
H07H,2018,0,Open,historical-outside-range
H07H,2019,0,Open,historical-outside-range
H07H,2020,0,Open,historical-outside-range
H07H,2021,0,Open,historical-outside-range
H07H,2022,0,Open,historical-outside-range
H07H,2023,0,Open,historical-outside-range
H07H,2024,0,Open,historical-outside-range
H07H,2025,0,Open,historical-outside-range
H07J,1975,0,Open,historical-outside-range
H07J,1976,0,Open,historical-outside-range
H07J,1977,0,Open,historical-outside-range
H07J,1978,0,Open,historical-outside-range
H07J,1979,0,Open,historical-outside-range
H07J,1980,0,Open,historical-outside-range
H07J,1981,0,Open,historical-outside-range
H07J,1982,0,Open,historical-outside-range
H07J,1983,0,Open,historical-outside-range
H07J,1984,0,Open,historical-outside-range
H07J,1985,0,Open,historical-outside-range
H07J,1986,0,Open,historical-outside-range
H07J,1987,0,Open,historical-outside-range
H07J,1988,0,Open,historical-outside-range
H07J,1989,0,Open,historical-outside-range
H07J,1990,0,Open,historical-outside-range
H07J,1991,0,Open,historical-outside-range
H07J,1992,0,Open,historical-outside-range
H07J,1993,0,Open,historical-outside-range
H07J,1994,0,Open,historical-outside-range
H07J,1995,0,Open,historical-outside-range
H07J,1996,0,Open,historical-outside-range
H07J,1997,0,Open,historical-outside-range
H07J,1998,0,Open,historical-outside-range
H07J,1999,0,Open,historical-outside-range
H07J,2000,0,Open,historical-outside-range
H07J,2001,0,Open,historical-outside-range
H07J,2002,0,Open,historical-outside-range
H07J,2003,0,Open,historical-outside-range
H07J,2004,0,Open,historical-outside-range
H07J,2005,0,Open,historical-outside-range
H07J,2006,0,Open,historical-outside-range
H07J,2007,0,Open,historical-outside-range
H07J,2008,0,Open,historical-outside-range
H07J,2009,0,Open,historical-outside-range
H07J,2010,0,Open,historical-outside-range
H07J,2011,0,Open,historical-outside-range
H07J,2012,0,Open,historical-outside-range
H07J,2013,0,Open,historical-outside-range
H07J,2014,0,Open,historical-outside-range
H07J,2015,0,Open,historical-outside-range
H07J,2016,0,Open,historical-outside-range
H07J,2017,0,Open,historical-outside-range
H07J,2018,0,Open,historical-outside-range
H07J,2019,0,Open,historical-outside-range
H07J,2020,0,Open,historical-outside-range
H07J,2021,0,Open,historical-outside-range
H07J,2022,0,Open,historical-outside-range
H07J,2023,0,Open,historical-outside-range
H07J,2024,0,Open,historical-outside-range
H07J,2025,0,Open,historical-outside-range
H07K,1975,0,Open,historical-outside-range
H07K,1976,0,Open,historical-outside-range
H07K,1977,0,Open,historical-outside-range
H07K,1978,0,Open,historical-outside-range
H07K,1979,0,Open,historical-outside-range
H07K,1980,0,Open,historical-outside-range
H07K,1981,0,Open,historical
H07K,1982,0,Open,historical
H07K,1983,0,Open,historical
H07K,1984,0,Open,historical
H07K,1985,0,Open,historical
H07K,1986,0,Open,historical
H07K,1987,0,Open,historical
H07K,1988,0,Open,historical
H07K,1989,0,Open,historical
H07K,1990,0,Open,historical
H07K,1991,0,Open,historical
H07K,1992,0,Open,historical
H07K,1993,0,Open,historical
H07K,1994,0,Open,historical
H07K,1995,0,Open,historical
H07K,1996,0,Open,historical
H07K,1997,0,Open,historical
H07K,1998,0,Open,historical
H07K,1999,0,Open,historical
H07K,2000,0,Open,historical
H07K,2001,0,Open,historical
H07K,2002,0,Open,historical-outside-range
H07K,2003,0,Open,historical-outside-range
H07K,2004,0,Open,historical-outside-range
H07K,2005,0,Open,historical-outside-range
H07K,2006,0,Open,historical-outside-range
H07K,2007,0,Open,historical-outside-range
H07K,2008,0,Open,historical-outside-range
H07K,2009,0,Open,historical-outside-range
H07K,2010,0,Open,historical-outside-range
H07K,2011,0,Open,historical-outside-range
H07K,2012,0,Open,historical-outside-range
H07K,2013,0,Open,historical-outside-range
H07K,2014,0,Open,historical-outside-range
H07K,2015,0,Open,historical-outside-range
H07K,2016,0,Open,historical-outside-range
H07K,2017,0,Open,historical-outside-range
H07K,2018,0,Open,historical-outside-range
H07K,2019,0,Open,historical-outside-range
H07K,2020,0,Open,historical-outside-range
H07K,2021,0,Open,historical-outside-range
H07K,2022,0,Open,historical-outside-range
H07K,2023,0,Open,historical-outside-range
H07K,2024,0,Open,historical-outside-range
H07K,2025,0,Open,historical-outside-range
H07M,1975,0,Open,historical-outside-range
H07M,1976,0,Open,historical-outside-range
H07M,1977,0,Open,historical-outside-range
H07M,1978,0,Open,historical-outside-range
H07M,1979,0,Open,historical-outside-range
H07M,1980,0,Open,historical-outside-range
H07M,1981,0,Open,historical
H07M,1982,0,Open,historical
H07M,1983,0,Open,historical
H07M,1984,0,Open,historical-outside-range
H07M,1985,0,Open,historical-outside-range
H07M,1986,0,Open,historical-outside-range
H07M,1987,0,Open,historical-outside-range
H07M,1988,0,Open,historical-outside-range
H07M,1989,0,Open,historical-outside-range
H07M,1990,0,Open,historical-outside-range
H07M,1991,0,Open,historical-outside-range
H07M,1992,0,Open,historical-outside-range
H07M,1993,0,Open,historical-outside-range
H07M,1994,0,Open,historical-outside-range
H07M,1995,0,Open,historical-outside-range
H07M,1996,0,Open,historical-outside-range
H07M,1997,0,Open,historical-outside-range
H07M,1998,0,Open,historical-outside-range
H07M,1999,0,Open,historical-outside-range
H07M,2000,0,Open,historical-outside-range
H07M,2001,0,Open,historical-outside-range
H07M,2002,0,Open,historical-outside-range
H07M,2003,0,Open,historical-outside-range
H07M,2004,0,Open,historical-outside-range
H07M,2005,0,Open,historical-outside-range
H07M,2006,0,Open,historical-outside-range
H07M,2007,0,Open,historical-outside-range
H07M,2008,0,Open,historical-outside-range
H07M,2009,0,Open,historical-outside-range
H07M,2010,0,Open,historical-outside-range
H07M,2011,0,Open,historical-outside-range
H07M,2012,0,Open,historical-outside-range
H07M,2013,0,Open,historical-outside-range
H07M,2014,0,Open,historical-outside-range
H07M,2015,0,Open,historical-outside-range
H07M,2016,0,Open,historical-outside-range
H07M,2017,0,Open,historical-outside-range
H07M,2018,0,Open,historical-outside-range
H07M,2019,0,Open,historical-outside-range
H07M,2020,0,Open,historical-outside-range
H07M,2021,0,Open,historical-outside-range
H07M,2022,0,Open,historical-outside-range
H07M,2023,0,Open,historical-outside-range
H07M,2024,0,Open,historical-outside-range
H07M,2025,0,Open,historical-outside-range
H17A,1975,0,Open,historical-outside-range
H17A,1976,0,Open,historical-outside-range
H17A,1977,0,Open,historical-outside-range
H17A,1978,0,Open,historical-outside-range
H17A,1979,0,Open,historical-outside-range
H17A,1980,0,Open,historical-outside-range
H17A,1981,0,Open,historical
H17A,1982,0,Open,historical
H17A,1983,0,Open,historical
H17A,1984,0,Open,historical-outside-range
H17A,1985,0,Open,historical-outside-range
H17A,1986,0,Open,historical-outside-range
H17A,1987,0,Open,historical-outside-range
H17A,1988,0,Open,historical-outside-range
H17A,1989,0,Open,historical-outside-range
H17A,1990,0,Open,historical-outside-range
H17A,1991,0,Open,historical-outside-range
H17A,1992,0,Open,historical-outside-range
H17A,1993,0,Open,historical-outside-range
H17A,1994,0,Open,historical-outside-range
H17A,1995,0,Open,historical-outside-range
H17A,1996,0,Open,historical-outside-range
H17A,1997,0,Open,historical-outside-range
H17A,1998,0,Open,historical-outside-range
H17A,1999,0,Open,historical-outside-range
H17A,2000,0,Open,historical-outside-range
H17A,2001,0,Open,historical-outside-range
H17A,2002,0,Open,historical-outside-range
H17A,2003,0,Open,historical-outside-range
H17A,2004,0,Open,historical-outside-range
H17A,2005,0,Open,historical-outside-range
H17A,2006,0,Open,historical-outside-range
H17A,2007,0,Open,historical-outside-range
H17A,2008,0,Open,historical-outside-range
H17A,2009,0,Open,historical-outside-range
H17A,2010,0,Open,historical-outside-range
H17A,2011,0,Open,historical-outside-range
H17A,2012,0,Open,historical-outside-range
H17A,2013,0,Open,historical-outside-range
H17A,2014,0,Open,historical-outside-range
H17A,2015,0,Open,historical-outside-range
H17A,2016,0,Open,historical-outside-range
H17A,2017,0,Open,historical-outside-range
H17A,2018,0,Open,historical-outside-range
H17A,2019,0,Open,historical-outside-range
H17A,2020,0,Open,historical-outside-range
H17A,2021,0,Open,historical-outside-range
H17A,2022,0,Open,historical-outside-range
H17A,2023,0,Open,historical-outside-range
H17A,2024,0,Open,historical-outside-range
H17A,2025,0,Open,historical-outside-range
H17D,1975,0,Open,historical-outside-range
H17D,1976,0,Open,historical-outside-range
H17D,1977,0,Open,historical-outside-range
H17D,1978,0,Open,historical-outside-range
H17D,1979,0,Open,historical-outside-range
H17D,1980,0,Open,historical-outside-range
H17D,1981,0,Open,historical
H17D,1982,0,Open,historical
H17D,1983,0,Open,historical
H17D,1984,0,Open,historical-outside-range
H17D,1985,0,Open,historical-outside-range
H17D,1986,0,Open,historical-outside-range
H17D,1987,0,Open,historical-outside-range
H17D,1988,0,Open,historical-outside-range
H17D,1989,0,Open,historical-outside-range
H17D,1990,0,Open,historical-outside-range
H17D,1991,0,Open,historical-outside-range
H17D,1992,0,Open,historical-outside-range
H17D,1993,0,Open,historical-outside-range
H17D,1994,0,Open,historical-outside-range
H17D,1995,0,Open,historical-outside-range
H17D,1996,0,Open,historical-outside-range
H17D,1997,0,Open,historical-outside-range
H17D,1998,0,Open,historical-outside-range
H17D,1999,0,Open,historical-outside-range
H17D,2000,0,Open,historical-outside-range
H17D,2001,0,Open,historical-outside-range
H17D,2002,0,Open,historical-outside-range
H17D,2003,0,Open,historical-outside-range
H17D,2004,0,Open,historical-outside-range
H17D,2005,0,Open,historical-outside-range
H17D,2006,0,Open,historical-outside-range
H17D,2007,0,Open,historical-outside-range
H17D,2008,0,Open,historical-outside-range
H17D,2009,0,Open,historical-outside-range
H17D,2010,0,Open,historical-outside-range
H17D,2011,0,Open,historical-outside-range
H17D,2012,0,Open,historical-outside-range
H17D,2013,0,Open,historical-outside-range
H17D,2014,0,Open,historical-outside-range
H17D,2015,0,Open,historical-outside-range
H17D,2016,0,Open,historical-outside-range
H17D,2017,0,Open,historical-outside-range
H17D,2018,0,Open,historical-outside-range
H17D,2019,0,Open,historical-outside-range
H17D,2020,0,Open,historical-outside-range
H17D,2021,0,Open,historical-outside-range
H17D,2022,0,Open,historical-outside-range
H17D,2023,0,Open,historical-outside-range
H17D,2024,0,Open,historical-outside-range
H17D,2025,0,Open,historical-outside-range
H17E,1975,0,Open,historical-outside-range
H17E,1976,0,Open,historical-outside-range
H17E,1977,0,Open,historical-outside-range
H17E,1978,0,Open,historical-outside-range
H17E,1979,0,Open,historical-outside-range
H17E,1980,0,Open,historical-outside-range
H17E,1981,0,Open,historical
H17E,1982,0,Open,historical
H17E,1983,0,Open,historical
H17E,1984,0,Open,historical-outside-range
H17E,1985,0,Open,historical-outside-range
H17E,1986,0,Open,historical-outside-range
H17E,1987,0,Open,historical-outside-range
H17E,1988,0,Open,historical-outside-range
H17E,1989,0,Open,historical-outside-range
H17E,1990,0,Open,historical-outside-range
H17E,1991,0,Open,historical-outside-range
H17E,1992,0,Open,historical-outside-range
H17E,1993,0,Open,historical-outside-range
H17E,1994,0,Open,historical-outside-range
H17E,1995,0,Open,historical-outside-range
H17E,1996,0,Open,historical-outside-range
H17E,1997,0,Open,historical-outside-range
H17E,1998,0,Open,historical-outside-range
H17E,1999,0,Open,historical-outside-range
H17E,2000,0,Open,historical-outside-range
H17E,2001,0,Open,historical-outside-range
H17E,2002,0,Open,historical-outside-range
H17E,2003,0,Open,historical-outside-range
H17E,2004,0,Open,historical-outside-range
H17E,2005,0,Open,historical-outside-range
H17E,2006,0,Open,historical-outside-range
H17E,2007,0,Open,historical-outside-range
H17E,2008,0,Open,historical-outside-range
H17E,2009,0,Open,historical-outside-range
H17E,2010,0,Open,historical-outside-range
H17E,2011,0,Open,historical-outside-range
H17E,2012,0,Open,historical-outside-range
H17E,2013,0,Open,historical-outside-range
H17E,2014,0,Open,historical-outside-range
H17E,2015,0,Open,historical-outside-range
H17E,2016,0,Open,historical-outside-range
H17E,2017,0,Open,historical-outside-range
H17E,2018,0,Open,historical-outside-range
H17E,2019,0,Open,historical-outside-range
H17E,2020,0,Open,historical-outside-range
H17E,2021,0,Open,historical-outside-range
H17E,2022,0,Open,historical-outside-range
H17E,2023,0,Open,historical-outside-range
H17E,2024,0,Open,historical-outside-range
H17E,2025,0,Open,historical-outside-range
H17H,1975,0,Open,historical-outside-range
H17H,1976,0,Open,historical-outside-range
H17H,1977,0,Open,historical-outside-range
H17H,1978,0,Open,historical-outside-range
H17H,1979,0,Open,historical-outside-range
H17H,1980,0,Open,historical-outside-range
H17H,1981,0,Open,historical
H17H,1982,0,Open,historical
H17H,1983,0,Open,historical
H17H,1984,0,Open,historical-outside-range
H17H,1985,0,Open,historical-outside-range
H17H,1986,0,Open,historical-outside-range
H17H,1987,0,Open,historical-outside-range
H17H,1988,0,Open,historical-outside-range
H17H,1989,0,Open,historical-outside-range
H17H,1990,0,Open,historical-outside-range
H17H,1991,0,Open,historical-outside-range
H17H,1992,0,Open,historical-outside-range
H17H,1993,0,Open,historical-outside-range
H17H,1994,0,Open,historical-outside-range
H17H,1995,0,Open,historical-outside-range
H17H,1996,0,Open,historical-outside-range
H17H,1997,0,Open,historical-outside-range
H17H,1998,0,Open,historical-outside-range
H17H,1999,0,Open,historical-outside-range
H17H,2000,0,Open,historical-outside-range
H17H,2001,0,Open,historical-outside-range
H17H,2002,0,Open,historical-outside-range
H17H,2003,0,Open,historical-outside-range
H17H,2004,0,Open,historical-outside-range
H17H,2005,0,Open,historical-outside-range
H17H,2006,0,Open,historical-outside-range
H17H,2007,0,Open,historical-outside-range
H17H,2008,0,Open,historical-outside-range
H17H,2009,0,Open,historical-outside-range
H17H,2010,0,Open,historical-outside-range
H17H,2011,0,Open,historical-outside-range
H17H,2012,0,Open,historical-outside-range
H17H,2013,0,Open,historical-outside-range
H17H,2014,0,Open,historical-outside-range
H17H,2015,0,Open,historical-outside-range
H17H,2016,0,Open,historical-outside-range
H17H,2017,0,Open,historical-outside-range
H17H,2018,0,Open,historical-outside-range
H17H,2019,0,Open,historical-outside-range
H17H,2020,0,Open,historical-outside-range
H17H,2021,0,Open,historical-outside-range
H17H,2022,0,Open,historical-outside-range
H17H,2023,0,Open,historical-outside-range
H17H,2024,0,Open,historical-outside-range
H17H,2025,0,Open,historical-outside-range
H17K,1975,0,Open,historical-outside-range
H17K,1976,0,Open,historical-outside-range
H17K,1977,0,Open,historical-outside-range
H17K,1978,0,Open,historical-outside-range
H17K,1979,0,Open,historical-outside-range
H17K,1980,0,Open,historical-outside-range
H17K,1981,0,Open,historical
H17K,1982,0,Open,historical
H17K,1983,0,Open,historical
H17K,1984,0,Open,historical-outside-range
H17K,1985,0,Open,historical-outside-range
H17K,1986,0,Open,historical-outside-range
H17K,1987,0,Open,historical-outside-range
H17K,1988,0,Open,historical-outside-range
H17K,1989,0,Open,historical-outside-range
H17K,1990,0,Open,historical-outside-range
H17K,1991,0,Open,historical-outside-range
H17K,1992,0,Open,historical-outside-range
H17K,1993,0,Open,historical-outside-range
H17K,1994,0,Open,historical-outside-range
H17K,1995,0,Open,historical-outside-range
H17K,1996,0,Open,historical-outside-range
H17K,1997,0,Open,historical-outside-range
H17K,1998,0,Open,historical-outside-range
H17K,1999,0,Open,historical-outside-range
H17K,2000,0,Open,historical-outside-range
H17K,2001,0,Open,historical-outside-range
H17K,2002,0,Open,historical-outside-range
H17K,2003,0,Open,historical-outside-range
H17K,2004,0,Open,historical-outside-range
H17K,2005,0,Open,historical-outside-range
H17K,2006,0,Open,historical-outside-range
H17K,2007,0,Open,historical-outside-range
H17K,2008,0,Open,historical-outside-range
H17K,2009,0,Open,historical-outside-range
H17K,2010,0,Open,historical-outside-range
H17K,2011,0,Open,historical-outside-range
H17K,2012,0,Open,historical-outside-range
H17K,2013,0,Open,historical-outside-range
H17K,2014,0,Open,historical-outside-range
H17K,2015,0,Open,historical-outside-range
H17K,2016,0,Open,historical-outside-range
H17K,2017,0,Open,historical-outside-range
H17K,2018,0,Open,historical-outside-range
H17K,2019,0,Open,historical-outside-range
H17K,2020,0,Open,historical-outside-range
H17K,2021,0,Open,historical-outside-range
H17K,2022,0,Open,historical-outside-range
H17K,2023,0,Open,historical-outside-range
H17K,2024,0,Open,historical-outside-range
H17K,2025,0,Open,historical-outside-range
H17L,1975,0,Open,historical-outside-range
H17L,1976,0,Open,historical-outside-range
H17L,1977,0,Open,historical-outside-range
H17L,1978,0,Open,historical-outside-range
H17L,1979,0,Open,historical-outside-range
H17L,1980,0,Open,historical-outside-range
H17L,1981,0,Open,historical
H17L,1982,0,Open,historical
H17L,1983,0,Open,historical-outside-range
H17L,1984,0,Open,historical-outside-range
H17L,1985,0,Open,historical-outside-range
H17L,1986,0,Open,historical-outside-range
H17L,1987,0,Open,historical-outside-range
H17L,1988,0,Open,historical-outside-range
H17L,1989,0,Open,historical-outside-range
H17L,1990,0,Open,historical-outside-range
H17L,1991,0,Open,historical-outside-range
H17L,1992,0,Open,historical-outside-range
H17L,1993,0,Open,historical-outside-range
H17L,1994,0,Open,historical-outside-range
H17L,1995,0,Open,historical-outside-range
H17L,1996,0,Open,historical-outside-range
H17L,1997,0,Open,historical-outside-range
H17L,1998,0,Open,historical-outside-range
H17L,1999,0,Open,historical-outside-range
H17L,2000,0,Open,historical-outside-range
H17L,2001,0,Open,historical-outside-range
H17L,2002,0,Open,historical-outside-range
H17L,2003,0,Open,historical-outside-range
H17L,2004,0,Open,historical-outside-range
H17L,2005,0,Open,historical-outside-range
H17L,2006,0,Open,historical-outside-range
H17L,2007,0,Open,historical-outside-range
H17L,2008,0,Open,historical-outside-range
H17L,2009,0,Open,historical-outside-range
H17L,2010,0,Open,historical-outside-range
H17L,2011,0,Open,historical-outside-range
H17L,2012,0,Open,historical-outside-range
H17L,2013,0,Open,historical-outside-range
H17L,2014,0,Open,historical-outside-range
H17L,2015,0,Open,historical-outside-range
H17L,2016,0,Open,historical-outside-range
H17L,2017,0,Open,historical-outside-range
H17L,2018,0,Open,historical-outside-range
H17L,2019,0,Open,historical-outside-range
H17L,2020,0,Open,historical-outside-range
H17L,2021,0,Open,historical-outside-range
H17L,2022,0,Open,historical-outside-range
H17L,2023,0,Open,historical-outside-range
H17L,2024,0,Open,historical-outside-range
H17L,2025,0,Open,historical-outside-range
H17M,1975,0,Open,historical-outside-range
H17M,1976,0,Open,historical-outside-range
H17M,1977,0,Open,historical-outside-range
H17M,1978,0,Open,historical-outside-range
H17M,1979,0,Open,historical-outside-range
H17M,1980,0,Open,historical-outside-range
H17M,1981,0,Open,historical
H17M,1982,0,Open,historical
H17M,1983,0,Open,historical
H17M,1984,0,Open,historical-outside-range
H17M,1985,0,Open,historical-outside-range
H17M,1986,0,Open,historical-outside-range
H17M,1987,0,Open,historical-outside-range
H17M,1988,0,Open,historical-outside-range
H17M,1989,0,Open,historical-outside-range
H17M,1990,0,Open,historical-outside-range
H17M,1991,0,Open,historical-outside-range
H17M,1992,0,Open,historical-outside-range
H17M,1993,0,Open,historical-outside-range
H17M,1994,0,Open,historical-outside-range
H17M,1995,0,Open,historical-outside-range
H17M,1996,0,Open,historical-outside-range
H17M,1997,0,Open,historical-outside-range
H17M,1998,0,Open,historical-outside-range
H17M,1999,0,Open,historical-outside-range
H17M,2000,0,Open,historical-outside-range
H17M,2001,0,Open,historical-outside-range
H17M,2002,0,Open,historical-outside-range
H17M,2003,0,Open,historical-outside-range
H17M,2004,0,Open,historical-outside-range
H17M,2005,0,Open,historical-outside-range
H17M,2006,0,Open,historical-outside-range
H17M,2007,0,Open,historical-outside-range
H17M,2008,0,Open,historical-outside-range
H17M,2009,0,Open,historical-outside-range
H17M,2010,0,Open,historical-outside-range
H17M,2011,0,Open,historical-outside-range
H17M,2012,0,Open,historical-outside-range
H17M,2013,0,Open,historical-outside-range
H17M,2014,0,Open,historical-outside-range
H17M,2015,0,Open,historical-outside-range
H17M,2016,0,Open,historical-outside-range
H17M,2017,0,Open,historical-outside-range
H17M,2018,0,Open,historical-outside-range
H17M,2019,0,Open,historical-outside-range
H17M,2020,0,Open,historical-outside-range
H17M,2021,0,Open,historical-outside-range
H17M,2022,0,Open,historical-outside-range
H17M,2023,0,Open,historical-outside-range
H17M,2024,0,Open,historical-outside-range
H17M,2025,0,Open,historical-outside-range
H17Q,1975,0,Open,historical-outside-range
H17Q,1976,0,Open,historical-outside-range
H17Q,1977,0,Open,historical-outside-range
H17Q,1978,0,Open,historical-outside-range
H17Q,1979,0,Open,historical-outside-range
H17Q,1980,0,Open,historical-outside-range
H17Q,1981,0,Open,historical-outside-range
H17Q,1982,0,Open,historical-outside-range
H17Q,1983,0,Open,historical-outside-range
H17Q,1984,0,Open,historical-outside-range
H17Q,1985,0,Open,historical-outside-range
H17Q,1986,0,Open,historical-outside-range
H17Q,1987,0,Open,historical-outside-range
H17Q,1988,0,Open,historical-outside-range
H17Q,1989,0,Open,historical-outside-range
H17Q,1990,0,Open,historical-outside-range
H17Q,1991,0,Open,historical-outside-range
H17Q,1992,0,Open,historical-outside-range
H17Q,1993,0,Open,historical-outside-range
H17Q,1994,0,Open,historical-outside-range
H17Q,1995,0,Open,historical-outside-range
H17Q,1996,0,Open,historical-outside-range
H17Q,1997,0,Open,historical-outside-range
H17Q,1998,0,Open,historical-outside-range
H17Q,1999,0,Open,historical-outside-range
H17Q,2000,0,Open,historical-outside-range
H17Q,2001,0,Open,historical-outside-range
H17Q,2002,0,Open,historical-outside-range
H17Q,2003,0,Open,historical-outside-range
H17Q,2004,0,Open,historical-outside-range
H17Q,2005,0,Open,historical-outside-range
H17Q,2006,0,Open,historical-outside-range
H17Q,2007,0,Open,historical-outside-range
H17Q,2008,0,Open,historical-outside-range
H17Q,2009,0,Open,historical-outside-range
H17Q,2010,0,Open,historical-outside-range
H17Q,2011,0,Open,historical-outside-range
H17Q,2012,0,Open,historical-outside-range
H17Q,2013,0,Open,historical-outside-range
H17Q,2014,0,Open,historical-outside-range
H17Q,2015,0,Open,historical-outside-range
H17Q,2016,0,Open,historical-outside-range
H17Q,2017,0,Open,historical-outside-range
H17Q,2018,0,Open,historical-outside-range
H17Q,2019,0,Open,historical-outside-range
H17Q,2020,0,Open,historical-outside-range
H17Q,2021,0,Open,historical-outside-range
H17Q,2022,0,Open,historical-outside-range
H17Q,2023,0,Open,historical-outside-range
H17Q,2024,0,Open,historical-outside-range
H17Q,2025,0,Open,historical-outside-range
H1DK,1975,1,Limited,current
H1DK,1976,1,Limited,current
H1DK,1977,1,Limited,current
H1DK,1978,1,Limited,current
H1DK,1979,1,Limited,current
H1DK,1980,1,Limited,current
H1DK,1981,1,Limited,current
H1DK,1982,1,Limited,current
H1DK,1983,1,Limited,current
H1DK,1984,1,Limited,current
H1DK,1985,1,Limited,current
H1DK,1986,1,Limited,current
H1DK,1987,1,Limited,current
H1DK,1988,1,Limited,current
H1DK,1989,1,Limited,current
H1DK,1990,1,Limited,current
H1DK,1991,1,Limited,current
H1DK,1992,1,Limited,current
H1DK,1993,1,Limited,current
H1DK,1994,1,Limited,current
H1DK,1995,1,Limited,current
H1DK,1996,1,Limited,current
H1DK,1997,1,Limited,current
H1DK,1998,1,Limited,current
H1DK,1999,1,Limited,current
H1DK,2000,1,Limited,current
H1DK,2001,1,Limited,current
H1DK,2002,1,Limited,historical
H1DK,2003,1,Limited,historical
H1DK,2004,1,Limited,historical
H1DK,2005,1,Limited,historical
H1DK,2006,1,Limited,historical
H1DK,2007,1,Limited,historical
H1DK,2008,1,Limited,historical
H1DK,2009,1,Limited,historical
H1DK,2010,1,Limited,historical
H1DK,2011,1,Limited,historical
H1DK,2012,1,Limited,historical
H1DK,2013,1,Limited,historical
H1DK,2014,1,Limited,historical
H1DK,2015,1,Limited,historical
H1DK,2016,1,Limited,historical
H1DK,2017,1,Limited,historical
H1DK,2018,1,Limited,historical
H1DK,2019,1,Limited,historical
H1DK,2020,1,Limited,historical
H1DK,2021,1,Limited,historical
H1DK,2022,1,Limited,current
H1DK,2023,1,Limited,current
H1DK,2024,1,Limited,current
H1DK,2025,1,Limited,current
H21A,1975,0,Open,current
H21A,1976,0,Open,current
H21A,1977,0,Open,current
H21A,1978,0,Open,current
H21A,1979,0,Open,current
H21A,1980,0,Open,current
H21A,1981,0,Open,historical
H21A,1982,0,Open,historical
H21A,1983,0,Open,historical
H21A,1984,0,Open,historical
H21A,1985,0,Open,historical
H21A,1986,0,Open,historical
H21A,1987,0,Open,historical
H21A,1988,0,Open,historical
H21A,1989,0,Open,historical
H21A,1990,0,Open,historical
H21A,1991,0,Open,historical
H21A,1992,0,Open,historical
H21A,1993,0,Open,historical
H21A,1994,0,Open,historical
H21A,1995,0,Open,historical
H21A,1996,0,Open,historical
H21A,1997,0,Open,historical
H21A,1998,0,Open,historical
H21A,1999,0,Open,historical
H21A,2000,0,Open,historical
H21A,2001,0,Open,historical
H21A,2002,0,Open,historical
H21A,2003,0,Open,historical
H21A,2004,0,Open,historical
H21A,2005,0,Open,historical
H21A,2006,0,Open,historical
H21A,2007,0,Open,historical
H21A,2008,0,Open,historical
H21A,2009,0,Open,historical
H21A,2010,0,Open,historical
H21A,2011,0,Open,historical
H21A,2012,0,Open,historical
H21A,2013,0,Open,historical
H21A,2014,0,Open,historical
H21A,2015,0,Open,historical
H21A,2016,0,Open,historical
H21A,2017,0,Open,historical
H21A,2018,0,Open,historical
H21A,2019,0,Open,historical
H21A,2020,0,Open,historical
H21A,2021,0,Open,historical
H21A,2022,0,Open,current
H21A,2023,0,Open,current
H21A,2024,0,Open,current
H21A,2025,0,Open,current
H21B,1975,0,Open,historical
H21B,1976,0,Open,historical
H21B,1977,0,Open,historical
H21B,1978,0,Open,historical-outside-range
H21B,1979,0,Open,historical-outside-range
H21B,1980,0,Open,historical-outside-range
H21B,1981,0,Open,historical-outside-range
H21B,1982,0,Open,historical-outside-range
H21B,1983,0,Open,historical-outside-range
H21B,1984,0,Open,historical-outside-range
H21B,1985,0,Open,historical-outside-range
H21B,1986,0,Open,historical-outside-range
H21B,1987,0,Open,historical-outside-range
H21B,1988,0,Open,historical-outside-range
H21B,1989,0,Open,historical-outside-range
H21B,1990,0,Open,historical-outside-range
H21B,1991,0,Open,historical-outside-range
H21B,1992,0,Open,historical-outside-range
H21B,1993,0,Open,historical-outside-range
H21B,1994,0,Open,historical-outside-range
H21B,1995,0,Open,historical-outside-range
H21B,1996,0,Open,historical-outside-range
H21B,1997,0,Open,historical-outside-range
H21B,1998,0,Open,historical-outside-range
H21B,1999,0,Open,historical-outside-range
H21B,2000,0,Open,historical-outside-range
H21B,2001,0,Open,historical-outside-range
H21B,2002,0,Open,historical-outside-range
H21B,2003,0,Open,historical-outside-range
H21B,2004,0,Open,historical-outside-range
H21B,2005,0,Open,historical-outside-range
H21B,2006,0,Open,historical-outside-range
H21B,2007,0,Open,historical-outside-range
H21B,2008,0,Open,historical-outside-range
H21B,2009,0,Open,historical-outside-range
H21B,2010,0,Open,historical-outside-range
H21B,2011,0,Open,historical-outside-range
H21B,2012,0,Open,historical-outside-range
H21B,2013,0,Open,historical-outside-range
H21B,2014,0,Open,historical-outside-range
H21B,2015,0,Open,historical-outside-range
H21B,2016,0,Open,historical-outside-range
H21B,2017,0,Open,historical-outside-range
H21B,2018,0,Open,historical-outside-range
H21B,2019,0,Open,historical-outside-range
H21B,2020,0,Open,historical-outside-range
H21B,2021,0,Open,historical-outside-range
H21B,2022,0,Open,historical-outside-range
H21B,2023,0,Open,historical-outside-range
H21B,2024,0,Open,historical-outside-range
H21B,2025,0,Open,historical-outside-range
H21H,1975,0,Open,historical-outside-range
H21H,1976,0,Open,historical-outside-range
H21H,1977,0,Open,historical-outside-range
H21H,1978,0,Open,historical-outside-range
H21H,1979,0,Open,historical-outside-range
H21H,1980,0,Open,historical-outside-range
H21H,1981,0,Open,historical
H21H,1982,0,Open,historical
H21H,1983,0,Open,historical
H21H,1984,0,Open,historical
H21H,1985,0,Open,historical
H21H,1986,0,Open,historical
H21H,1987,0,Open,historical
H21H,1988,0,Open,historical
H21H,1989,0,Open,historical
H21H,1990,0,Open,historical
H21H,1991,0,Open,historical
H21H,1992,0,Open,historical
H21H,1993,0,Open,historical
H21H,1994,0,Open,historical
H21H,1995,0,Open,historical-outside-range
H21H,1996,0,Open,historical-outside-range
H21H,1997,0,Open,historical-outside-range
H21H,1998,0,Open,historical-outside-range
H21H,1999,0,Open,historical-outside-range
H21H,2000,0,Open,historical-outside-range
H21H,2001,0,Open,historical-outside-range
H21H,2002,0,Open,historical-outside-range
H21H,2003,0,Open,historical-outside-range
H21H,2004,0,Open,historical-outside-range
H21H,2005,0,Open,historical-outside-range
H21H,2006,0,Open,historical-outside-range
H21H,2007,0,Open,historical-outside-range
H21H,2008,0,Open,historical-outside-range
H21H,2009,0,Open,historical-outside-range
H21H,2010,0,Open,historical-outside-range
H21H,2011,0,Open,historical-outside-range
H21H,2012,0,Open,historical-outside-range
H21H,2013,0,Open,historical-outside-range
H21H,2014,0,Open,historical-outside-range
H21H,2015,0,Open,historical-outside-range
H21H,2016,0,Open,historical-outside-range
H21H,2017,0,Open,historical-outside-range
H21H,2018,0,Open,historical-outside-range
H21H,2019,0,Open,historical-outside-range
H21H,2020,0,Open,historical-outside-range
H21H,2021,0,Open,historical-outside-range
H21H,2022,0,Open,historical-outside-range
H21H,2023,0,Open,historical-outside-range
H21H,2024,0,Open,historical-outside-range
H21H,2025,0,Open,historical-outside-range
H34D,1975,0,Open,historical-outside-range
H34D,1976,0,Open,historical-outside-range
H34D,1977,0,Open,historical-outside-range
H34D,1978,0,Open,historical-outside-range
H34D,1979,0,Open,historical-outside-range
H34D,1980,0,Open,historical-outside-range
H34D,1981,0,Open,historical
H34D,1982,0,Open,historical
H34D,1983,0,Open,historical
H34D,1984,0,Open,historical-outside-range
H34D,1985,0,Open,historical-outside-range
H34D,1986,0,Open,historical-outside-range
H34D,1987,0,Open,historical-outside-range
H34D,1988,0,Open,historical-outside-range
H34D,1989,0,Open,historical-outside-range
H34D,1990,0,Open,historical-outside-range
H34D,1991,0,Open,historical-outside-range
H34D,1992,0,Open,historical-outside-range
H34D,1993,0,Open,historical-outside-range
H34D,1994,0,Open,historical-outside-range
H34D,1995,0,Open,historical-outside-range
H34D,1996,0,Open,historical-outside-range
H34D,1997,0,Open,historical-outside-range
H34D,1998,0,Open,historical-outside-range
H34D,1999,0,Open,historical-outside-range
H34D,2000,0,Open,historical-outside-range
H34D,2001,0,Open,historical-outside-range
H34D,2002,0,Open,historical-outside-range
H34D,2003,0,Open,historical-outside-range
H34D,2004,0,Open,historical-outside-range
H34D,2005,0,Open,historical-outside-range
H34D,2006,0,Open,historical-outside-range
H34D,2007,0,Open,historical-outside-range
H34D,2008,0,Open,historical-outside-range
H34D,2009,0,Open,historical-outside-range
H34D,2010,0,Open,historical-outside-range
H34D,2011,0,Open,historical-outside-range
H34D,2012,0,Open,historical-outside-range
H34D,2013,0,Open,historical-outside-range
H34D,2014,0,Open,historical-outside-range
H34D,2015,0,Open,historical-outside-range
H34D,2016,0,Open,historical-outside-range
H34D,2017,0,Open,historical-outside-range
H34D,2018,0,Open,historical-outside-range
H34D,2019,0,Open,historical-outside-range
H34D,2020,0,Open,historical-outside-range
H34D,2021,0,Open,historical-outside-range
H34D,2022,0,Open,historical-outside-range
H34D,2023,0,Open,historical-outside-range
H34D,2024,0,Open,historical-outside-range
H34D,2025,0,Open,historical-outside-range
H34E,1975,0,Open,current
H34E,1976,0,Open,current
H34E,1977,0,Open,current
H34E,1978,0,Open,current
H34E,1979,0,Open,current
H34E,1980,0,Open,current
H34E,1981,0,Open,historical
H34E,1982,0,Open,historical
H34E,1983,0,Open,historical
H34E,1984,0,Open,historical
H34E,1985,0,Open,historical
H34E,1986,0,Open,historical
H34E,1987,0,Open,historical
H34E,1988,0,Open,historical
H34E,1989,0,Open,historical
H34E,1990,0,Open,historical
H34E,1991,0,Open,historical
H34E,1992,0,Open,historical
H34E,1993,0,Open,historical
H34E,1994,0,Open,historical
H34E,1995,0,Open,historical
H34E,1996,0,Open,historical
H34E,1997,0,Open,current
H34E,1998,0,Open,current
H34E,1999,0,Open,current
H34E,2000,0,Open,current
H34E,2001,0,Open,current
H34E,2002,0,Open,current
H34E,2003,0,Open,current
H34E,2004,0,Open,current
H34E,2005,0,Open,current
H34E,2006,0,Open,current
H34E,2007,0,Open,current
H34E,2008,0,Open,current
H34E,2009,0,Open,current
H34E,2010,0,Open,current
H34E,2011,0,Open,current
H34E,2012,0,Open,current
H34E,2013,0,Open,current
H34E,2014,0,Open,current
H34E,2015,0,Open,current
H34E,2016,0,Open,current
H34E,2017,0,Open,current
H34E,2018,0,Open,current
H34E,2019,0,Open,current
H34E,2020,0,Open,current
H34E,2021,0,Open,current
H34E,2022,0,Open,current
H34E,2023,0,Open,current
H34E,2024,0,Open,current
H34E,2025,0,Open,current
H34H,1975,0,Open,current
H34H,1976,0,Open,current
H34H,1977,0,Open,current
H34H,1978,0,Open,current
H34H,1979,0,Open,current
H34H,1980,0,Open,current
H34H,1981,0,Open,historical
H34H,1982,0,Open,historical
H34H,1983,0,Open,historical
H34H,1984,0,Open,historical
H34H,1985,0,Open,historical
H34H,1986,0,Open,historical
H34H,1987,0,Open,historical
H34H,1988,0,Open,historical
H34H,1989,0,Open,historical
H34H,1990,0,Open,historical
H34H,1991,0,Open,historical
H34H,1992,0,Open,historical
H34H,1993,0,Open,historical
H34H,1994,0,Open,historical
H34H,1995,0,Open,historical
H34H,1996,0,Open,historical
H34H,1997,0,Open,historical
H34H,1998,0,Open,historical
H34H,1999,0,Open,historical
H34H,2000,0,Open,historical
H34H,2001,0,Open,historical
H34H,2002,0,Open,historical
H34H,2003,0,Open,historical
H34H,2004,0,Open,historical
H34H,2005,0,Open,historical
H34H,2006,0,Open,historical
H34H,2007,0,Open,historical
H34H,2008,0,Open,historical
H34H,2009,0,Open,historical
H34H,2010,0,Open,historical
H34H,2011,0,Open,historical
H34H,2012,0,Open,historical
H34H,2013,0,Open,historical
H34H,2014,0,Open,historical
H34H,2015,0,Open,historical
H34H,2016,0,Open,historical
H34H,2017,0,Open,historical
H34H,2018,0,Open,historical
H34H,2019,0,Open,historical
H34H,2020,0,Open,historical
H34H,2021,0,Open,historical
H34H,2022,0,Open,current
H34H,2023,0,Open,current
H34H,2024,0,Open,current
H34H,2025,0,Open,current
H34K,1975,0,Open,historical-outside-range
H34K,1976,0,Open,historical-outside-range
H34K,1977,0,Open,historical-outside-range
H34K,1978,0,Open,historical-outside-range
H34K,1979,0,Open,historical-outside-range
H34K,1980,0,Open,historical-outside-range
H34K,1981,0,Open,historical
H34K,1982,0,Open,historical
H34K,1983,0,Open,historical
H34K,1984,0,Open,historical
H34K,1985,0,Open,historical
H34K,1986,0,Open,historical
H34K,1987,0,Open,historical
H34K,1988,0,Open,historical
H34K,1989,0,Open,historical
H34K,1990,0,Open,historical
H34K,1991,0,Open,historical
H34K,1992,0,Open,historical
H34K,1993,0,Open,historical
H34K,1994,0,Open,historical
H34K,1995,0,Open,historical
H34K,1996,0,Open,historical
H34K,1997,0,Open,historical
H34K,1998,0,Open,historical
H34K,1999,0,Open,historical
H34K,2000,0,Open,historical
H34K,2001,0,Open,historical
H34K,2002,0,Open,historical-outside-range
H34K,2003,0,Open,historical-outside-range
H34K,2004,0,Open,historical-outside-range
H34K,2005,0,Open,historical-outside-range
H34K,2006,0,Open,historical-outside-range
H34K,2007,0,Open,historical-outside-range
H34K,2008,0,Open,historical-outside-range
H34K,2009,0,Open,historical-outside-range
H34K,2010,0,Open,historical-outside-range
H34K,2011,0,Open,historical-outside-range
H34K,2012,0,Open,historical-outside-range
H34K,2013,0,Open,historical-outside-range
H34K,2014,0,Open,historical-outside-range
H34K,2015,0,Open,historical-outside-range
H34K,2016,0,Open,historical-outside-range
H34K,2017,0,Open,historical-outside-range
H34K,2018,0,Open,historical-outside-range
H34K,2019,0,Open,historical-outside-range
H34K,2020,0,Open,historical-outside-range
H34K,2021,0,Open,historical-outside-range
H34K,2022,0,Open,historical-outside-range
H34K,2023,0,Open,historical-outside-range
H34K,2024,0,Open,historical-outside-range
H34K,2025,0,Open,historical-outside-range
H34L,1975,0,Open,historical-outside-range
H34L,1976,0,Open,historical-outside-range
H34L,1977,0,Open,historical-outside-range
H34L,1978,0,Open,historical-outside-range
H34L,1979,0,Open,historical-outside-range
H34L,1980,0,Open,historical-outside-range
H34L,1981,0,Open,historical
H34L,1982,0,Open,historical
H34L,1983,0,Open,historical
H34L,1984,0,Open,historical
H34L,1985,0,Open,historical-outside-range
H34L,1986,0,Open,historical-outside-range
H34L,1987,0,Open,historical-outside-range
H34L,1988,0,Open,historical-outside-range
H34L,1989,0,Open,historical-outside-range
H34L,1990,0,Open,historical-outside-range
H34L,1991,0,Open,historical-outside-range
H34L,1992,0,Open,historical-outside-range
H34L,1993,0,Open,historical-outside-range
H34L,1994,0,Open,historical-outside-range
H34L,1995,0,Open,historical-outside-range
H34L,1996,0,Open,historical-outside-range
H34L,1997,0,Open,historical-outside-range
H34L,1998,0,Open,historical-outside-range
H34L,1999,0,Open,historical-outside-range
H34L,2000,0,Open,historical-outside-range
H34L,2001,0,Open,historical-outside-range
H34L,2002,0,Open,historical-outside-range
H34L,2003,0,Open,historical-outside-range
H34L,2004,0,Open,historical-outside-range
H34L,2005,0,Open,historical-outside-range
H34L,2006,0,Open,historical-outside-range
H34L,2007,0,Open,historical-outside-range
H34L,2008,0,Open,historical-outside-range
H34L,2009,0,Open,historical-outside-range
H34L,2010,0,Open,historical-outside-range
H34L,2011,0,Open,historical-outside-range
H34L,2012,0,Open,historical-outside-range
H34L,2013,0,Open,historical-outside-range
H34L,2014,0,Open,historical-outside-range
H34L,2015,0,Open,historical-outside-range
H34L,2016,0,Open,historical-outside-range
H34L,2017,0,Open,historical-outside-range
H34L,2018,0,Open,historical-outside-range
H34L,2019,0,Open,historical-outside-range
H34L,2020,0,Open,historical-outside-range
H34L,2021,0,Open,historical-outside-range
H34L,2022,0,Open,historical-outside-range
H34L,2023,0,Open,historical-outside-range
H34L,2024,0,Open,historical-outside-range
H34L,2025,0,Open,historical-outside-range
H34M,1975,0,Open,current
H34M,1976,0,Open,current
H34M,1977,0,Open,current
H34M,1978,0,Open,current
H34M,1979,0,Open,current
H34M,1980,0,Open,current
H34M,1981,0,Open,historical
H34M,1982,0,Open,historical
H34M,1983,0,Open,historical
H34M,1984,0,Open,historical
H34M,1985,0,Open,historical
H34M,1986,0,Open,historical
H34M,1987,0,Open,historical
H34M,1988,0,Open,historical
H34M,1989,0,Open,historical
H34M,1990,0,Open,historical
H34M,1991,0,Open,historical
H34M,1992,0,Open,historical
H34M,1993,0,Open,historical
H34M,1994,0,Open,historical
H34M,1995,0,Open,historical
H34M,1996,0,Open,historical
H34M,1997,0,Open,historical
H34M,1998,0,Open,historical
H34M,1999,0,Open,historical
H34M,2000,0,Open,historical
H34M,2001,0,Open,historical
H34M,2002,0,Open,historical
H34M,2003,0,Open,historical
H34M,2004,0,Open,historical
H34M,2005,0,Open,historical
H34M,2006,0,Open,historical
H34M,2007,0,Open,historical
H34M,2008,0,Open,historical
H34M,2009,0,Open,historical
H34M,2010,0,Open,historical
H34M,2011,0,Open,historical
H34M,2012,0,Open,historical
H34M,2013,0,Open,historical
H34M,2014,0,Open,historical
H34M,2015,0,Open,historical
H34M,2016,0,Open,historical
H34M,2017,0,Open,historical
H34M,2018,0,Open,historical
H34M,2019,0,Open,historical
H34M,2020,0,Open,historical
H34M,2021,0,Open,historical
H34M,2022,0,Open,current
H34M,2023,0,Open,current
H34M,2024,0,Open,current
H34M,2025,0,Open,current
H34Q,1975,0,Open,historical-outside-range
H34Q,1976,0,Open,historical-outside-range
H34Q,1977,0,Open,historical-outside-range
H34Q,1978,0,Open,historical-outside-range
H34Q,1979,0,Open,historical-outside-range
H34Q,1980,0,Open,historical-outside-range
H34Q,1981,0,Open,historical-outside-range
H34Q,1982,0,Open,historical-outside-range
H34Q,1983,0,Open,historical-outside-range
H34Q,1984,0,Open,historical-outside-range
H34Q,1985,0,Open,historical-outside-range
H34Q,1986,0,Open,historical-outside-range
H34Q,1987,0,Open,historical-outside-range
H34Q,1988,0,Open,historical-outside-range
H34Q,1989,0,Open,historical-outside-range
H34Q,1990,0,Open,historical-outside-range
H34Q,1991,0,Open,historical-outside-range
H34Q,1992,0,Open,historical-outside-range
H34Q,1993,0,Open,historical-outside-range
H34Q,1994,0,Open,historical-outside-range
H34Q,1995,0,Open,historical-outside-range
H34Q,1996,0,Open,historical-outside-range
H34Q,1997,0,Open,historical-outside-range
H34Q,1998,0,Open,historical-outside-range
H34Q,1999,0,Open,historical-outside-range
H34Q,2000,0,Open,historical-outside-range
H34Q,2001,0,Open,historical-outside-range
H34Q,2002,0,Open,historical-outside-range
H34Q,2003,0,Open,historical-outside-range
H34Q,2004,0,Open,historical-outside-range
H34Q,2005,0,Open,historical-outside-range
H34Q,2006,0,Open,historical-outside-range
H34Q,2007,0,Open,historical-outside-range
H34Q,2008,0,Open,historical-outside-range
H34Q,2009,0,Open,historical-outside-range
H34Q,2010,0,Open,historical-outside-range
H34Q,2011,0,Open,historical-outside-range
H34Q,2012,0,Open,historical-outside-range
H34Q,2013,0,Open,historical-outside-range
H34Q,2014,0,Open,historical-outside-range
H34Q,2015,0,Open,historical-outside-range
H34Q,2016,0,Open,historical-outside-range
H34Q,2017,0,Open,historical-outside-range
H34Q,2018,0,Open,historical-outside-range
H34Q,2019,0,Open,historical-outside-range
H34Q,2020,0,Open,historical-outside-range
H34Q,2021,0,Open,historical-outside-range
H34Q,2022,0,Open,historical-outside-range
H34Q,2023,0,Open,historical-outside-range
H34Q,2024,0,Open,historical-outside-range
H34Q,2025,0,Open,historical-outside-range
H34X,1975,0,Open,current
H34X,1976,0,Open,current
H34X,1977,0,Open,current
H34X,1978,0,Open,current
H34X,1979,0,Open,current
H34X,1980,0,Open,current
H34X,1981,0,Open,current
H34X,1982,0,Open,current
H34X,1983,0,Open,current
H34X,1984,0,Open,current
H34X,1985,0,Open,current
H34X,1986,0,Open,historical
H34X,1987,0,Open,historical
H34X,1988,0,Open,historical
H34X,1989,0,Open,historical
H34X,1990,0,Open,historical
H34X,1991,0,Open,historical
H34X,1992,0,Open,historical
H34X,1993,0,Open,historical
H34X,1994,0,Open,historical
H34X,1995,0,Open,historical
H34X,1996,0,Open,historical
H34X,1997,0,Open,historical
H34X,1998,0,Open,historical
H34X,1999,0,Open,historical
H34X,2000,0,Open,historical
H34X,2001,0,Open,historical
H34X,2002,0,Open,historical
H34X,2003,0,Open,historical
H34X,2004,0,Open,historical
H34X,2005,0,Open,historical
H34X,2006,0,Open,historical
H34X,2007,0,Open,historical
H34X,2008,0,Open,historical
H34X,2009,0,Open,historical
H34X,2010,0,Open,historical
H34X,2011,0,Open,historical
H34X,2012,0,Open,historical
H34X,2013,0,Open,historical
H34X,2014,0,Open,historical
H34X,2015,0,Open,historical
H34X,2016,0,Open,historical
H34X,2017,0,Open,historical
H34X,2018,0,Open,historical
H34X,2019,0,Open,historical
H34X,2020,0,Open,historical
H34X,2021,0,Open,historical
H34X,2022,0,Open,current
H34X,2023,0,Open,current
H34X,2024,0,Open,current
H34X,2025,0,Open,current
H34Z,1975,0,Open,historical-outside-range
H34Z,1976,0,Open,historical-outside-range
H34Z,1977,0,Open,historical-outside-range
H34Z,1978,0,Open,historical-outside-range
H34Z,1979,0,Open,historical-outside-range
H34Z,1980,0,Open,historical-outside-range
H34Z,1981,0,Open,historical-outside-range
H34Z,1982,0,Open,historical-outside-range
H34Z,1983,0,Open,historical-outside-range
H34Z,1984,0,Open,historical-outside-range
H34Z,1985,0,Open,historical
H34Z,1986,0,Open,historical
H34Z,1987,0,Open,historical
H34Z,1988,0,Open,historical
H34Z,1989,0,Open,historical
H34Z,1990,0,Open,historical
H34Z,1991,0,Open,historical
H34Z,1992,0,Open,historical
H34Z,1993,0,Open,historical
H34Z,1994,0,Open,historical
H34Z,1995,0,Open,historical
H34Z,1996,0,Open,historical
H34Z,1997,0,Open,historical
H34Z,1998,0,Open,historical
H34Z,1999,0,Open,historical
H34Z,2000,0,Open,historical
H34Z,2001,0,Open,historical
H34Z,2002,0,Open,historical
H34Z,2003,0,Open,historical
H34Z,2004,0,Open,historical
H34Z,2005,0,Open,historical
H34Z,2006,0,Open,historical
H34Z,2007,0,Open,historical
H34Z,2008,0,Open,historical
H34Z,2009,0,Open,historical
H34Z,2010,0,Open,historical
H34Z,2011,0,Open,historical
H34Z,2012,0,Open,historical
H34Z,2013,0,Open,historical
H34Z,2014,0,Open,historical
H34Z,2015,0,Open,historical
H34Z,2016,0,Open,historical
H34Z,2017,0,Open,historical
H34Z,2018,0,Open,historical-outside-range
H34Z,2019,0,Open,historical-outside-range
H34Z,2020,0,Open,historical-outside-range
H34Z,2021,0,Open,historical-outside-range
H34Z,2022,0,Open,historical-outside-range
H34Z,2023,0,Open,historical-outside-range
H34Z,2024,0,Open,historical-outside-range
H34Z,2025,0,Open,historical-outside-range
H37A,1975,0,Open,historical-outside-range
H37A,1976,0,Open,historical-outside-range
H37A,1977,0,Open,historical-outside-range
H37A,1978,0,Open,historical-outside-range
H37A,1979,0,Open,historical-outside-range
H37A,1980,0,Open,historical-outside-range
H37A,1981,0,Open,historical
H37A,1982,0,Open,historical
H37A,1983,0,Open,historical
H37A,1984,0,Open,historical-outside-range
H37A,1985,0,Open,historical-outside-range
H37A,1986,0,Open,historical-outside-range
H37A,1987,0,Open,historical-outside-range
H37A,1988,0,Open,historical-outside-range
H37A,1989,0,Open,historical-outside-range
H37A,1990,0,Open,historical-outside-range
H37A,1991,0,Open,historical-outside-range
H37A,1992,0,Open,historical-outside-range
H37A,1993,0,Open,historical-outside-range
H37A,1994,0,Open,historical-outside-range
H37A,1995,0,Open,historical-outside-range
H37A,1996,0,Open,historical-outside-range
H37A,1997,0,Open,historical-outside-range
H37A,1998,0,Open,historical-outside-range
H37A,1999,0,Open,historical-outside-range
H37A,2000,0,Open,historical-outside-range
H37A,2001,0,Open,historical-outside-range
H37A,2002,0,Open,historical-outside-range
H37A,2003,0,Open,historical-outside-range
H37A,2004,0,Open,historical-outside-range
H37A,2005,0,Open,historical-outside-range
H37A,2006,0,Open,historical-outside-range
H37A,2007,0,Open,historical-outside-range
H37A,2008,0,Open,historical-outside-range
H37A,2009,0,Open,historical-outside-range
H37A,2010,0,Open,historical-outside-range
H37A,2011,0,Open,historical-outside-range
H37A,2012,0,Open,historical-outside-range
H37A,2013,0,Open,historical-outside-range
H37A,2014,0,Open,historical-outside-range
H37A,2015,0,Open,historical-outside-range
H37A,2016,0,Open,historical-outside-range
H37A,2017,0,Open,historical-outside-range
H37A,2018,0,Open,historical-outside-range
H37A,2019,0,Open,historical-outside-range
H37A,2020,0,Open,historical-outside-range
H37A,2021,0,Open,historical-outside-range
H37A,2022,0,Open,historical-outside-range
H37A,2023,0,Open,historical-outside-range
H37A,2024,0,Open,historical-outside-range
H37A,2025,0,Open,historical-outside-range
H37D,1975,0,Open,historical-outside-range
H37D,1976,0,Open,historical-outside-range
H37D,1977,0,Open,historical-outside-range
H37D,1978,0,Open,historical-outside-range
H37D,1979,0,Open,historical-outside-range
H37D,1980,0,Open,historical-outside-range
H37D,1981,0,Open,historical
H37D,1982,0,Open,historical
H37D,1983,0,Open,historical
H37D,1984,0,Open,historical-outside-range
H37D,1985,0,Open,historical-outside-range
H37D,1986,0,Open,historical-outside-range
H37D,1987,0,Open,historical-outside-range
H37D,1988,0,Open,historical-outside-range
H37D,1989,0,Open,historical-outside-range
H37D,1990,0,Open,historical-outside-range
H37D,1991,0,Open,historical-outside-range
H37D,1992,0,Open,historical-outside-range
H37D,1993,0,Open,historical-outside-range
H37D,1994,0,Open,historical-outside-range
H37D,1995,0,Open,historical-outside-range
H37D,1996,0,Open,historical-outside-range
H37D,1997,0,Open,historical-outside-range
H37D,1998,0,Open,historical-outside-range
H37D,1999,0,Open,historical-outside-range
H37D,2000,0,Open,historical-outside-range
H37D,2001,0,Open,historical-outside-range
H37D,2002,0,Open,historical-outside-range
H37D,2003,0,Open,historical-outside-range
H37D,2004,0,Open,historical-outside-range
H37D,2005,0,Open,historical-outside-range
H37D,2006,0,Open,historical-outside-range
H37D,2007,0,Open,historical-outside-range
H37D,2008,0,Open,historical-outside-range
H37D,2009,0,Open,historical-outside-range
H37D,2010,0,Open,historical-outside-range
H37D,2011,0,Open,historical-outside-range
H37D,2012,0,Open,historical-outside-range
H37D,2013,0,Open,historical-outside-range
H37D,2014,0,Open,historical-outside-range
H37D,2015,0,Open,historical-outside-range
H37D,2016,0,Open,historical-outside-range
H37D,2017,0,Open,historical-outside-range
H37D,2018,0,Open,historical-outside-range
H37D,2019,0,Open,historical-outside-range
H37D,2020,0,Open,historical-outside-range
H37D,2021,0,Open,historical-outside-range
H37D,2022,0,Open,historical-outside-range
H37D,2023,0,Open,historical-outside-range
H37D,2024,0,Open,historical-outside-range
H37D,2025,0,Open,historical-outside-range
H37E,1975,0,Open,historical-outside-range
H37E,1976,0,Open,historical-outside-range
H37E,1977,0,Open,historical-outside-range
H37E,1978,0,Open,historical-outside-range
H37E,1979,0,Open,historical-outside-range
H37E,1980,0,Open,historical-outside-range
H37E,1981,0,Open,historical
H37E,1982,0,Open,historical
H37E,1983,0,Open,historical
H37E,1984,0,Open,historical
H37E,1985,0,Open,historical
H37E,1986,0,Open,historical
H37E,1987,0,Open,historical
H37E,1988,0,Open,historical
H37E,1989,0,Open,historical
H37E,1990,0,Open,historical
H37E,1991,0,Open,historical
H37E,1992,0,Open,historical
H37E,1993,0,Open,historical
H37E,1994,0,Open,historical
H37E,1995,0,Open,historical
H37E,1996,0,Open,historical
H37E,1997,0,Open,historical
H37E,1998,0,Open,historical
H37E,1999,0,Open,historical-outside-range
H37E,2000,0,Open,historical-outside-range
H37E,2001,0,Open,historical-outside-range
H37E,2002,0,Open,historical-outside-range
H37E,2003,0,Open,historical-outside-range
H37E,2004,0,Open,historical-outside-range
H37E,2005,0,Open,historical-outside-range
H37E,2006,0,Open,historical-outside-range
H37E,2007,0,Open,historical-outside-range
H37E,2008,0,Open,historical-outside-range
H37E,2009,0,Open,historical-outside-range
H37E,2010,0,Open,historical-outside-range
H37E,2011,0,Open,historical-outside-range
H37E,2012,0,Open,historical-outside-range
H37E,2013,0,Open,historical-outside-range
H37E,2014,0,Open,historical-outside-range
H37E,2015,0,Open,historical-outside-range
H37E,2016,0,Open,historical-outside-range
H37E,2017,0,Open,historical-outside-range
H37E,2018,0,Open,historical-outside-range
H37E,2019,0,Open,historical-outside-range
H37E,2020,0,Open,historical-outside-range
H37E,2021,0,Open,historical-outside-range
H37E,2022,0,Open,historical-outside-range
H37E,2023,0,Open,historical-outside-range
H37E,2024,0,Open,historical-outside-range
H37E,2025,0,Open,historical-outside-range
H37H,1975,0,Open,historical-outside-range
H37H,1976,0,Open,historical-outside-range
H37H,1977,0,Open,historical-outside-range
H37H,1978,0,Open,historical-outside-range
H37H,1979,0,Open,historical-outside-range
H37H,1980,0,Open,historical-outside-range
H37H,1981,0,Open,historical
H37H,1982,0,Open,historical
H37H,1983,0,Open,historical
H37H,1984,0,Open,historical-outside-range
H37H,1985,0,Open,historical-outside-range
H37H,1986,0,Open,historical-outside-range
H37H,1987,0,Open,historical-outside-range
H37H,1988,0,Open,historical-outside-range
H37H,1989,0,Open,historical-outside-range
H37H,1990,0,Open,historical-outside-range
H37H,1991,0,Open,historical-outside-range
H37H,1992,0,Open,historical-outside-range
H37H,1993,0,Open,historical-outside-range
H37H,1994,0,Open,historical-outside-range
H37H,1995,0,Open,historical-outside-range
H37H,1996,0,Open,historical-outside-range
H37H,1997,0,Open,historical-outside-range
H37H,1998,0,Open,historical-outside-range
H37H,1999,0,Open,historical-outside-range
H37H,2000,0,Open,historical-outside-range
H37H,2001,0,Open,historical-outside-range
H37H,2002,0,Open,historical-outside-range
H37H,2003,0,Open,historical-outside-range
H37H,2004,0,Open,historical-outside-range
H37H,2005,0,Open,historical-outside-range
H37H,2006,0,Open,historical-outside-range
H37H,2007,0,Open,historical-outside-range
H37H,2008,0,Open,historical-outside-range
H37H,2009,0,Open,historical-outside-range
H37H,2010,0,Open,historical-outside-range
H37H,2011,0,Open,historical-outside-range
H37H,2012,0,Open,historical-outside-range
H37H,2013,0,Open,historical-outside-range
H37H,2014,0,Open,historical-outside-range
H37H,2015,0,Open,historical-outside-range
H37H,2016,0,Open,historical-outside-range
H37H,2017,0,Open,historical-outside-range
H37H,2018,0,Open,historical-outside-range
H37H,2019,0,Open,historical-outside-range
H37H,2020,0,Open,historical-outside-range
H37H,2021,0,Open,historical-outside-range
H37H,2022,0,Open,historical-outside-range
H37H,2023,0,Open,historical-outside-range
H37H,2024,0,Open,historical-outside-range
H37H,2025,0,Open,historical-outside-range
H37K,1975,0,Open,historical-outside-range
H37K,1976,0,Open,historical-outside-range
H37K,1977,0,Open,historical-outside-range
H37K,1978,0,Open,historical-outside-range
H37K,1979,0,Open,historical-outside-range
H37K,1980,0,Open,historical-outside-range
H37K,1981,0,Open,historical
H37K,1982,0,Open,historical
H37K,1983,0,Open,historical
H37K,1984,0,Open,historical-outside-range
H37K,1985,0,Open,historical-outside-range
H37K,1986,0,Open,historical-outside-range
H37K,1987,0,Open,historical-outside-range
H37K,1988,0,Open,historical-outside-range
H37K,1989,0,Open,historical-outside-range
H37K,1990,0,Open,historical-outside-range
H37K,1991,0,Open,historical-outside-range
H37K,1992,0,Open,historical-outside-range
H37K,1993,0,Open,historical-outside-range
H37K,1994,0,Open,historical-outside-range
H37K,1995,0,Open,historical-outside-range
H37K,1996,0,Open,historical-outside-range
H37K,1997,0,Open,historical-outside-range
H37K,1998,0,Open,historical-outside-range
H37K,1999,0,Open,historical-outside-range
H37K,2000,0,Open,historical-outside-range
H37K,2001,0,Open,historical-outside-range
H37K,2002,0,Open,historical-outside-range
H37K,2003,0,Open,historical-outside-range
H37K,2004,0,Open,historical-outside-range
H37K,2005,0,Open,historical-outside-range
H37K,2006,0,Open,historical-outside-range
H37K,2007,0,Open,historical-outside-range
H37K,2008,0,Open,historical-outside-range
H37K,2009,0,Open,historical-outside-range
H37K,2010,0,Open,historical-outside-range
H37K,2011,0,Open,historical-outside-range
H37K,2012,0,Open,historical-outside-range
H37K,2013,0,Open,historical-outside-range
H37K,2014,0,Open,historical-outside-range
H37K,2015,0,Open,historical-outside-range
H37K,2016,0,Open,historical-outside-range
H37K,2017,0,Open,historical-outside-range
H37K,2018,0,Open,historical-outside-range
H37K,2019,0,Open,historical-outside-range
H37K,2020,0,Open,historical-outside-range
H37K,2021,0,Open,historical-outside-range
H37K,2022,0,Open,historical-outside-range
H37K,2023,0,Open,historical-outside-range
H37K,2024,0,Open,historical-outside-range
H37K,2025,0,Open,historical-outside-range
H37L,1975,0,Open,historical-outside-range
H37L,1976,0,Open,historical-outside-range
H37L,1977,0,Open,historical-outside-range
H37L,1978,0,Open,historical-outside-range
H37L,1979,0,Open,historical-outside-range
H37L,1980,0,Open,historical-outside-range
H37L,1981,0,Open,historical
H37L,1982,0,Open,historical
H37L,1983,0,Open,historical
H37L,1984,0,Open,historical-outside-range
H37L,1985,0,Open,historical-outside-range
H37L,1986,0,Open,historical-outside-range
H37L,1987,0,Open,historical-outside-range
H37L,1988,0,Open,historical-outside-range
H37L,1989,0,Open,historical-outside-range
H37L,1990,0,Open,historical-outside-range
H37L,1991,0,Open,historical-outside-range
H37L,1992,0,Open,historical-outside-range
H37L,1993,0,Open,historical-outside-range
H37L,1994,0,Open,historical-outside-range
H37L,1995,0,Open,historical-outside-range
H37L,1996,0,Open,historical-outside-range
H37L,1997,0,Open,historical-outside-range
H37L,1998,0,Open,historical-outside-range
H37L,1999,0,Open,historical-outside-range
H37L,2000,0,Open,historical-outside-range
H37L,2001,0,Open,historical-outside-range
H37L,2002,0,Open,historical-outside-range
H37L,2003,0,Open,historical-outside-range
H37L,2004,0,Open,historical-outside-range
H37L,2005,0,Open,historical-outside-range
H37L,2006,0,Open,historical-outside-range
H37L,2007,0,Open,historical-outside-range
H37L,2008,0,Open,historical-outside-range
H37L,2009,0,Open,historical-outside-range
H37L,2010,0,Open,historical-outside-range
H37L,2011,0,Open,historical-outside-range
H37L,2012,0,Open,historical-outside-range
H37L,2013,0,Open,historical-outside-range
H37L,2014,0,Open,historical-outside-range
H37L,2015,0,Open,historical-outside-range
H37L,2016,0,Open,historical-outside-range
H37L,2017,0,Open,historical-outside-range
H37L,2018,0,Open,historical-outside-range
H37L,2019,0,Open,historical-outside-range
H37L,2020,0,Open,historical-outside-range
H37L,2021,0,Open,historical-outside-range
H37L,2022,0,Open,historical-outside-range
H37L,2023,0,Open,historical-outside-range
H37L,2024,0,Open,historical-outside-range
H37L,2025,0,Open,historical-outside-range
H37M,1975,0,Open,historical-outside-range
H37M,1976,0,Open,historical-outside-range
H37M,1977,0,Open,historical-outside-range
H37M,1978,0,Open,historical-outside-range
H37M,1979,0,Open,historical-outside-range
H37M,1980,0,Open,historical-outside-range
H37M,1981,0,Open,historical
H37M,1982,0,Open,historical
H37M,1983,0,Open,historical
H37M,1984,0,Open,historical-outside-range
H37M,1985,0,Open,historical-outside-range
H37M,1986,0,Open,historical-outside-range
H37M,1987,0,Open,historical-outside-range
H37M,1988,0,Open,historical-outside-range
H37M,1989,0,Open,historical-outside-range
H37M,1990,0,Open,historical-outside-range
H37M,1991,0,Open,historical-outside-range
H37M,1992,0,Open,historical-outside-range
H37M,1993,0,Open,historical-outside-range
H37M,1994,0,Open,historical-outside-range
H37M,1995,0,Open,historical-outside-range
H37M,1996,0,Open,historical-outside-range
H37M,1997,0,Open,historical-outside-range
H37M,1998,0,Open,historical-outside-range
H37M,1999,0,Open,historical-outside-range
H37M,2000,0,Open,historical-outside-range
H37M,2001,0,Open,historical-outside-range
H37M,2002,0,Open,historical-outside-range
H37M,2003,0,Open,historical-outside-range
H37M,2004,0,Open,historical-outside-range
H37M,2005,0,Open,historical-outside-range
H37M,2006,0,Open,historical-outside-range
H37M,2007,0,Open,historical-outside-range
H37M,2008,0,Open,historical-outside-range
H37M,2009,0,Open,historical-outside-range
H37M,2010,0,Open,historical-outside-range
H37M,2011,0,Open,historical-outside-range
H37M,2012,0,Open,historical-outside-range
H37M,2013,0,Open,historical-outside-range
H37M,2014,0,Open,historical-outside-range
H37M,2015,0,Open,historical-outside-range
H37M,2016,0,Open,historical-outside-range
H37M,2017,0,Open,historical-outside-range
H37M,2018,0,Open,historical-outside-range
H37M,2019,0,Open,historical-outside-range
H37M,2020,0,Open,historical-outside-range
H37M,2021,0,Open,historical-outside-range
H37M,2022,0,Open,historical-outside-range
H37M,2023,0,Open,historical-outside-range
H37M,2024,0,Open,historical-outside-range
H37M,2025,0,Open,historical-outside-range
H37Q,1975,0,Open,historical-outside-range
H37Q,1976,0,Open,historical-outside-range
H37Q,1977,0,Open,historical-outside-range
H37Q,1978,0,Open,historical-outside-range
H37Q,1979,0,Open,historical-outside-range
H37Q,1980,0,Open,historical-outside-range
H37Q,1981,0,Open,historical-outside-range
H37Q,1982,0,Open,historical-outside-range
H37Q,1983,0,Open,historical-outside-range
H37Q,1984,0,Open,historical-outside-range
H37Q,1985,0,Open,historical-outside-range
H37Q,1986,0,Open,historical-outside-range
H37Q,1987,0,Open,historical-outside-range
H37Q,1988,0,Open,historical-outside-range
H37Q,1989,0,Open,historical-outside-range
H37Q,1990,0,Open,historical-outside-range
H37Q,1991,0,Open,historical-outside-range
H37Q,1992,0,Open,historical-outside-range
H37Q,1993,0,Open,historical-outside-range
H37Q,1994,0,Open,historical-outside-range
H37Q,1995,0,Open,historical-outside-range
H37Q,1996,0,Open,historical-outside-range
H37Q,1997,0,Open,historical-outside-range
H37Q,1998,0,Open,historical-outside-range
H37Q,1999,0,Open,historical-outside-range
H37Q,2000,0,Open,historical-outside-range
H37Q,2001,0,Open,historical-outside-range
H37Q,2002,0,Open,historical-outside-range
H37Q,2003,0,Open,historical-outside-range
H37Q,2004,0,Open,historical-outside-range
H37Q,2005,0,Open,historical-outside-range
H37Q,2006,0,Open,historical-outside-range
H37Q,2007,0,Open,historical-outside-range
H37Q,2008,0,Open,historical-outside-range
H37Q,2009,0,Open,historical-outside-range
H37Q,2010,0,Open,historical-outside-range
H37Q,2011,0,Open,historical-outside-range
H37Q,2012,0,Open,historical-outside-range
H37Q,2013,0,Open,historical-outside-range
H37Q,2014,0,Open,historical-outside-range
H37Q,2015,0,Open,historical-outside-range
H37Q,2016,0,Open,historical-outside-range
H37Q,2017,0,Open,historical-outside-range
H37Q,2018,0,Open,historical-outside-range
H37Q,2019,0,Open,historical-outside-range
H37Q,2020,0,Open,historical-outside-range
H37Q,2021,0,Open,historical-outside-range
H37Q,2022,0,Open,historical-outside-range
H37Q,2023,0,Open,historical-outside-range
H37Q,2024,0,Open,historical-outside-range
H37Q,2025,0,Open,historical-outside-range
H7BK,1975,1,Limited,current
H7BK,1976,1,Limited,current
H7BK,1977,1,Limited,current
H7BK,1978,1,Limited,current
H7BK,1979,1,Limited,current
H7BK,1980,1,Limited,current
H7BK,1981,1,Limited,current
H7BK,1982,1,Limited,current
H7BK,1983,1,Limited,current
H7BK,1984,1,Limited,current
H7BK,1985,1,Limited,current
H7BK,1986,1,Limited,current
H7BK,1987,1,Limited,current
H7BK,1988,1,Limited,current
H7BK,1989,1,Limited,current
H7BK,1990,1,Limited,current
H7BK,1991,1,Limited,current
H7BK,1992,1,Limited,current
H7BK,1993,1,Limited,current
H7BK,1994,1,Limited,current
H7BK,1995,1,Limited,current
H7BK,1996,1,Limited,current
H7BK,1997,1,Limited,current
H7BK,1998,1,Limited,current
H7BK,1999,1,Limited,current
H7BK,2000,1,Limited,current
H7BK,2001,1,Limited,current
H7BK,2002,1,Limited,historical
H7BK,2003,1,Limited,historical
H7BK,2004,1,Limited,historical
H7BK,2005,1,Limited,historical
H7BK,2006,1,Limited,historical
H7BK,2007,1,Limited,historical
H7BK,2008,1,Limited,historical
H7BK,2009,1,Limited,historical
H7BK,2010,1,Limited,historical
H7BK,2011,1,Limited,historical
H7BK,2012,1,Limited,historical
H7BK,2013,1,Limited,historical
H7BK,2014,1,Limited,historical
H7BK,2015,1,Limited,historical
H7BK,2016,1,Limited,historical
H7BK,2017,1,Limited,historical
H7BK,2018,1,Limited,historical
H7BK,2019,1,Limited,historical
H7BK,2020,1,Limited,historical
H7BK,2021,1,Limited,historical
H7BK,2022,1,Limited,current
H7BK,2023,1,Limited,current
H7BK,2024,1,Limited,current
H7BK,2025,1,Limited,current
H7CK,1975,1,Limited,current
H7CK,1976,1,Limited,current
H7CK,1977,1,Limited,current
H7CK,1978,1,Limited,current
H7CK,1979,1,Limited,current
H7CK,1980,1,Limited,current
H7CK,1981,1,Limited,current
H7CK,1982,1,Limited,current
H7CK,1983,1,Limited,current
H7CK,1984,1,Limited,current
H7CK,1985,1,Limited,current
H7CK,1986,1,Limited,current
H7CK,1987,1,Limited,current
H7CK,1988,1,Limited,current
H7CK,1989,1,Limited,current
H7CK,1990,1,Limited,current
H7CK,1991,1,Limited,current
H7CK,1992,1,Limited,current
H7CK,1993,1,Limited,current
H7CK,1994,1,Limited,current
H7CK,1995,1,Limited,current
H7CK,1996,1,Limited,current
H7CK,1997,1,Limited,current
H7CK,1998,1,Limited,current
H7CK,1999,1,Limited,current
H7CK,2000,1,Limited,current
H7CK,2001,1,Limited,current
H7CK,2002,1,Limited,historical
H7CK,2003,1,Limited,historical
H7CK,2004,1,Limited,historical
H7CK,2005,1,Limited,historical
H7CK,2006,1,Limited,historical
H7CK,2007,1,Limited,historical
H7CK,2008,1,Limited,historical
H7CK,2009,1,Limited,historical
H7CK,2010,1,Limited,historical
H7CK,2011,1,Limited,historical
H7CK,2012,1,Limited,historical
H7CK,2013,1,Limited,historical
H7CK,2014,1,Limited,historical
H7CK,2015,1,Limited,historical
H7CK,2016,1,Limited,historical
H7CK,2017,1,Limited,historical
H7CK,2018,1,Limited,historical
H7CK,2019,1,Limited,historical
H7CK,2020,1,Limited,historical
H7CK,2021,1,Limited,historical
H7CK,2022,1,Limited,current
H7CK,2023,1,Limited,current
H7CK,2024,1,Limited,current
H7CK,2025,1,Limited,current
H7DK,1975,1,Limited,current
H7DK,1976,1,Limited,current
H7DK,1977,1,Limited,current
H7DK,1978,1,Limited,current
H7DK,1979,1,Limited,current
H7DK,1980,1,Limited,current
H7DK,1981,1,Limited,current
H7DK,1982,1,Limited,current
H7DK,1983,1,Limited,current
H7DK,1984,1,Limited,current
H7DK,1985,1,Limited,current
H7DK,1986,1,Limited,current
H7DK,1987,1,Limited,current
H7DK,1988,1,Limited,current
H7DK,1989,1,Limited,current
H7DK,1990,1,Limited,current
H7DK,1991,1,Limited,current
H7DK,1992,1,Limited,current
H7DK,1993,1,Limited,current
H7DK,1994,1,Limited,current
H7DK,1995,1,Limited,current
H7DK,1996,1,Limited,current
H7DK,1997,1,Limited,current
H7DK,1998,1,Limited,current
H7DK,1999,1,Limited,current
H7DK,2000,1,Limited,current
H7DK,2001,1,Limited,current
H7DK,2002,1,Limited,historical
H7DK,2003,1,Limited,historical
H7DK,2004,1,Limited,historical
H7DK,2005,1,Limited,historical
H7DK,2006,1,Limited,historical
H7DK,2007,1,Limited,historical
H7DK,2008,1,Limited,historical
H7DK,2009,1,Limited,historical
H7DK,2010,1,Limited,historical
H7DK,2011,1,Limited,historical
H7DK,2012,1,Limited,historical
H7DK,2013,1,Limited,historical
H7DK,2014,1,Limited,historical
H7DK,2015,1,Limited,historical
H7DK,2016,1,Limited,historical
H7DK,2017,1,Limited,historical
H7DK,2018,1,Limited,historical
H7DK,2019,1,Limited,historical
H7DK,2020,1,Limited,historical
H7DK,2021,1,Limited,historical
H7DK,2022,1,Limited,current
H7DK,2023,1,Limited,current
H7DK,2024,1,Limited,current
H7DK,2025,1,Limited,current
H99B,1975,0,Open,historical
H99B,1976,0,Open,historical
H99B,1977,0,Open,historical
H99B,1978,0,Open,historical-outside-range
H99B,1979,0,Open,historical-outside-range
H99B,1980,0,Open,historical-outside-range
H99B,1981,0,Open,historical-outside-range
H99B,1982,0,Open,historical-outside-range
H99B,1983,0,Open,historical-outside-range
H99B,1984,0,Open,historical-outside-range
H99B,1985,0,Open,historical-outside-range
H99B,1986,0,Open,historical-outside-range
H99B,1987,0,Open,historical-outside-range
H99B,1988,0,Open,historical-outside-range
H99B,1989,0,Open,historical-outside-range
H99B,1990,0,Open,historical-outside-range
H99B,1991,0,Open,historical-outside-range
H99B,1992,0,Open,historical-outside-range
H99B,1993,0,Open,historical-outside-range
H99B,1994,0,Open,historical-outside-range
H99B,1995,0,Open,historical-outside-range
H99B,1996,0,Open,historical-outside-range
H99B,1997,0,Open,historical-outside-range
H99B,1998,0,Open,historical-outside-range
H99B,1999,0,Open,historical-outside-range
H99B,2000,0,Open,historical-outside-range
H99B,2001,0,Open,historical-outside-range
H99B,2002,0,Open,historical-outside-range
H99B,2003,0,Open,historical-outside-range
H99B,2004,0,Open,historical-outside-range
H99B,2005,0,Open,historical-outside-range
H99B,2006,0,Open,historical-outside-range
H99B,2007,0,Open,historical-outside-range
H99B,2008,0,Open,historical-outside-range
H99B,2009,0,Open,historical-outside-range
H99B,2010,0,Open,historical-outside-range
H99B,2011,0,Open,historical-outside-range
H99B,2012,0,Open,historical-outside-range
H99B,2013,0,Open,historical-outside-range
H99B,2014,0,Open,historical-outside-range
H99B,2015,0,Open,historical-outside-range
H99B,2016,0,Open,historical-outside-range
H99B,2017,0,Open,historical-outside-range
H99B,2018,0,Open,historical-outside-range
H99B,2019,0,Open,historical-outside-range
H99B,2020,0,Open,historical-outside-range
H99B,2021,0,Open,historical-outside-range
H99B,2022,0,Open,historical-outside-range
H99B,2023,0,Open,historical-outside-range
H99B,2024,0,Open,historical-outside-range
H99B,2025,0,Open,historical-outside-range
I05B,1975,0,Open,current
I05B,1976,0,Open,current
I05B,1977,0,Open,current
I05B,1978,0,Open,current
I05B,1979,0,Open,current
I05B,1980,0,Open,current
I05B,1981,0,Open,current
I05B,1982,0,Open,current
I05B,1983,0,Open,current
I05B,1984,0,Open,current
I05B,1985,0,Open,current
I05B,1986,0,Open,current
I05B,1987,0,Open,current
I05B,1988,0,Open,current
I05B,1989,0,Open,current
I05B,1990,0,Open,current
I05B,1991,0,Open,current
I05B,1992,0,Open,current
I05B,1993,0,Open,current
I05B,1994,0,Open,current
I05B,1995,0,Open,current
I05B,1996,0,Open,current
I05B,1997,0,Open,historical
I05B,1998,0,Open,historical
I05B,1999,0,Open,historical
I05B,2000,0,Open,historical
I05B,2001,0,Open,historical
I05B,2002,0,Open,historical
I05B,2003,0,Open,historical
I05B,2004,0,Open,historical
I05B,2005,0,Open,historical
I05B,2006,0,Open,historical
I05B,2007,0,Open,historical
I05B,2008,0,Open,historical
I05B,2009,0,Open,historical
I05B,2010,0,Open,historical
I05B,2011,0,Open,historical
I05B,2012,0,Open,historical
I05B,2013,0,Open,historical
I05B,2014,0,Open,historical
I05B,2015,0,Open,historical
I05B,2016,0,Open,historical
I05B,2017,0,Open,historical
I05B,2018,0,Open,historical
I05B,2019,0,Open,historical
I05B,2020,0,Open,historical
I05B,2021,0,Open,historical
I05B,2022,0,Open,current
I05B,2023,0,Open,current
I05B,2024,0,Open,current
I05B,2025,0,Open,current
I06B,1975,0,Open,current
I06B,1976,0,Open,current
I06B,1977,0,Open,current
I06B,1978,0,Open,current
I06B,1979,0,Open,current
I06B,1980,0,Open,current
I06B,1981,0,Open,current
I06B,1982,0,Open,current
I06B,1983,0,Open,current
I06B,1984,0,Open,current
I06B,1985,0,Open,current
I06B,1986,0,Open,current
I06B,1987,0,Open,current
I06B,1988,0,Open,current
I06B,1989,0,Open,current
I06B,1990,0,Open,current
I06B,1991,0,Open,current
I06B,1992,0,Open,current
I06B,1993,0,Open,current
I06B,1994,0,Open,current
I06B,1995,0,Open,current
I06B,1996,0,Open,current
I06B,1997,0,Open,historical
I06B,1998,0,Open,historical
I06B,1999,0,Open,historical
I06B,2000,0,Open,historical
I06B,2001,0,Open,historical
I06B,2002,0,Open,historical
I06B,2003,0,Open,historical
I06B,2004,0,Open,historical
I06B,2005,0,Open,historical
I06B,2006,0,Open,historical
I06B,2007,0,Open,historical
I06B,2008,0,Open,historical
I06B,2009,0,Open,historical
I06B,2010,0,Open,historical
I06B,2011,0,Open,historical
I06B,2012,0,Open,historical
I06B,2013,0,Open,historical
I06B,2014,0,Open,historical
I06B,2015,0,Open,historical
I06B,2016,0,Open,historical
I06B,2017,0,Open,historical
I06B,2018,0,Open,historical
I06B,2019,0,Open,historical
I06B,2020,0,Open,historical
I06B,2021,0,Open,historical
I06B,2022,0,Open,current
I06B,2023,0,Open,current
I06B,2024,0,Open,current
I06B,2025,0,Open,current
I07B,1975,0,Open,historical-outside-range
I07B,1976,0,Open,historical-outside-range
I07B,1977,0,Open,historical-outside-range
I07B,1978,0,Open,historical-outside-range
I07B,1979,0,Open,historical-outside-range
I07B,1980,0,Open,historical-outside-range
I07B,1981,0,Open,historical-outside-range
I07B,1982,0,Open,historical-outside-range
I07B,1983,0,Open,historical-outside-range
I07B,1984,0,Open,historical-outside-range
I07B,1985,0,Open,historical-outside-range
I07B,1986,0,Open,historical-outside-range
I07B,1987,0,Open,historical-outside-range
I07B,1988,0,Open,historical-outside-range
I07B,1989,0,Open,historical-outside-range
I07B,1990,0,Open,historical-outside-range
I07B,1991,0,Open,historical-outside-range
I07B,1992,0,Open,historical-outside-range
I07B,1993,0,Open,historical-outside-range
I07B,1994,0,Open,historical-outside-range
I07B,1995,0,Open,historical-outside-range
I07B,1996,0,Open,historical-outside-range
I07B,1997,0,Open,historical
I07B,1998,0,Open,historical
I07B,1999,0,Open,historical
I07B,2000,0,Open,historical
I07B,2001,0,Open,historical-outside-range
I07B,2002,0,Open,historical-outside-range
I07B,2003,0,Open,historical-outside-range
I07B,2004,0,Open,historical-outside-range
I07B,2005,0,Open,historical-outside-range
I07B,2006,0,Open,historical-outside-range
I07B,2007,0,Open,historical-outside-range
I07B,2008,0,Open,historical-outside-range
I07B,2009,0,Open,historical-outside-range
I07B,2010,0,Open,historical-outside-range
I07B,2011,0,Open,historical-outside-range
I07B,2012,0,Open,historical-outside-range
I07B,2013,0,Open,historical-outside-range
I07B,2014,0,Open,historical-outside-range
I07B,2015,0,Open,historical-outside-range
I07B,2016,0,Open,historical-outside-range
I07B,2017,0,Open,historical-outside-range
I07B,2018,0,Open,historical-outside-range
I07B,2019,0,Open,historical-outside-range
I07B,2020,0,Open,historical-outside-range
I07B,2021,0,Open,historical-outside-range
I07B,2022,0,Open,historical-outside-range
I07B,2023,0,Open,historical-outside-range
I07B,2024,0,Open,historical-outside-range
I07B,2025,0,Open,historical-outside-range
I09B,1975,0,Open,current
I09B,1976,0,Open,current
I09B,1977,0,Open,current
I09B,1978,0,Open,current
I09B,1979,0,Open,current
I09B,1980,0,Open,current
I09B,1981,0,Open,current
I09B,1982,0,Open,current
I09B,1983,0,Open,current
I09B,1984,0,Open,current
I09B,1985,0,Open,current
I09B,1986,0,Open,current
I09B,1987,0,Open,current
I09B,1988,0,Open,current
I09B,1989,0,Open,current
I09B,1990,0,Open,current
I09B,1991,0,Open,current
I09B,1992,0,Open,current
I09B,1993,0,Open,current
I09B,1994,0,Open,current
I09B,1995,0,Open,current
I09B,1996,0,Open,current
I09B,1997,0,Open,current
I09B,1998,0,Open,historical
I09B,1999,0,Open,historical
I09B,2000,0,Open,historical
I09B,2001,0,Open,historical
I09B,2002,0,Open,historical
I09B,2003,0,Open,historical
I09B,2004,0,Open,historical
I09B,2005,0,Open,historical
I09B,2006,0,Open,historical
I09B,2007,0,Open,historical
I09B,2008,0,Open,historical
I09B,2009,0,Open,historical
I09B,2010,0,Open,historical
I09B,2011,0,Open,historical
I09B,2012,0,Open,historical
I09B,2013,0,Open,historical
I09B,2014,0,Open,historical
I09B,2015,0,Open,historical
I09B,2016,0,Open,historical
I09B,2017,0,Open,historical
I09B,2018,0,Open,historical
I09B,2019,0,Open,historical
I09B,2020,0,Open,historical
I09B,2021,0,Open,historical
I09B,2022,0,Open,current
I09B,2023,0,Open,current
I09B,2024,0,Open,current
I09B,2025,0,Open,current
I25B,1975,0,Open,current
I25B,1976,0,Open,current
I25B,1977,0,Open,current
I25B,1978,0,Open,current
I25B,1979,0,Open,current
I25B,1980,0,Open,current
I25B,1981,0,Open,current
I25B,1982,0,Open,current
I25B,1983,0,Open,current
I25B,1984,0,Open,current
I25B,1985,0,Open,current
I25B,1986,0,Open,current
I25B,1987,0,Open,current
I25B,1988,0,Open,current
I25B,1989,0,Open,current
I25B,1990,0,Open,current
I25B,1991,0,Open,current
I25B,1992,0,Open,current
I25B,1993,0,Open,current
I25B,1994,0,Open,current
I25B,1995,0,Open,current
I25B,1996,0,Open,current
I25B,1997,0,Open,historical
I25B,1998,0,Open,historical
I25B,1999,0,Open,historical
I25B,2000,0,Open,historical
I25B,2001,0,Open,historical
I25B,2002,0,Open,historical
I25B,2003,0,Open,historical
I25B,2004,0,Open,historical
I25B,2005,0,Open,historical
I25B,2006,0,Open,historical
I25B,2007,0,Open,historical
I25B,2008,0,Open,historical
I25B,2009,0,Open,historical
I25B,2010,0,Open,historical
I25B,2011,0,Open,historical
I25B,2012,0,Open,historical
I25B,2013,0,Open,historical
I25B,2014,0,Open,historical
I25B,2015,0,Open,historical
I25B,2016,0,Open,historical
I25B,2017,0,Open,historical
I25B,2018,0,Open,historical
I25B,2019,0,Open,historical
I25B,2020,0,Open,historical
I25B,2021,0,Open,historical
I25B,2022,0,Open,current
I25B,2023,0,Open,current
I25B,2024,0,Open,current
I25B,2025,0,Open,current
I26B,1975,0,Open,current
I26B,1976,0,Open,current
I26B,1977,0,Open,current
I26B,1978,0,Open,current
I26B,1979,0,Open,current
I26B,1980,0,Open,current
I26B,1981,0,Open,current
I26B,1982,0,Open,current
I26B,1983,0,Open,current
I26B,1984,0,Open,current
I26B,1985,0,Open,current
I26B,1986,0,Open,current
I26B,1987,0,Open,current
I26B,1988,0,Open,current
I26B,1989,0,Open,current
I26B,1990,0,Open,current
I26B,1991,0,Open,current
I26B,1992,0,Open,current
I26B,1993,0,Open,current
I26B,1994,0,Open,current
I26B,1995,0,Open,current
I26B,1996,0,Open,current
I26B,1997,0,Open,historical
I26B,1998,0,Open,historical
I26B,1999,0,Open,historical
I26B,2000,0,Open,historical
I26B,2001,0,Open,historical
I26B,2002,0,Open,historical
I26B,2003,0,Open,historical
I26B,2004,0,Open,historical
I26B,2005,0,Open,historical
I26B,2006,0,Open,historical
I26B,2007,0,Open,historical
I26B,2008,0,Open,historical
I26B,2009,0,Open,historical
I26B,2010,0,Open,historical
I26B,2011,0,Open,historical
I26B,2012,0,Open,historical
I26B,2013,0,Open,historical
I26B,2014,0,Open,historical
I26B,2015,0,Open,historical
I26B,2016,0,Open,historical
I26B,2017,0,Open,historical
I26B,2018,0,Open,historical
I26B,2019,0,Open,historical
I26B,2020,0,Open,historical
I26B,2021,0,Open,historical
I26B,2022,0,Open,current
I26B,2023,0,Open,current
I26B,2024,0,Open,current
I26B,2025,0,Open,current
I61B,1975,0,Open,current
I61B,1976,0,Open,current
I61B,1977,0,Open,current
I61B,1978,0,Open,current
I61B,1979,0,Open,current
I61B,1980,0,Open,current
I61B,1981,0,Open,current
I61B,1982,0,Open,current
I61B,1983,0,Open,current
I61B,1984,0,Open,current
I61B,1985,0,Open,current
I61B,1986,0,Open,current
I61B,1987,0,Open,current
I61B,1988,0,Open,current
I61B,1989,0,Open,current
I61B,1990,0,Open,current
I61B,1991,0,Open,current
I61B,1992,0,Open,current
I61B,1993,0,Open,current
I61B,1994,0,Open,current
I61B,1995,0,Open,current
I61B,1996,0,Open,current
I61B,1997,0,Open,historical
I61B,1998,0,Open,historical
I61B,1999,0,Open,historical
I61B,2000,0,Open,historical
I61B,2001,0,Open,historical
I61B,2002,0,Open,historical
I61B,2003,0,Open,historical
I61B,2004,0,Open,historical
I61B,2005,0,Open,historical
I61B,2006,0,Open,historical
I61B,2007,0,Open,historical
I61B,2008,0,Open,historical
I61B,2009,0,Open,historical
I61B,2010,0,Open,historical
I61B,2011,0,Open,historical
I61B,2012,0,Open,historical
I61B,2013,0,Open,historical
I61B,2014,0,Open,historical
I61B,2015,0,Open,historical
I61B,2016,0,Open,historical
I61B,2017,0,Open,historical
I61B,2018,0,Open,historical
I61B,2019,0,Open,historical
I61B,2020,0,Open,historical
I61B,2021,0,Open,historical
I61B,2022,0,Open,current
I61B,2023,0,Open,current
I61B,2024,0,Open,current
I61B,2025,0,Open,current
I91B,1975,0,Open,current
I91B,1976,0,Open,current
I91B,1977,0,Open,current
I91B,1978,0,Open,current
I91B,1979,0,Open,current
I91B,1980,0,Open,current
I91B,1981,0,Open,current
I91B,1982,0,Open,current
I91B,1983,0,Open,current
I91B,1984,0,Open,current
I91B,1985,0,Open,current
I91B,1986,0,Open,current
I91B,1987,0,Open,current
I91B,1988,0,Open,current
I91B,1989,0,Open,current
I91B,1990,0,Open,current
I91B,1991,0,Open,current
I91B,1992,0,Open,current
I91B,1993,0,Open,current
I91B,1994,0,Open,current
I91B,1995,0,Open,current
I91B,1996,0,Open,current
I91B,1997,0,Open,historical
I91B,1998,0,Open,historical
I91B,1999,0,Open,historical
I91B,2000,0,Open,historical
I91B,2001,0,Open,historical
I91B,2002,0,Open,historical
I91B,2003,0,Open,historical
I91B,2004,0,Open,historical
I91B,2005,0,Open,historical
I91B,2006,0,Open,historical
I91B,2007,0,Open,historical
I91B,2008,0,Open,historical
I91B,2009,0,Open,historical
I91B,2010,0,Open,historical
I91B,2011,0,Open,historical
I91B,2012,0,Open,historical
I91B,2013,0,Open,historical
I91B,2014,0,Open,historical
I91B,2015,0,Open,historical
I91B,2016,0,Open,historical
I91B,2017,0,Open,historical
I91B,2018,0,Open,historical
I91B,2019,0,Open,historical
I91B,2020,0,Open,historical
I91B,2021,0,Open,historical
I91B,2022,0,Open,current
I91B,2023,0,Open,current
I91B,2024,0,Open,current
I91B,2025,0,Open,current
J11A,1975,1,Limited,current
J11A,1976,1,Limited,current
J11A,1977,1,Limited,current
J11A,1978,1,Limited,current
J11A,1979,1,Limited,current
J11A,1980,1,Limited,current
J11A,1981,1,Limited,current
J11A,1982,1,Limited,current
J11A,1983,1,Limited,current
J11A,1984,1,Limited,current
J11A,1985,1,Limited,current
J11A,1986,1,Limited,current
J11A,1987,1,Limited,current
J11A,1988,1,Limited,current
J11A,1989,1,Limited,current
J11A,1990,1,Limited,current
J11A,1991,1,Limited,current
J11A,1992,1,Limited,current
J11A,1993,1,Limited,current
J11A,1994,1,Limited,current
J11A,1995,1,Limited,current
J11A,1996,1,Limited,historical
J11A,1997,1,Limited,historical
J11A,1998,1,Limited,historical
J11A,1999,1,Limited,historical
J11A,2000,1,Limited,historical
J11A,2001,1,Limited,historical
J11A,2002,1,Limited,historical
J11A,2003,1,Limited,historical
J11A,2004,1,Limited,historical
J11A,2005,1,Limited,historical
J11A,2006,1,Limited,historical
J11A,2007,1,Limited,historical
J11A,2008,1,Limited,historical
J11A,2009,1,Limited,historical
J11A,2010,1,Limited,historical
J11A,2011,1,Limited,historical
J11A,2012,1,Limited,historical
J11A,2013,1,Limited,historical
J11A,2014,1,Limited,historical
J11A,2015,1,Limited,historical
J11A,2016,1,Limited,historical
J11A,2017,1,Limited,historical
J11A,2018,1,Limited,historical
J11A,2019,1,Limited,historical
J11A,2020,1,Limited,historical
J11A,2021,1,Limited,historical
J11A,2022,1,Limited,current
J11A,2023,1,Limited,current
J11A,2024,1,Limited,current
J11A,2025,1,Limited,current
J97A,1975,0,Open,current
J97A,1976,0,Open,current
J97A,1977,0,Open,current
J97A,1978,0,Open,current
J97A,1979,0,Open,current
J97A,1980,0,Open,current
J97A,1981,0,Open,current
J97A,1982,0,Open,current
J97A,1983,0,Open,current
J97A,1984,0,Open,current
J97A,1985,0,Open,current
J97A,1986,0,Open,current
J97A,1987,0,Open,current
J97A,1988,0,Open,current
J97A,1989,0,Open,current
J97A,1990,0,Open,current
J97A,1991,0,Open,current
J97A,1992,0,Open,current
J97A,1993,0,Open,current
J97A,1994,0,Open,current
J97A,1995,0,Open,current
J97A,1996,0,Open,current
J97A,1997,0,Open,current
J97A,1998,0,Open,current
J97A,1999,0,Open,current
J97A,2000,0,Open,current
J97A,2001,0,Open,current
J97A,2002,0,Open,current
J97A,2003,0,Open,current
J97A,2004,0,Open,current
J97A,2005,0,Open,current
J97A,2006,0,Open,current
J97A,2007,0,Open,current
J97A,2008,0,Open,current
J97A,2009,0,Open,current
J97A,2010,0,Open,current
J97A,2011,0,Open,current
J97A,2012,0,Open,current
J97A,2013,0,Open,current
J97A,2014,0,Open,current
J97A,2015,0,Open,current
J97A,2016,0,Open,current
J97A,2017,0,Open,current
J97A,2018,0,Open,current
J97A,2019,0,Open,current
J97A,2020,0,Open,current
J97A,2021,0,Open,current
J97A,2022,0,Open,current
J97A,2023,0,Open,current
J97A,2024,0,Open,current
J97A,2025,0,Open,current
K09A,1975,0,Open,historical
K09A,1976,0,Open,historical
K09A,1977,0,Open,historical
K09A,1978,0,Open,historical
K09A,1979,0,Open,historical
K09A,1980,0,Open,historical
K09A,1981,0,Open,historical
K09A,1982,0,Open,historical
K09A,1983,0,Open,historical
K09A,1984,0,Open,historical
K09A,1985,0,Open,historical-outside-range
K09A,1986,0,Open,historical-outside-range
K09A,1987,0,Open,historical-outside-range
K09A,1988,0,Open,historical-outside-range
K09A,1989,0,Open,historical-outside-range
K09A,1990,0,Open,historical-outside-range
K09A,1991,0,Open,historical-outside-range
K09A,1992,0,Open,historical-outside-range
K09A,1993,0,Open,historical-outside-range
K09A,1994,0,Open,historical-outside-range
K09A,1995,0,Open,historical-outside-range
K09A,1996,0,Open,historical-outside-range
K09A,1997,0,Open,historical-outside-range
K09A,1998,0,Open,historical-outside-range
K09A,1999,0,Open,historical-outside-range
K09A,2000,0,Open,historical-outside-range
K09A,2001,0,Open,historical-outside-range
K09A,2002,0,Open,historical-outside-range
K09A,2003,0,Open,historical-outside-range
K09A,2004,0,Open,historical-outside-range
K09A,2005,0,Open,historical-outside-range
K09A,2006,0,Open,historical-outside-range
K09A,2007,0,Open,historical-outside-range
K09A,2008,0,Open,historical-outside-range
K09A,2009,0,Open,historical-outside-range
K09A,2010,0,Open,historical-outside-range
K09A,2011,0,Open,historical-outside-range
K09A,2012,0,Open,historical-outside-range
K09A,2013,0,Open,historical-outside-range
K09A,2014,0,Open,historical-outside-range
K09A,2015,0,Open,historical-outside-range
K09A,2016,0,Open,historical-outside-range
K09A,2017,0,Open,historical-outside-range
K09A,2018,0,Open,historical-outside-range
K09A,2019,0,Open,historical-outside-range
K09A,2020,0,Open,historical-outside-range
K09A,2021,0,Open,historical-outside-range
K09A,2022,0,Open,historical-outside-range
K09A,2023,0,Open,historical-outside-range
K09A,2024,0,Open,historical-outside-range
K09A,2025,0,Open,historical-outside-range
K09D,1975,0,Open,current
K09D,1976,0,Open,current
K09D,1977,0,Open,current
K09D,1978,0,Open,current
K09D,1979,0,Open,current
K09D,1980,0,Open,current
K09D,1981,0,Open,current
K09D,1982,0,Open,current
K09D,1983,0,Open,current
K09D,1984,0,Open,current
K09D,1985,0,Open,historical
K09D,1986,0,Open,historical
K09D,1987,0,Open,historical
K09D,1988,0,Open,historical
K09D,1989,0,Open,historical
K09D,1990,0,Open,historical
K09D,1991,0,Open,historical
K09D,1992,0,Open,historical
K09D,1993,0,Open,historical
K09D,1994,0,Open,historical
K09D,1995,0,Open,historical
K09D,1996,0,Open,current
K09D,1997,0,Open,current
K09D,1998,0,Open,current
K09D,1999,0,Open,current
K09D,2000,0,Open,current
K09D,2001,0,Open,current
K09D,2002,0,Open,current
K09D,2003,0,Open,current
K09D,2004,0,Open,current
K09D,2005,0,Open,current
K09D,2006,0,Open,current
K09D,2007,0,Open,current
K09D,2008,0,Open,current
K09D,2009,0,Open,current
K09D,2010,0,Open,current
K09D,2011,0,Open,current
K09D,2012,0,Open,current
K09D,2013,0,Open,current
K09D,2014,0,Open,current
K09D,2015,0,Open,current
K09D,2016,0,Open,current
K09D,2017,0,Open,current
K09D,2018,0,Open,current
K09D,2019,0,Open,current
K09D,2020,0,Open,current
K09D,2021,0,Open,current
K09D,2022,0,Open,current
K09D,2023,0,Open,current
K09D,2024,0,Open,current
K09D,2025,0,Open,current
K09E,1975,0,Open,historical
K09E,1976,0,Open,historical
K09E,1977,0,Open,historical
K09E,1978,0,Open,historical
K09E,1979,0,Open,historical
K09E,1980,0,Open,historical
K09E,1981,0,Open,historical
K09E,1982,0,Open,historical
K09E,1983,0,Open,historical
K09E,1984,0,Open,historical
K09E,1985,0,Open,historical
K09E,1986,0,Open,historical
K09E,1987,0,Open,historical
K09E,1988,0,Open,historical
K09E,1989,0,Open,historical
K09E,1990,0,Open,historical
K09E,1991,0,Open,historical
K09E,1992,0,Open,historical
K09E,1993,0,Open,historical
K09E,1994,0,Open,historical
K09E,1995,0,Open,current
K09E,1996,0,Open,current
K09E,1997,0,Open,current
K09E,1998,0,Open,current
K09E,1999,0,Open,current
K09E,2000,0,Open,current
K09E,2001,0,Open,current
K09E,2002,0,Open,current
K09E,2003,0,Open,current
K09E,2004,0,Open,current
K09E,2005,0,Open,current
K09E,2006,0,Open,current
K09E,2007,0,Open,current
K09E,2008,0,Open,current
K09E,2009,0,Open,current
K09E,2010,0,Open,current
K09E,2011,0,Open,current
K09E,2012,0,Open,current
K09E,2013,0,Open,current
K09E,2014,0,Open,current
K09E,2015,0,Open,current
K09E,2016,0,Open,current
K09E,2017,0,Open,current
K09E,2018,0,Open,current
K09E,2019,0,Open,current
K09E,2020,0,Open,current
K09E,2021,0,Open,current
K09E,2022,0,Open,current
K09E,2023,0,Open,current
K09E,2024,0,Open,current
K09E,2025,0,Open,current
K09H,1975,0,Open,historical
K09H,1976,0,Open,historical
K09H,1977,0,Open,historical
K09H,1978,0,Open,historical
K09H,1979,0,Open,historical
K09H,1980,0,Open,historical
K09H,1981,0,Open,historical
K09H,1982,0,Open,historical
K09H,1983,0,Open,historical
K09H,1984,0,Open,historical
K09H,1985,0,Open,historical
K09H,1986,0,Open,historical
K09H,1987,0,Open,historical
K09H,1988,0,Open,historical
K09H,1989,0,Open,historical
K09H,1990,0,Open,historical
K09H,1991,0,Open,historical
K09H,1992,0,Open,historical
K09H,1993,0,Open,historical
K09H,1994,0,Open,historical
K09H,1995,0,Open,historical
K09H,1996,0,Open,current
K09H,1997,0,Open,current
K09H,1998,0,Open,current
K09H,1999,0,Open,current
K09H,2000,0,Open,current
K09H,2001,0,Open,current
K09H,2002,0,Open,current
K09H,2003,0,Open,current
K09H,2004,0,Open,current
K09H,2005,0,Open,current
K09H,2006,0,Open,current
K09H,2007,0,Open,current
K09H,2008,0,Open,current
K09H,2009,0,Open,current
K09H,2010,0,Open,current
K09H,2011,0,Open,current
K09H,2012,0,Open,current
K09H,2013,0,Open,current
K09H,2014,0,Open,current
K09H,2015,0,Open,current
K09H,2016,0,Open,current
K09H,2017,0,Open,current
K09H,2018,0,Open,current
K09H,2019,0,Open,current
K09H,2020,0,Open,current
K09H,2021,0,Open,current
K09H,2022,0,Open,current
K09H,2023,0,Open,current
K09H,2024,0,Open,current
K09H,2025,0,Open,current
K09K,1975,0,Open,historical
K09K,1976,0,Open,historical
K09K,1977,0,Open,historical
K09K,1978,0,Open,historical
K09K,1979,0,Open,historical
K09K,1980,0,Open,historical
K09K,1981,0,Open,historical
K09K,1982,0,Open,historical
K09K,1983,0,Open,historical
K09K,1984,0,Open,historical
K09K,1985,0,Open,historical
K09K,1986,0,Open,historical
K09K,1987,0,Open,historical
K09K,1988,0,Open,historical
K09K,1989,0,Open,historical
K09K,1990,0,Open,historical
K09K,1991,0,Open,current
K09K,1992,0,Open,current
K09K,1993,0,Open,current
K09K,1994,0,Open,current
K09K,1995,0,Open,current
K09K,1996,0,Open,current
K09K,1997,0,Open,current
K09K,1998,0,Open,current
K09K,1999,0,Open,current
K09K,2000,0,Open,current
K09K,2001,0,Open,current
K09K,2002,0,Open,current
K09K,2003,0,Open,current
K09K,2004,0,Open,current
K09K,2005,0,Open,current
K09K,2006,0,Open,current
K09K,2007,0,Open,current
K09K,2008,0,Open,current
K09K,2009,0,Open,current
K09K,2010,0,Open,current
K09K,2011,0,Open,current
K09K,2012,0,Open,current
K09K,2013,0,Open,current
K09K,2014,0,Open,current
K09K,2015,0,Open,current
K09K,2016,0,Open,current
K09K,2017,0,Open,current
K09K,2018,0,Open,current
K09K,2019,0,Open,current
K09K,2020,0,Open,current
K09K,2021,0,Open,current
K09K,2022,0,Open,current
K09K,2023,0,Open,current
K09K,2024,0,Open,current
K09K,2025,0,Open,current
K09M,1975,0,Open,historical
K09M,1976,0,Open,historical
K09M,1977,0,Open,historical
K09M,1978,0,Open,historical
K09M,1979,0,Open,historical
K09M,1980,0,Open,historical
K09M,1981,0,Open,historical
K09M,1982,0,Open,historical
K09M,1983,0,Open,historical
K09M,1984,0,Open,historical
K09M,1985,0,Open,historical
K09M,1986,0,Open,historical
K09M,1987,0,Open,historical
K09M,1988,0,Open,historical
K09M,1989,0,Open,historical
K09M,1990,0,Open,historical
K09M,1991,0,Open,historical
K09M,1992,0,Open,historical
K09M,1993,0,Open,historical
K09M,1994,0,Open,historical
K09M,1995,0,Open,historical
K09M,1996,0,Open,current
K09M,1997,0,Open,current
K09M,1998,0,Open,current
K09M,1999,0,Open,current
K09M,2000,0,Open,current
K09M,2001,0,Open,current
K09M,2002,0,Open,current
K09M,2003,0,Open,current
K09M,2004,0,Open,current
K09M,2005,0,Open,current
K09M,2006,0,Open,current
K09M,2007,0,Open,current
K09M,2008,0,Open,current
K09M,2009,0,Open,current
K09M,2010,0,Open,current
K09M,2011,0,Open,current
K09M,2012,0,Open,current
K09M,2013,0,Open,current
K09M,2014,0,Open,current
K09M,2015,0,Open,current
K09M,2016,0,Open,current
K09M,2017,0,Open,current
K09M,2018,0,Open,current
K09M,2019,0,Open,current
K09M,2020,0,Open,current
K09M,2021,0,Open,current
K09M,2022,0,Open,current
K09M,2023,0,Open,current
K09M,2024,0,Open,current
K09M,2025,0,Open,current
K09O,1975,0,Open,historical
K09O,1976,0,Open,historical
K09O,1977,0,Open,historical
K09O,1978,0,Open,historical
K09O,1979,0,Open,historical
K09O,1980,0,Open,historical
K09O,1981,0,Open,historical
K09O,1982,0,Open,historical
K09O,1983,0,Open,historical
K09O,1984,0,Open,historical
K09O,1985,0,Open,historical
K09O,1986,0,Open,historical
K09O,1987,0,Open,historical
K09O,1988,0,Open,historical
K09O,1989,0,Open,historical
K09O,1990,0,Open,historical
K09O,1991,0,Open,historical
K09O,1992,0,Open,historical
K09O,1993,0,Open,historical
K09O,1994,0,Open,historical
K09O,1995,0,Open,historical
K09O,1996,0,Open,current
K09O,1997,0,Open,current
K09O,1998,0,Open,current
K09O,1999,0,Open,current
K09O,2000,0,Open,current
K09O,2001,0,Open,current
K09O,2002,0,Open,current
K09O,2003,0,Open,current
K09O,2004,0,Open,current
K09O,2005,0,Open,current
K09O,2006,0,Open,current
K09O,2007,0,Open,current
K09O,2008,0,Open,current
K09O,2009,0,Open,current
K09O,2010,0,Open,current
K09O,2011,0,Open,current
K09O,2012,0,Open,current
K09O,2013,0,Open,current
K09O,2014,0,Open,current
K09O,2015,0,Open,current
K09O,2016,0,Open,current
K09O,2017,0,Open,current
K09O,2018,0,Open,current
K09O,2019,0,Open,current
K09O,2020,0,Open,current
K09O,2021,0,Open,current
K09O,2022,0,Open,current
K09O,2023,0,Open,current
K09O,2024,0,Open,current
K09O,2025,0,Open,current
K09OA,1975,0,Open,current
K09OA,1976,0,Open,current
K09OA,1977,0,Open,current
K09OA,1978,0,Open,current
K09OA,1979,0,Open,current
K09OA,1980,0,Open,current
K09OA,1981,0,Open,current
K09OA,1982,0,Open,current
K09OA,1983,0,Open,current
K09OA,1984,0,Open,current
K09OA,1985,0,Open,current
K09OA,1986,0,Open,current
K09OA,1987,0,Open,current
K09OA,1988,0,Open,current
K09OA,1989,0,Open,current
K09OA,1990,0,Open,current
K09OA,1991,0,Open,current
K09OA,1992,0,Open,current
K09OA,1993,0,Open,current
K09OA,1994,0,Open,current
K09OA,1995,0,Open,current
K09OA,1996,0,Open,current
K09OA,1997,0,Open,current
K09OA,1998,0,Open,current
K09OA,1999,0,Open,current
K09OA,2000,0,Open,current
K09OA,2001,0,Open,current
K09OA,2002,0,Open,current
K09OA,2003,0,Open,current
K09OA,2004,0,Open,current
K09OA,2005,0,Open,current
K09OA,2006,0,Open,historical
K09OA,2007,0,Open,historical
K09OA,2008,0,Open,historical
K09OA,2009,0,Open,historical
K09OA,2010,0,Open,historical
K09OA,2011,0,Open,historical
K09OA,2012,0,Open,historical
K09OA,2013,0,Open,historical
K09OA,2014,0,Open,historical
K09OA,2015,0,Open,historical
K09OA,2016,0,Open,historical
K09OA,2017,0,Open,historical
K09OA,2018,0,Open,historical
K09OA,2019,0,Open,historical
K09OA,2020,0,Open,historical
K09OA,2021,0,Open,historical
K09OA,2022,0,Open,current
K09OA,2023,0,Open,current
K09OA,2024,0,Open,current
K09OA,2025,0,Open,current
K09OB,1975,0,Open,current
K09OB,1976,0,Open,current
K09OB,1977,0,Open,current
K09OB,1978,0,Open,current
K09OB,1979,0,Open,current
K09OB,1980,0,Open,current
K09OB,1981,0,Open,current
K09OB,1982,0,Open,current
K09OB,1983,0,Open,current
K09OB,1984,0,Open,current
K09OB,1985,0,Open,current
K09OB,1986,0,Open,current
K09OB,1987,0,Open,current
K09OB,1988,0,Open,current
K09OB,1989,0,Open,current
K09OB,1990,0,Open,current
K09OB,1991,0,Open,current
K09OB,1992,0,Open,current
K09OB,1993,0,Open,current
K09OB,1994,0,Open,current
K09OB,1995,0,Open,current
K09OB,1996,0,Open,current
K09OB,1997,0,Open,current
K09OB,1998,0,Open,current
K09OB,1999,0,Open,current
K09OB,2000,0,Open,current
K09OB,2001,0,Open,current
K09OB,2002,0,Open,current
K09OB,2003,0,Open,current
K09OB,2004,0,Open,current
K09OB,2005,0,Open,current
K09OB,2006,0,Open,historical
K09OB,2007,0,Open,historical
K09OB,2008,0,Open,historical
K09OB,2009,0,Open,historical
K09OB,2010,0,Open,historical
K09OB,2011,0,Open,historical
K09OB,2012,0,Open,historical
K09OB,2013,0,Open,historical
K09OB,2014,0,Open,historical
K09OB,2015,0,Open,historical
K09OB,2016,0,Open,historical
K09OB,2017,0,Open,historical
K09OB,2018,0,Open,historical
K09OB,2019,0,Open,historical
K09OB,2020,0,Open,historical
K09OB,2021,0,Open,historical
K09OB,2022,0,Open,current
K09OB,2023,0,Open,current
K09OB,2024,0,Open,current
K09OB,2025,0,Open,current
K09OC,1975,0,Open,current
K09OC,1976,0,Open,current
K09OC,1977,0,Open,current
K09OC,1978,0,Open,current
K09OC,1979,0,Open,current
K09OC,1980,0,Open,current
K09OC,1981,0,Open,current
K09OC,1982,0,Open,current
K09OC,1983,0,Open,current
K09OC,1984,0,Open,current
K09OC,1985,0,Open,current
K09OC,1986,0,Open,current
K09OC,1987,0,Open,current
K09OC,1988,0,Open,current
K09OC,1989,0,Open,current
K09OC,1990,0,Open,current
K09OC,1991,0,Open,current
K09OC,1992,0,Open,current
K09OC,1993,0,Open,current
K09OC,1994,0,Open,current
K09OC,1995,0,Open,current
K09OC,1996,0,Open,current
K09OC,1997,0,Open,current
K09OC,1998,0,Open,current
K09OC,1999,0,Open,current
K09OC,2000,0,Open,current
K09OC,2001,0,Open,current
K09OC,2002,0,Open,current
K09OC,2003,0,Open,current
K09OC,2004,0,Open,current
K09OC,2005,0,Open,current
K09OC,2006,0,Open,historical
K09OC,2007,0,Open,historical
K09OC,2008,0,Open,historical
K09OC,2009,0,Open,historical
K09OC,2010,0,Open,historical
K09OC,2011,0,Open,historical
K09OC,2012,0,Open,historical
K09OC,2013,0,Open,historical
K09OC,2014,0,Open,historical
K09OC,2015,0,Open,historical
K09OC,2016,0,Open,historical
K09OC,2017,0,Open,historical
K09OC,2018,0,Open,historical
K09OC,2019,0,Open,historical
K09OC,2020,0,Open,historical
K09OC,2021,0,Open,historical
K09OC,2022,0,Open,current
K09OC,2023,0,Open,current
K09OC,2024,0,Open,current
K09OC,2025,0,Open,current
K09OD,1975,0,Open,current
K09OD,1976,0,Open,current
K09OD,1977,0,Open,current
K09OD,1978,0,Open,current
K09OD,1979,0,Open,current
K09OD,1980,0,Open,current
K09OD,1981,0,Open,current
K09OD,1982,0,Open,current
K09OD,1983,0,Open,current
K09OD,1984,0,Open,current
K09OD,1985,0,Open,current
K09OD,1986,0,Open,current
K09OD,1987,0,Open,current
K09OD,1988,0,Open,current
K09OD,1989,0,Open,current
K09OD,1990,0,Open,current
K09OD,1991,0,Open,current
K09OD,1992,0,Open,current
K09OD,1993,0,Open,current
K09OD,1994,0,Open,current
K09OD,1995,0,Open,current
K09OD,1996,0,Open,current
K09OD,1997,0,Open,current
K09OD,1998,0,Open,current
K09OD,1999,0,Open,current
K09OD,2000,0,Open,current
K09OD,2001,0,Open,current
K09OD,2002,0,Open,current
K09OD,2003,0,Open,current
K09OD,2004,0,Open,current
K09OD,2005,0,Open,current
K09OD,2006,0,Open,historical
K09OD,2007,0,Open,historical
K09OD,2008,0,Open,historical
K09OD,2009,0,Open,historical
K09OD,2010,0,Open,historical
K09OD,2011,0,Open,historical
K09OD,2012,0,Open,historical
K09OD,2013,0,Open,historical
K09OD,2014,0,Open,historical
K09OD,2015,0,Open,historical
K09OD,2016,0,Open,historical
K09OD,2017,0,Open,historical
K09OD,2018,0,Open,historical
K09OD,2019,0,Open,historical
K09OD,2020,0,Open,historical
K09OD,2021,0,Open,historical
K09OD,2022,0,Open,current
K09OD,2023,0,Open,current
K09OD,2024,0,Open,current
K09OD,2025,0,Open,current
K09OE,1975,0,Open,current
K09OE,1976,0,Open,current
K09OE,1977,0,Open,current
K09OE,1978,0,Open,current
K09OE,1979,0,Open,current
K09OE,1980,0,Open,current
K09OE,1981,0,Open,current
K09OE,1982,0,Open,current
K09OE,1983,0,Open,current
K09OE,1984,0,Open,current
K09OE,1985,0,Open,current
K09OE,1986,0,Open,current
K09OE,1987,0,Open,current
K09OE,1988,0,Open,current
K09OE,1989,0,Open,current
K09OE,1990,0,Open,current
K09OE,1991,0,Open,current
K09OE,1992,0,Open,current
K09OE,1993,0,Open,current
K09OE,1994,0,Open,current
K09OE,1995,0,Open,current
K09OE,1996,0,Open,current
K09OE,1997,0,Open,current
K09OE,1998,0,Open,current
K09OE,1999,0,Open,current
K09OE,2000,0,Open,current
K09OE,2001,0,Open,current
K09OE,2002,0,Open,current
K09OE,2003,0,Open,current
K09OE,2004,0,Open,current
K09OE,2005,0,Open,current
K09OE,2006,0,Open,historical
K09OE,2007,0,Open,historical
K09OE,2008,0,Open,historical
K09OE,2009,0,Open,historical
K09OE,2010,0,Open,historical
K09OE,2011,0,Open,historical
K09OE,2012,0,Open,historical
K09OE,2013,0,Open,historical
K09OE,2014,0,Open,historical
K09OE,2015,0,Open,historical
K09OE,2016,0,Open,historical
K09OE,2017,0,Open,historical
K09OE,2018,0,Open,historical
K09OE,2019,0,Open,historical
K09OE,2020,0,Open,historical
K09OE,2021,0,Open,historical
K09OE,2022,0,Open,current
K09OE,2023,0,Open,current
K09OE,2024,0,Open,current
K09OE,2025,0,Open,current
K09OF,1975,0,Open,current
K09OF,1976,0,Open,current
K09OF,1977,0,Open,current
K09OF,1978,0,Open,current
K09OF,1979,0,Open,current
K09OF,1980,0,Open,current
K09OF,1981,0,Open,current
K09OF,1982,0,Open,current
K09OF,1983,0,Open,current
K09OF,1984,0,Open,current
K09OF,1985,0,Open,current
K09OF,1986,0,Open,current
K09OF,1987,0,Open,current
K09OF,1988,0,Open,current
K09OF,1989,0,Open,current
K09OF,1990,0,Open,current
K09OF,1991,0,Open,current
K09OF,1992,0,Open,current
K09OF,1993,0,Open,current
K09OF,1994,0,Open,current
K09OF,1995,0,Open,current
K09OF,1996,0,Open,current
K09OF,1997,0,Open,current
K09OF,1998,0,Open,current
K09OF,1999,0,Open,current
K09OF,2000,0,Open,current
K09OF,2001,0,Open,current
K09OF,2002,0,Open,current
K09OF,2003,0,Open,current
K09OF,2004,0,Open,current
K09OF,2005,0,Open,current
K09OF,2006,0,Open,historical
K09OF,2007,0,Open,historical
K09OF,2008,0,Open,historical
K09OF,2009,0,Open,historical
K09OF,2010,0,Open,historical
K09OF,2011,0,Open,historical
K09OF,2012,0,Open,historical
K09OF,2013,0,Open,historical
K09OF,2014,0,Open,historical
K09OF,2015,0,Open,historical
K09OF,2016,0,Open,historical
K09OF,2017,0,Open,historical
K09OF,2018,0,Open,historical
K09OF,2019,0,Open,historical
K09OF,2020,0,Open,historical
K09OF,2021,0,Open,historical
K09OF,2022,0,Open,current
K09OF,2023,0,Open,current
K09OF,2024,0,Open,current
K09OF,2025,0,Open,current
K09OG,1975,0,Open,current
K09OG,1976,0,Open,current
K09OG,1977,0,Open,current
K09OG,1978,0,Open,current
K09OG,1979,0,Open,current
K09OG,1980,0,Open,current
K09OG,1981,0,Open,current
K09OG,1982,0,Open,current
K09OG,1983,0,Open,current
K09OG,1984,0,Open,current
K09OG,1985,0,Open,current
K09OG,1986,0,Open,current
K09OG,1987,0,Open,current
K09OG,1988,0,Open,current
K09OG,1989,0,Open,current
K09OG,1990,0,Open,current
K09OG,1991,0,Open,current
K09OG,1992,0,Open,current
K09OG,1993,0,Open,current
K09OG,1994,0,Open,current
K09OG,1995,0,Open,current
K09OG,1996,0,Open,current
K09OG,1997,0,Open,current
K09OG,1998,0,Open,current
K09OG,1999,0,Open,current
K09OG,2000,0,Open,current
K09OG,2001,0,Open,current
K09OG,2002,0,Open,current
K09OG,2003,0,Open,current
K09OG,2004,0,Open,current
K09OG,2005,0,Open,current
K09OG,2006,0,Open,historical
K09OG,2007,0,Open,historical
K09OG,2008,0,Open,historical
K09OG,2009,0,Open,historical
K09OG,2010,0,Open,historical
K09OG,2011,0,Open,historical
K09OG,2012,0,Open,historical
K09OG,2013,0,Open,historical
K09OG,2014,0,Open,historical
K09OG,2015,0,Open,historical
K09OG,2016,0,Open,historical
K09OG,2017,0,Open,historical
K09OG,2018,0,Open,historical
K09OG,2019,0,Open,historical
K09OG,2020,0,Open,historical
K09OG,2021,0,Open,historical
K09OG,2022,0,Open,current
K09OG,2023,0,Open,current
K09OG,2024,0,Open,current
K09OG,2025,0,Open,current
K09Q,1975,0,Open,historical
K09Q,1976,0,Open,historical
K09Q,1977,0,Open,historical
K09Q,1978,0,Open,historical
K09Q,1979,0,Open,historical
K09Q,1980,0,Open,historical
K09Q,1981,0,Open,historical
K09Q,1982,0,Open,historical
K09Q,1983,0,Open,historical
K09Q,1984,0,Open,historical
K09Q,1985,0,Open,historical
K09Q,1986,0,Open,historical
K09Q,1987,0,Open,historical
K09Q,1988,0,Open,historical
K09Q,1989,0,Open,historical
K09Q,1990,0,Open,historical
K09Q,1991,0,Open,historical
K09Q,1992,0,Open,historical
K09Q,1993,0,Open,historical
K09Q,1994,0,Open,historical
K09Q,1995,0,Open,historical
K09Q,1996,0,Open,current
K09Q,1997,0,Open,current
K09Q,1998,0,Open,current
K09Q,1999,0,Open,current
K09Q,2000,0,Open,current
K09Q,2001,0,Open,current
K09Q,2002,0,Open,current
K09Q,2003,0,Open,current
K09Q,2004,0,Open,current
K09Q,2005,0,Open,current
K09Q,2006,0,Open,current
K09Q,2007,0,Open,current
K09Q,2008,0,Open,current
K09Q,2009,0,Open,current
K09Q,2010,0,Open,current
K09Q,2011,0,Open,current
K09Q,2012,0,Open,current
K09Q,2013,0,Open,current
K09Q,2014,0,Open,current
K09Q,2015,0,Open,current
K09Q,2016,0,Open,current
K09Q,2017,0,Open,current
K09Q,2018,0,Open,current
K09Q,2019,0,Open,current
K09Q,2020,0,Open,current
K09Q,2021,0,Open,current
K09Q,2022,0,Open,current
K09Q,2023,0,Open,current
K09Q,2024,0,Open,current
K09Q,2025,0,Open,current
K09QA,1975,0,Open,current
K09QA,1976,0,Open,current
K09QA,1977,0,Open,current
K09QA,1978,0,Open,current
K09QA,1979,0,Open,current
K09QA,1980,0,Open,current
K09QA,1981,0,Open,current
K09QA,1982,0,Open,current
K09QA,1983,0,Open,current
K09QA,1984,0,Open,current
K09QA,1985,0,Open,current
K09QA,1986,0,Open,current
K09QA,1987,0,Open,current
K09QA,1988,0,Open,current
K09QA,1989,0,Open,current
K09QA,1990,0,Open,current
K09QA,1991,0,Open,current
K09QA,1992,0,Open,current
K09QA,1993,0,Open,current
K09QA,1994,0,Open,current
K09QA,1995,0,Open,current
K09QA,1996,0,Open,current
K09QA,1997,0,Open,current
K09QA,1998,0,Open,historical
K09QA,1999,0,Open,historical
K09QA,2000,0,Open,historical
K09QA,2001,0,Open,historical
K09QA,2002,0,Open,historical
K09QA,2003,0,Open,historical
K09QA,2004,0,Open,historical
K09QA,2005,0,Open,historical
K09QA,2006,0,Open,historical
K09QA,2007,0,Open,historical
K09QA,2008,0,Open,historical
K09QA,2009,0,Open,historical
K09QA,2010,0,Open,historical
K09QA,2011,0,Open,historical
K09QA,2012,0,Open,historical
K09QA,2013,0,Open,historical
K09QA,2014,0,Open,historical
K09QA,2015,0,Open,historical
K09QA,2016,0,Open,historical
K09QA,2017,0,Open,historical
K09QA,2018,0,Open,historical
K09QA,2019,0,Open,historical
K09QA,2020,0,Open,historical
K09QA,2021,0,Open,historical
K09QA,2022,0,Open,current
K09QA,2023,0,Open,current
K09QA,2024,0,Open,current
K09QA,2025,0,Open,current
K09QB,1975,0,Open,current
K09QB,1976,0,Open,current
K09QB,1977,0,Open,current
K09QB,1978,0,Open,current
K09QB,1979,0,Open,current
K09QB,1980,0,Open,current
K09QB,1981,0,Open,current
K09QB,1982,0,Open,current
K09QB,1983,0,Open,current
K09QB,1984,0,Open,current
K09QB,1985,0,Open,current
K09QB,1986,0,Open,current
K09QB,1987,0,Open,current
K09QB,1988,0,Open,current
K09QB,1989,0,Open,current
K09QB,1990,0,Open,current
K09QB,1991,0,Open,current
K09QB,1992,0,Open,current
K09QB,1993,0,Open,current
K09QB,1994,0,Open,current
K09QB,1995,0,Open,current
K09QB,1996,0,Open,current
K09QB,1997,0,Open,current
K09QB,1998,0,Open,historical
K09QB,1999,0,Open,historical
K09QB,2000,0,Open,historical
K09QB,2001,0,Open,historical
K09QB,2002,0,Open,historical
K09QB,2003,0,Open,historical
K09QB,2004,0,Open,historical
K09QB,2005,0,Open,historical
K09QB,2006,0,Open,historical
K09QB,2007,0,Open,historical
K09QB,2008,0,Open,historical
K09QB,2009,0,Open,historical
K09QB,2010,0,Open,historical
K09QB,2011,0,Open,historical
K09QB,2012,0,Open,historical
K09QB,2013,0,Open,historical
K09QB,2014,0,Open,historical
K09QB,2015,0,Open,historical
K09QB,2016,0,Open,historical
K09QB,2017,0,Open,historical
K09QB,2018,0,Open,historical
K09QB,2019,0,Open,historical
K09QB,2020,0,Open,historical
K09QB,2021,0,Open,historical
K09QB,2022,0,Open,current
K09QB,2023,0,Open,current
K09QB,2024,0,Open,current
K09QB,2025,0,Open,current
K09QC,1975,0,Open,current
K09QC,1976,0,Open,current
K09QC,1977,0,Open,current
K09QC,1978,0,Open,current
K09QC,1979,0,Open,current
K09QC,1980,0,Open,current
K09QC,1981,0,Open,current
K09QC,1982,0,Open,current
K09QC,1983,0,Open,current
K09QC,1984,0,Open,current
K09QC,1985,0,Open,current
K09QC,1986,0,Open,current
K09QC,1987,0,Open,current
K09QC,1988,0,Open,current
K09QC,1989,0,Open,current
K09QC,1990,0,Open,current
K09QC,1991,0,Open,current
K09QC,1992,0,Open,current
K09QC,1993,0,Open,current
K09QC,1994,0,Open,current
K09QC,1995,0,Open,current
K09QC,1996,0,Open,current
K09QC,1997,0,Open,current
K09QC,1998,0,Open,historical
K09QC,1999,0,Open,historical
K09QC,2000,0,Open,historical
K09QC,2001,0,Open,historical
K09QC,2002,0,Open,historical
K09QC,2003,0,Open,historical
K09QC,2004,0,Open,historical
K09QC,2005,0,Open,historical
K09QC,2006,0,Open,historical
K09QC,2007,0,Open,historical
K09QC,2008,0,Open,historical
K09QC,2009,0,Open,historical
K09QC,2010,0,Open,historical
K09QC,2011,0,Open,historical
K09QC,2012,0,Open,historical
K09QC,2013,0,Open,historical
K09QC,2014,0,Open,historical
K09QC,2015,0,Open,historical
K09QC,2016,0,Open,historical
K09QC,2017,0,Open,historical
K09QC,2018,0,Open,historical
K09QC,2019,0,Open,historical
K09QC,2020,0,Open,historical
K09QC,2021,0,Open,historical
K09QC,2022,0,Open,current
K09QC,2023,0,Open,current
K09QC,2024,0,Open,current
K09QC,2025,0,Open,current
K09QD,1975,0,Open,current
K09QD,1976,0,Open,current
K09QD,1977,0,Open,current
K09QD,1978,0,Open,current
K09QD,1979,0,Open,current
K09QD,1980,0,Open,current
K09QD,1981,0,Open,current
K09QD,1982,0,Open,current
K09QD,1983,0,Open,current
K09QD,1984,0,Open,current
K09QD,1985,0,Open,current
K09QD,1986,0,Open,current
K09QD,1987,0,Open,current
K09QD,1988,0,Open,current
K09QD,1989,0,Open,current
K09QD,1990,0,Open,current
K09QD,1991,0,Open,current
K09QD,1992,0,Open,current
K09QD,1993,0,Open,current
K09QD,1994,0,Open,current
K09QD,1995,0,Open,current
K09QD,1996,0,Open,current
K09QD,1997,0,Open,current
K09QD,1998,0,Open,historical
K09QD,1999,0,Open,historical
K09QD,2000,0,Open,historical
K09QD,2001,0,Open,historical
K09QD,2002,0,Open,historical
K09QD,2003,0,Open,historical
K09QD,2004,0,Open,historical
K09QD,2005,0,Open,historical
K09QD,2006,0,Open,historical
K09QD,2007,0,Open,historical
K09QD,2008,0,Open,historical
K09QD,2009,0,Open,historical
K09QD,2010,0,Open,historical
K09QD,2011,0,Open,historical
K09QD,2012,0,Open,historical
K09QD,2013,0,Open,historical
K09QD,2014,0,Open,historical
K09QD,2015,0,Open,historical
K09QD,2016,0,Open,historical
K09QD,2017,0,Open,historical
K09QD,2018,0,Open,historical
K09QD,2019,0,Open,historical
K09QD,2020,0,Open,historical
K09QD,2021,0,Open,historical
K09QD,2022,0,Open,current
K09QD,2023,0,Open,current
K09QD,2024,0,Open,current
K09QD,2025,0,Open,current
K09QE,1975,0,Open,current
K09QE,1976,0,Open,current
K09QE,1977,0,Open,current
K09QE,1978,0,Open,current
K09QE,1979,0,Open,current
K09QE,1980,0,Open,current
K09QE,1981,0,Open,current
K09QE,1982,0,Open,current
K09QE,1983,0,Open,current
K09QE,1984,0,Open,current
K09QE,1985,0,Open,current
K09QE,1986,0,Open,current
K09QE,1987,0,Open,current
K09QE,1988,0,Open,current
K09QE,1989,0,Open,current
K09QE,1990,0,Open,current
K09QE,1991,0,Open,current
K09QE,1992,0,Open,current
K09QE,1993,0,Open,current
K09QE,1994,0,Open,current
K09QE,1995,0,Open,current
K09QE,1996,0,Open,current
K09QE,1997,0,Open,current
K09QE,1998,0,Open,historical
K09QE,1999,0,Open,historical
K09QE,2000,0,Open,historical
K09QE,2001,0,Open,historical
K09QE,2002,0,Open,historical
K09QE,2003,0,Open,historical
K09QE,2004,0,Open,historical
K09QE,2005,0,Open,historical
K09QE,2006,0,Open,historical
K09QE,2007,0,Open,historical
K09QE,2008,0,Open,historical
K09QE,2009,0,Open,historical
K09QE,2010,0,Open,historical
K09QE,2011,0,Open,historical
K09QE,2012,0,Open,historical
K09QE,2013,0,Open,historical
K09QE,2014,0,Open,historical
K09QE,2015,0,Open,historical
K09QE,2016,0,Open,historical
K09QE,2017,0,Open,historical
K09QE,2018,0,Open,historical
K09QE,2019,0,Open,historical
K09QE,2020,0,Open,historical
K09QE,2021,0,Open,historical
K09QE,2022,0,Open,current
K09QE,2023,0,Open,current
K09QE,2024,0,Open,current
K09QE,2025,0,Open,current
K09QF,1975,0,Open,current
K09QF,1976,0,Open,current
K09QF,1977,0,Open,current
K09QF,1978,0,Open,current
K09QF,1979,0,Open,current
K09QF,1980,0,Open,current
K09QF,1981,0,Open,current
K09QF,1982,0,Open,current
K09QF,1983,0,Open,current
K09QF,1984,0,Open,current
K09QF,1985,0,Open,current
K09QF,1986,0,Open,current
K09QF,1987,0,Open,current
K09QF,1988,0,Open,current
K09QF,1989,0,Open,current
K09QF,1990,0,Open,current
K09QF,1991,0,Open,current
K09QF,1992,0,Open,current
K09QF,1993,0,Open,current
K09QF,1994,0,Open,current
K09QF,1995,0,Open,current
K09QF,1996,0,Open,current
K09QF,1997,0,Open,current
K09QF,1998,0,Open,historical
K09QF,1999,0,Open,historical
K09QF,2000,0,Open,historical
K09QF,2001,0,Open,historical
K09QF,2002,0,Open,historical
K09QF,2003,0,Open,historical
K09QF,2004,0,Open,historical
K09QF,2005,0,Open,historical
K09QF,2006,0,Open,historical
K09QF,2007,0,Open,historical
K09QF,2008,0,Open,historical
K09QF,2009,0,Open,historical
K09QF,2010,0,Open,historical
K09QF,2011,0,Open,historical
K09QF,2012,0,Open,historical
K09QF,2013,0,Open,historical
K09QF,2014,0,Open,historical
K09QF,2015,0,Open,historical
K09QF,2016,0,Open,historical
K09QF,2017,0,Open,historical
K09QF,2018,0,Open,historical
K09QF,2019,0,Open,historical
K09QF,2020,0,Open,historical
K09QF,2021,0,Open,historical
K09QF,2022,0,Open,current
K09QF,2023,0,Open,current
K09QF,2024,0,Open,current
K09QF,2025,0,Open,current
K09R,1975,0,Open,historical-outside-range
K09R,1976,0,Open,historical-outside-range
K09R,1977,0,Open,historical-outside-range
K09R,1978,0,Open,historical
K09R,1979,0,Open,historical
K09R,1980,0,Open,historical
K09R,1981,0,Open,historical
K09R,1982,0,Open,historical
K09R,1983,0,Open,historical
K09R,1984,0,Open,historical
K09R,1985,0,Open,historical
K09R,1986,0,Open,historical
K09R,1987,0,Open,historical
K09R,1988,0,Open,historical
K09R,1989,0,Open,historical
K09R,1990,0,Open,historical
K09R,1991,0,Open,historical-outside-range
K09R,1992,0,Open,historical-outside-range
K09R,1993,0,Open,historical-outside-range
K09R,1994,0,Open,historical-outside-range
K09R,1995,0,Open,historical-outside-range
K09R,1996,0,Open,historical-outside-range
K09R,1997,0,Open,historical-outside-range
K09R,1998,0,Open,historical-outside-range
K09R,1999,0,Open,historical-outside-range
K09R,2000,0,Open,historical-outside-range
K09R,2001,0,Open,historical-outside-range
K09R,2002,0,Open,historical-outside-range
K09R,2003,0,Open,historical-outside-range
K09R,2004,0,Open,historical-outside-range
K09R,2005,0,Open,historical-outside-range
K09R,2006,0,Open,historical-outside-range
K09R,2007,0,Open,historical-outside-range
K09R,2008,0,Open,historical-outside-range
K09R,2009,0,Open,historical-outside-range
K09R,2010,0,Open,historical-outside-range
K09R,2011,0,Open,historical-outside-range
K09R,2012,0,Open,historical-outside-range
K09R,2013,0,Open,historical-outside-range
K09R,2014,0,Open,historical-outside-range
K09R,2015,0,Open,historical-outside-range
K09R,2016,0,Open,historical-outside-range
K09R,2017,0,Open,historical-outside-range
K09R,2018,0,Open,historical-outside-range
K09R,2019,0,Open,historical-outside-range
K09R,2020,0,Open,historical-outside-range
K09R,2021,0,Open,historical-outside-range
K09R,2022,0,Open,historical-outside-range
K09R,2023,0,Open,historical-outside-range
K09R,2024,0,Open,historical-outside-range
K09R,2025,0,Open,historical-outside-range
K09S,1975,0,Open,historical-outside-range
K09S,1976,0,Open,historical-outside-range
K09S,1977,0,Open,historical
K09S,1978,0,Open,historical
K09S,1979,0,Open,historical-outside-range
K09S,1980,0,Open,historical-outside-range
K09S,1981,0,Open,historical-outside-range
K09S,1982,0,Open,historical-outside-range
K09S,1983,0,Open,historical-outside-range
K09S,1984,0,Open,historical-outside-range
K09S,1985,0,Open,historical-outside-range
K09S,1986,0,Open,historical-outside-range
K09S,1987,0,Open,historical-outside-range
K09S,1988,0,Open,historical-outside-range
K09S,1989,0,Open,historical-outside-range
K09S,1990,0,Open,historical-outside-range
K09S,1991,0,Open,historical-outside-range
K09S,1992,0,Open,historical-outside-range
K09S,1993,0,Open,historical-outside-range
K09S,1994,0,Open,historical-outside-range
K09S,1995,0,Open,historical-outside-range
K09S,1996,0,Open,historical-outside-range
K09S,1997,0,Open,historical-outside-range
K09S,1998,0,Open,historical-outside-range
K09S,1999,0,Open,historical-outside-range
K09S,2000,0,Open,historical-outside-range
K09S,2001,0,Open,historical-outside-range
K09S,2002,0,Open,historical-outside-range
K09S,2003,0,Open,historical-outside-range
K09S,2004,0,Open,historical-outside-range
K09S,2005,0,Open,historical-outside-range
K09S,2006,0,Open,historical-outside-range
K09S,2007,0,Open,historical-outside-range
K09S,2008,0,Open,historical-outside-range
K09S,2009,0,Open,historical-outside-range
K09S,2010,0,Open,historical-outside-range
K09S,2011,0,Open,historical-outside-range
K09S,2012,0,Open,historical-outside-range
K09S,2013,0,Open,historical-outside-range
K09S,2014,0,Open,historical-outside-range
K09S,2015,0,Open,historical-outside-range
K09S,2016,0,Open,historical-outside-range
K09S,2017,0,Open,historical-outside-range
K09S,2018,0,Open,historical-outside-range
K09S,2019,0,Open,historical-outside-range
K09S,2020,0,Open,historical-outside-range
K09S,2021,0,Open,historical-outside-range
K09S,2022,0,Open,historical-outside-range
K09S,2023,0,Open,historical-outside-range
K09S,2024,0,Open,historical-outside-range
K09S,2025,0,Open,historical-outside-range
K09T,1975,0,Open,current
K09T,1976,0,Open,current
K09T,1977,0,Open,current
K09T,1978,0,Open,current
K09T,1979,0,Open,current
K09T,1980,0,Open,current
K09T,1981,0,Open,historical
K09T,1982,0,Open,historical
K09T,1983,0,Open,historical
K09T,1984,0,Open,historical
K09T,1985,0,Open,historical
K09T,1986,0,Open,historical
K09T,1987,0,Open,historical
K09T,1988,0,Open,historical
K09T,1989,0,Open,historical
K09T,1990,0,Open,historical
K09T,1991,0,Open,historical
K09T,1992,0,Open,historical
K09T,1993,0,Open,historical
K09T,1994,0,Open,historical
K09T,1995,0,Open,historical
K09T,1996,0,Open,historical
K09T,1997,0,Open,current
K09T,1998,0,Open,current
K09T,1999,0,Open,current
K09T,2000,0,Open,current
K09T,2001,0,Open,current
K09T,2002,0,Open,current
K09T,2003,0,Open,current
K09T,2004,0,Open,current
K09T,2005,0,Open,current
K09T,2006,0,Open,current
K09T,2007,0,Open,current
K09T,2008,0,Open,current
K09T,2009,0,Open,current
K09T,2010,0,Open,current
K09T,2011,0,Open,current
K09T,2012,0,Open,current
K09T,2013,0,Open,current
K09T,2014,0,Open,current
K09T,2015,0,Open,current
K09T,2016,0,Open,current
K09T,2017,0,Open,current
K09T,2018,0,Open,current
K09T,2019,0,Open,current
K09T,2020,0,Open,current
K09T,2021,0,Open,current
K09T,2022,0,Open,current
K09T,2023,0,Open,current
K09T,2024,0,Open,current
K09T,2025,0,Open,current
K09TA,1975,0,Open,current
K09TA,1976,0,Open,current
K09TA,1977,0,Open,current
K09TA,1978,0,Open,current
K09TA,1979,0,Open,current
K09TA,1980,0,Open,current
K09TA,1981,0,Open,current
K09TA,1982,0,Open,current
K09TA,1983,0,Open,current
K09TA,1984,0,Open,current
K09TA,1985,0,Open,current
K09TA,1986,0,Open,current
K09TA,1987,0,Open,current
K09TA,1988,0,Open,current
K09TA,1989,0,Open,current
K09TA,1990,0,Open,current
K09TA,1991,0,Open,current
K09TA,1992,0,Open,current
K09TA,1993,0,Open,current
K09TA,1994,0,Open,current
K09TA,1995,0,Open,current
K09TA,1996,0,Open,current
K09TA,1997,0,Open,current
K09TA,1998,0,Open,historical
K09TA,1999,0,Open,historical
K09TA,2000,0,Open,historical
K09TA,2001,0,Open,historical
K09TA,2002,0,Open,historical
K09TA,2003,0,Open,historical
K09TA,2004,0,Open,historical
K09TA,2005,0,Open,historical
K09TA,2006,0,Open,historical
K09TA,2007,0,Open,historical
K09TA,2008,0,Open,historical
K09TA,2009,0,Open,historical
K09TA,2010,0,Open,historical
K09TA,2011,0,Open,historical
K09TA,2012,0,Open,historical
K09TA,2013,0,Open,historical
K09TA,2014,0,Open,historical
K09TA,2015,0,Open,historical
K09TA,2016,0,Open,historical
K09TA,2017,0,Open,historical
K09TA,2018,0,Open,historical
K09TA,2019,0,Open,historical
K09TA,2020,0,Open,historical
K09TA,2021,0,Open,historical
K09TA,2022,0,Open,current
K09TA,2023,0,Open,current
K09TA,2024,0,Open,current
K09TA,2025,0,Open,current
K09TB,1975,0,Open,current
K09TB,1976,0,Open,current
K09TB,1977,0,Open,current
K09TB,1978,0,Open,current
K09TB,1979,0,Open,current
K09TB,1980,0,Open,current
K09TB,1981,0,Open,current
K09TB,1982,0,Open,current
K09TB,1983,0,Open,current
K09TB,1984,0,Open,current
K09TB,1985,0,Open,current
K09TB,1986,0,Open,current
K09TB,1987,0,Open,current
K09TB,1988,0,Open,current
K09TB,1989,0,Open,current
K09TB,1990,0,Open,current
K09TB,1991,0,Open,current
K09TB,1992,0,Open,current
K09TB,1993,0,Open,current
K09TB,1994,0,Open,current
K09TB,1995,0,Open,current
K09TB,1996,0,Open,current
K09TB,1997,0,Open,current
K09TB,1998,0,Open,historical
K09TB,1999,0,Open,historical
K09TB,2000,0,Open,historical
K09TB,2001,0,Open,historical
K09TB,2002,0,Open,historical
K09TB,2003,0,Open,historical
K09TB,2004,0,Open,historical
K09TB,2005,0,Open,historical
K09TB,2006,0,Open,historical
K09TB,2007,0,Open,historical
K09TB,2008,0,Open,historical
K09TB,2009,0,Open,historical
K09TB,2010,0,Open,historical
K09TB,2011,0,Open,historical
K09TB,2012,0,Open,historical
K09TB,2013,0,Open,historical
K09TB,2014,0,Open,historical
K09TB,2015,0,Open,historical
K09TB,2016,0,Open,historical
K09TB,2017,0,Open,historical
K09TB,2018,0,Open,historical
K09TB,2019,0,Open,historical
K09TB,2020,0,Open,historical
K09TB,2021,0,Open,historical
K09TB,2022,0,Open,current
K09TB,2023,0,Open,current
K09TB,2024,0,Open,current
K09TB,2025,0,Open,current
K09TC,1975,0,Open,current
K09TC,1976,0,Open,current
K09TC,1977,0,Open,current
K09TC,1978,0,Open,current
K09TC,1979,0,Open,current
K09TC,1980,0,Open,current
K09TC,1981,0,Open,current
K09TC,1982,0,Open,current
K09TC,1983,0,Open,current
K09TC,1984,0,Open,current
K09TC,1985,0,Open,current
K09TC,1986,0,Open,current
K09TC,1987,0,Open,current
K09TC,1988,0,Open,current
K09TC,1989,0,Open,current
K09TC,1990,0,Open,current
K09TC,1991,0,Open,current
K09TC,1992,0,Open,current
K09TC,1993,0,Open,current
K09TC,1994,0,Open,current
K09TC,1995,0,Open,current
K09TC,1996,0,Open,current
K09TC,1997,0,Open,current
K09TC,1998,0,Open,current
K09TC,1999,0,Open,current
K09TC,2000,0,Open,current
K09TC,2001,0,Open,current
K09TC,2002,0,Open,current
K09TC,2003,0,Open,current
K09TC,2004,0,Open,current
K09TC,2005,0,Open,current
K09TC,2006,0,Open,historical
K09TC,2007,0,Open,historical
K09TC,2008,0,Open,historical
K09TC,2009,0,Open,historical
K09TC,2010,0,Open,historical
K09TC,2011,0,Open,historical
K09TC,2012,0,Open,historical
K09TC,2013,0,Open,historical
K09TC,2014,0,Open,historical
K09TC,2015,0,Open,historical
K09TC,2016,0,Open,historical
K09TC,2017,0,Open,historical
K09TC,2018,0,Open,historical
K09TC,2019,0,Open,historical
K09TC,2020,0,Open,historical
K09TC,2021,0,Open,historical
K09TC,2022,0,Open,current
K09TC,2023,0,Open,current
K09TC,2024,0,Open,current
K09TC,2025,0,Open,current
K09TD,1975,0,Open,current
K09TD,1976,0,Open,current
K09TD,1977,0,Open,current
K09TD,1978,0,Open,current
K09TD,1979,0,Open,current
K09TD,1980,0,Open,current
K09TD,1981,0,Open,current
K09TD,1982,0,Open,current
K09TD,1983,0,Open,current
K09TD,1984,0,Open,current
K09TD,1985,0,Open,current
K09TD,1986,0,Open,current
K09TD,1987,0,Open,current
K09TD,1988,0,Open,current
K09TD,1989,0,Open,current
K09TD,1990,0,Open,current
K09TD,1991,0,Open,current
K09TD,1992,0,Open,current
K09TD,1993,0,Open,current
K09TD,1994,0,Open,current
K09TD,1995,0,Open,current
K09TD,1996,0,Open,current
K09TD,1997,0,Open,current
K09TD,1998,0,Open,historical
K09TD,1999,0,Open,historical
K09TD,2000,0,Open,historical
K09TD,2001,0,Open,historical
K09TD,2002,0,Open,historical
K09TD,2003,0,Open,historical
K09TD,2004,0,Open,historical
K09TD,2005,0,Open,historical
K09TD,2006,0,Open,historical
K09TD,2007,0,Open,historical
K09TD,2008,0,Open,historical
K09TD,2009,0,Open,historical
K09TD,2010,0,Open,historical
K09TD,2011,0,Open,historical
K09TD,2012,0,Open,historical
K09TD,2013,0,Open,historical
K09TD,2014,0,Open,historical
K09TD,2015,0,Open,historical
K09TD,2016,0,Open,historical
K09TD,2017,0,Open,historical
K09TD,2018,0,Open,historical
K09TD,2019,0,Open,historical
K09TD,2020,0,Open,historical
K09TD,2021,0,Open,historical
K09TD,2022,0,Open,current
K09TD,2023,0,Open,current
K09TD,2024,0,Open,current
K09TD,2025,0,Open,current
K09TE,1975,0,Open,current
K09TE,1976,0,Open,current
K09TE,1977,0,Open,current
K09TE,1978,0,Open,current
K09TE,1979,0,Open,current
K09TE,1980,0,Open,current
K09TE,1981,0,Open,current
K09TE,1982,0,Open,current
K09TE,1983,0,Open,current
K09TE,1984,0,Open,current
K09TE,1985,0,Open,current
K09TE,1986,0,Open,current
K09TE,1987,0,Open,current
K09TE,1988,0,Open,current
K09TE,1989,0,Open,current
K09TE,1990,0,Open,current
K09TE,1991,0,Open,current
K09TE,1992,0,Open,current
K09TE,1993,0,Open,current
K09TE,1994,0,Open,current
K09TE,1995,0,Open,current
K09TE,1996,0,Open,current
K09TE,1997,0,Open,current
K09TE,1998,0,Open,historical
K09TE,1999,0,Open,historical
K09TE,2000,0,Open,historical
K09TE,2001,0,Open,historical
K09TE,2002,0,Open,historical
K09TE,2003,0,Open,historical
K09TE,2004,0,Open,historical
K09TE,2005,0,Open,historical
K09TE,2006,0,Open,historical
K09TE,2007,0,Open,historical
K09TE,2008,0,Open,historical
K09TE,2009,0,Open,historical
K09TE,2010,0,Open,historical
K09TE,2011,0,Open,historical
K09TE,2012,0,Open,historical
K09TE,2013,0,Open,historical
K09TE,2014,0,Open,historical
K09TE,2015,0,Open,historical
K09TE,2016,0,Open,historical
K09TE,2017,0,Open,historical
K09TE,2018,0,Open,historical
K09TE,2019,0,Open,historical
K09TE,2020,0,Open,historical
K09TE,2021,0,Open,historical
K09TE,2022,0,Open,current
K09TE,2023,0,Open,current
K09TE,2024,0,Open,current
K09TE,2025,0,Open,current
K09TF,1975,0,Open,current
K09TF,1976,0,Open,current
K09TF,1977,0,Open,current
K09TF,1978,0,Open,current
K09TF,1979,0,Open,current
K09TF,1980,0,Open,current
K09TF,1981,0,Open,current
K09TF,1982,0,Open,current
K09TF,1983,0,Open,current
K09TF,1984,0,Open,current
K09TF,1985,0,Open,current
K09TF,1986,0,Open,current
K09TF,1987,0,Open,current
K09TF,1988,0,Open,current
K09TF,1989,0,Open,current
K09TF,1990,0,Open,current
K09TF,1991,0,Open,current
K09TF,1992,0,Open,current
K09TF,1993,0,Open,current
K09TF,1994,0,Open,current
K09TF,1995,0,Open,current
K09TF,1996,0,Open,current
K09TF,1997,0,Open,current
K09TF,1998,0,Open,historical
K09TF,1999,0,Open,historical
K09TF,2000,0,Open,historical
K09TF,2001,0,Open,historical
K09TF,2002,0,Open,historical
K09TF,2003,0,Open,historical
K09TF,2004,0,Open,historical
K09TF,2005,0,Open,historical
K09TF,2006,0,Open,historical
K09TF,2007,0,Open,historical
K09TF,2008,0,Open,historical
K09TF,2009,0,Open,historical
K09TF,2010,0,Open,historical
K09TF,2011,0,Open,historical
K09TF,2012,0,Open,historical
K09TF,2013,0,Open,historical
K09TF,2014,0,Open,historical
K09TF,2015,0,Open,historical
K09TF,2016,0,Open,historical
K09TF,2017,0,Open,historical
K09TF,2018,0,Open,historical
K09TF,2019,0,Open,historical
K09TF,2020,0,Open,historical
K09TF,2021,0,Open,historical
K09TF,2022,0,Open,current
K09TF,2023,0,Open,current
K09TF,2024,0,Open,current
K09TF,2025,0,Open,current
K09X,1975,0,Open,current
K09X,1976,0,Open,current
K09X,1977,0,Open,current
K09X,1978,0,Open,current
K09X,1979,0,Open,historical
K09X,1980,0,Open,historical
K09X,1981,0,Open,historical
K09X,1982,0,Open,historical
K09X,1983,0,Open,historical
K09X,1984,0,Open,historical
K09X,1985,0,Open,historical
K09X,1986,0,Open,historical
K09X,1987,0,Open,historical
K09X,1988,0,Open,historical
K09X,1989,0,Open,historical
K09X,1990,0,Open,historical
K09X,1991,0,Open,historical
K09X,1992,0,Open,historical
K09X,1993,0,Open,historical
K09X,1994,0,Open,historical
K09X,1995,0,Open,historical
K09X,1996,0,Open,current
K09X,1997,0,Open,current
K09X,1998,0,Open,current
K09X,1999,0,Open,current
K09X,2000,0,Open,current
K09X,2001,0,Open,current
K09X,2002,0,Open,current
K09X,2003,0,Open,current
K09X,2004,0,Open,current
K09X,2005,0,Open,current
K09X,2006,0,Open,current
K09X,2007,0,Open,current
K09X,2008,0,Open,current
K09X,2009,0,Open,current
K09X,2010,0,Open,current
K09X,2011,0,Open,current
K09X,2012,0,Open,current
K09X,2013,0,Open,current
K09X,2014,0,Open,current
K09X,2015,0,Open,current
K09X,2016,0,Open,current
K09X,2017,0,Open,current
K09X,2018,0,Open,current
K09X,2019,0,Open,current
K09X,2020,0,Open,current
K09X,2021,0,Open,current
K09X,2022,0,Open,current
K09X,2023,0,Open,current
K09X,2024,0,Open,current
K09X,2025,0,Open,current
K09Z,1975,0,Open,current
K09Z,1976,0,Open,current
K09Z,1977,0,Open,current
K09Z,1978,0,Open,current
K09Z,1979,0,Open,historical
K09Z,1980,0,Open,historical
K09Z,1981,0,Open,historical
K09Z,1982,0,Open,historical
K09Z,1983,0,Open,historical
K09Z,1984,0,Open,historical
K09Z,1985,0,Open,historical
K09Z,1986,0,Open,historical
K09Z,1987,0,Open,historical
K09Z,1988,0,Open,historical
K09Z,1989,0,Open,historical
K09Z,1990,0,Open,historical
K09Z,1991,0,Open,historical
K09Z,1992,0,Open,historical
K09Z,1993,0,Open,historical
K09Z,1994,0,Open,historical
K09Z,1995,0,Open,historical
K09Z,1996,0,Open,current
K09Z,1997,0,Open,current
K09Z,1998,0,Open,current
K09Z,1999,0,Open,current
K09Z,2000,0,Open,current
K09Z,2001,0,Open,current
K09Z,2002,0,Open,current
K09Z,2003,0,Open,current
K09Z,2004,0,Open,current
K09Z,2005,0,Open,current
K09Z,2006,0,Open,current
K09Z,2007,0,Open,current
K09Z,2008,0,Open,current
K09Z,2009,0,Open,current
K09Z,2010,0,Open,current
K09Z,2011,0,Open,current
K09Z,2012,0,Open,current
K09Z,2013,0,Open,current
K09Z,2014,0,Open,current
K09Z,2015,0,Open,current
K09Z,2016,0,Open,current
K09Z,2017,0,Open,current
K09Z,2018,0,Open,current
K09Z,2019,0,Open,current
K09Z,2020,0,Open,current
K09Z,2021,0,Open,current
K09Z,2022,0,Open,current
K09Z,2023,0,Open,current
K09Z,2024,0,Open,current
K09Z,2025,0,Open,current
K09ZE,1975,0,Open,current
K09ZE,1976,0,Open,current
K09ZE,1977,0,Open,current
K09ZE,1978,0,Open,current
K09ZE,1979,0,Open,current
K09ZE,1980,0,Open,current
K09ZE,1981,0,Open,current
K09ZE,1982,0,Open,current
K09ZE,1983,0,Open,current
K09ZE,1984,0,Open,current
K09ZE,1985,0,Open,current
K09ZE,1986,0,Open,current
K09ZE,1987,0,Open,current
K09ZE,1988,0,Open,current
K09ZE,1989,0,Open,current
K09ZE,1990,0,Open,current
K09ZE,1991,0,Open,current
K09ZE,1992,0,Open,current
K09ZE,1993,0,Open,current
K09ZE,1994,0,Open,current
K09ZE,1995,0,Open,current
K09ZE,1996,0,Open,current
K09ZE,1997,0,Open,current
K09ZE,1998,0,Open,historical
K09ZE,1999,0,Open,historical
K09ZE,2000,0,Open,historical
K09ZE,2001,0,Open,historical
K09ZE,2002,0,Open,historical
K09ZE,2003,0,Open,historical
K09ZE,2004,0,Open,historical
K09ZE,2005,0,Open,historical
K09ZE,2006,0,Open,historical
K09ZE,2007,0,Open,historical
K09ZE,2008,0,Open,historical
K09ZE,2009,0,Open,historical
K09ZE,2010,0,Open,historical
K09ZE,2011,0,Open,historical
K09ZE,2012,0,Open,historical
K09ZE,2013,0,Open,historical
K09ZE,2014,0,Open,historical
K09ZE,2015,0,Open,historical
K09ZE,2016,0,Open,historical
K09ZE,2017,0,Open,historical
K09ZE,2018,0,Open,historical
K09ZE,2019,0,Open,historical
K09ZE,2020,0,Open,historical
K09ZE,2021,0,Open,historical
K09ZE,2022,0,Open,current
K09ZE,2023,0,Open,current
K09ZE,2024,0,Open,current
K09ZE,2025,0,Open,current
K09ZF,1975,0,Open,current
K09ZF,1976,0,Open,current
K09ZF,1977,0,Open,current
K09ZF,1978,0,Open,current
K09ZF,1979,0,Open,current
K09ZF,1980,0,Open,current
K09ZF,1981,0,Open,current
K09ZF,1982,0,Open,current
K09ZF,1983,0,Open,current
K09ZF,1984,0,Open,current
K09ZF,1985,0,Open,current
K09ZF,1986,0,Open,current
K09ZF,1987,0,Open,current
K09ZF,1988,0,Open,current
K09ZF,1989,0,Open,current
K09ZF,1990,0,Open,current
K09ZF,1991,0,Open,current
K09ZF,1992,0,Open,current
K09ZF,1993,0,Open,current
K09ZF,1994,0,Open,current
K09ZF,1995,0,Open,current
K09ZF,1996,0,Open,current
K09ZF,1997,0,Open,current
K09ZF,1998,0,Open,current
K09ZF,1999,0,Open,current
K09ZF,2000,0,Open,current
K09ZF,2001,0,Open,current
K09ZF,2002,0,Open,current
K09ZF,2003,0,Open,current
K09ZF,2004,0,Open,current
K09ZF,2005,0,Open,current
K09ZF,2006,0,Open,current
K09ZF,2007,0,Open,current
K09ZF,2008,0,Open,current
K09ZF,2009,0,Open,current
K09ZF,2010,0,Open,current
K09ZF,2011,0,Open,current
K09ZF,2012,0,Open,current
K09ZF,2013,0,Open,current
K09ZF,2014,0,Open,current
K09ZF,2015,0,Open,current
K09ZF,2016,0,Open,current
K09ZF,2017,0,Open,current
K09ZF,2018,0,Open,current
K09ZF,2019,0,Open,current
K09ZF,2020,0,Open,current
K09ZF,2021,0,Open,current
K09ZF,2022,0,Open,current
K09ZF,2023,0,Open,current
K09ZF,2024,0,Open,current
K09ZF,2025,0,Open,current
K10A,1975,0,Open,historical-outside-range
K10A,1976,0,Open,historical-outside-range
K10A,1977,0,Open,historical-outside-range
K10A,1978,0,Open,historical-outside-range
K10A,1979,0,Open,historical-outside-range
K10A,1980,0,Open,historical-outside-range
K10A,1981,0,Open,historical-outside-range
K10A,1982,0,Open,historical-outside-range
K10A,1983,0,Open,historical-outside-range
K10A,1984,0,Open,historical-outside-range
K10A,1985,0,Open,historical-outside-range
K10A,1986,0,Open,historical-outside-range
K10A,1987,0,Open,historical-outside-range
K10A,1988,0,Open,historical-outside-range
K10A,1989,0,Open,historical-outside-range
K10A,1990,0,Open,historical-outside-range
K10A,1991,0,Open,historical-outside-range
K10A,1992,0,Open,historical-outside-range
K10A,1993,0,Open,historical-outside-range
K10A,1994,0,Open,historical-outside-range
K10A,1995,0,Open,historical-outside-range
K10A,1996,0,Open,historical-outside-range
K10A,1997,0,Open,historical-outside-range
K10A,1998,0,Open,historical-outside-range
K10A,1999,0,Open,historical-outside-range
K10A,2000,0,Open,historical-outside-range
K10A,2001,0,Open,historical-outside-range
K10A,2002,0,Open,historical-outside-range
K10A,2003,0,Open,historical-outside-range
K10A,2004,0,Open,historical-outside-range
K10A,2005,0,Open,historical-outside-range
K10A,2006,0,Open,historical-outside-range
K10A,2007,0,Open,historical-outside-range
K10A,2008,0,Open,historical-outside-range
K10A,2009,0,Open,historical-outside-range
K10A,2010,0,Open,historical-outside-range
K10A,2011,0,Open,historical-outside-range
K10A,2012,0,Open,historical-outside-range
K10A,2013,0,Open,historical-outside-range
K10A,2014,0,Open,historical-outside-range
K10A,2015,0,Open,historical-outside-range
K10A,2016,0,Open,historical-outside-range
K10A,2017,0,Open,historical-outside-range
K10A,2018,0,Open,historical-outside-range
K10A,2019,0,Open,historical-outside-range
K10A,2020,0,Open,historical-outside-range
K10A,2021,0,Open,historical-outside-range
K10A,2022,0,Open,historical-outside-range
K10A,2023,0,Open,historical-outside-range
K10A,2024,0,Open,historical-outside-range
K10A,2025,0,Open,historical-outside-range
K19A,1975,1,Limited,current
K19A,1976,1,Limited,current
K19A,1977,1,Limited,current
K19A,1978,1,Limited,current
K19A,1979,1,Limited,current
K19A,1980,1,Limited,current
K19A,1981,1,Limited,current
K19A,1982,1,Limited,current
K19A,1983,1,Limited,current
K19A,1984,1,Limited,current
K19A,1985,1,Limited,historical
K19A,1986,1,Limited,historical
K19A,1987,1,Limited,historical
K19A,1988,1,Limited,historical
K19A,1989,1,Limited,historical
K19A,1990,1,Limited,historical
K19A,1991,1,Limited,historical
K19A,1992,1,Limited,historical
K19A,1993,1,Limited,historical
K19A,1994,1,Limited,historical
K19A,1995,1,Limited,historical
K19A,1996,1,Limited,historical
K19A,1997,1,Limited,historical
K19A,1998,1,Limited,historical
K19A,1999,1,Limited,historical
K19A,2000,1,Limited,historical
K19A,2001,1,Limited,historical
K19A,2002,1,Limited,historical
K19A,2003,1,Limited,historical
K19A,2004,1,Limited,historical
K19A,2005,1,Limited,historical
K19A,2006,1,Limited,historical
K19A,2007,1,Limited,historical
K19A,2008,1,Limited,historical
K19A,2009,1,Limited,historical
K19A,2010,1,Limited,historical
K19A,2011,1,Limited,historical
K19A,2012,1,Limited,historical
K19A,2013,1,Limited,historical
K19A,2014,1,Limited,historical
K19A,2015,1,Limited,historical
K19A,2016,1,Limited,historical
K19A,2017,1,Limited,historical
K19A,2018,1,Limited,historical
K19A,2019,1,Limited,historical
K19A,2020,1,Limited,historical
K19A,2021,1,Limited,historical
K19A,2022,1,Limited,current
K19A,2023,1,Limited,current
K19A,2024,1,Limited,current
K19A,2025,1,Limited,current
K29A,1975,1,Limited,current
K29A,1976,1,Limited,current
K29A,1977,1,Limited,current
K29A,1978,1,Limited,current
K29A,1979,1,Limited,current
K29A,1980,1,Limited,current
K29A,1981,1,Limited,current
K29A,1982,1,Limited,current
K29A,1983,1,Limited,current
K29A,1984,1,Limited,current
K29A,1985,1,Limited,historical
K29A,1986,1,Limited,historical
K29A,1987,1,Limited,historical
K29A,1988,1,Limited,historical
K29A,1989,1,Limited,historical
K29A,1990,1,Limited,historical
K29A,1991,1,Limited,historical
K29A,1992,1,Limited,historical
K29A,1993,1,Limited,historical
K29A,1994,1,Limited,historical
K29A,1995,1,Limited,historical
K29A,1996,1,Limited,historical
K29A,1997,1,Limited,historical
K29A,1998,1,Limited,historical
K29A,1999,1,Limited,historical
K29A,2000,1,Limited,historical
K29A,2001,1,Limited,historical
K29A,2002,1,Limited,historical
K29A,2003,1,Limited,historical
K29A,2004,1,Limited,historical
K29A,2005,1,Limited,historical
K29A,2006,1,Limited,historical
K29A,2007,1,Limited,historical
K29A,2008,1,Limited,historical
K29A,2009,1,Limited,historical
K29A,2010,1,Limited,historical
K29A,2011,1,Limited,historical
K29A,2012,1,Limited,historical
K29A,2013,1,Limited,historical
K29A,2014,1,Limited,historical
K29A,2015,1,Limited,historical
K29A,2016,1,Limited,historical
K29A,2017,1,Limited,historical
K29A,2018,1,Limited,historical
K29A,2019,1,Limited,historical
K29A,2020,1,Limited,historical
K29A,2021,1,Limited,historical
K29A,2022,1,Limited,current
K29A,2023,1,Limited,current
K29A,2024,1,Limited,current
K29A,2025,1,Limited,current
K39A,1975,1,Limited,current
K39A,1976,1,Limited,current
K39A,1977,1,Limited,current
K39A,1978,1,Limited,current
K39A,1979,1,Limited,current
K39A,1980,1,Limited,current
K39A,1981,1,Limited,current
K39A,1982,1,Limited,current
K39A,1983,1,Limited,current
K39A,1984,1,Limited,current
K39A,1985,1,Limited,current
K39A,1986,1,Limited,historical
K39A,1987,1,Limited,historical
K39A,1988,1,Limited,historical
K39A,1989,1,Limited,historical
K39A,1990,1,Limited,historical
K39A,1991,1,Limited,historical
K39A,1992,1,Limited,historical
K39A,1993,1,Limited,historical
K39A,1994,1,Limited,historical
K39A,1995,1,Limited,historical
K39A,1996,1,Limited,historical
K39A,1997,1,Limited,historical
K39A,1998,1,Limited,historical
K39A,1999,1,Limited,historical
K39A,2000,1,Limited,historical
K39A,2001,1,Limited,historical
K39A,2002,1,Limited,historical
K39A,2003,1,Limited,historical
K39A,2004,1,Limited,historical
K39A,2005,1,Limited,historical
K39A,2006,1,Limited,historical
K39A,2007,1,Limited,historical
K39A,2008,1,Limited,historical
K39A,2009,1,Limited,historical
K39A,2010,1,Limited,historical
K39A,2011,1,Limited,historical
K39A,2012,1,Limited,historical
K39A,2013,1,Limited,historical
K39A,2014,1,Limited,historical
K39A,2015,1,Limited,historical
K39A,2016,1,Limited,historical
K39A,2017,1,Limited,historical
K39A,2018,1,Limited,historical
K39A,2019,1,Limited,historical
K39A,2020,1,Limited,historical
K39A,2021,1,Limited,historical
K39A,2022,1,Limited,current
K39A,2023,1,Limited,current
K39A,2024,1,Limited,current
K39A,2025,1,Limited,current
K49A,1975,1,Limited,current
K49A,1976,1,Limited,current
K49A,1977,1,Limited,current
K49A,1978,1,Limited,current
K49A,1979,1,Limited,current
K49A,1980,1,Limited,current
K49A,1981,1,Limited,current
K49A,1982,1,Limited,current
K49A,1983,1,Limited,current
K49A,1984,1,Limited,current
K49A,1985,1,Limited,historical
K49A,1986,1,Limited,historical
K49A,1987,1,Limited,historical
K49A,1988,1,Limited,historical
K49A,1989,1,Limited,historical
K49A,1990,1,Limited,historical
K49A,1991,1,Limited,historical
K49A,1992,1,Limited,historical
K49A,1993,1,Limited,historical
K49A,1994,1,Limited,historical
K49A,1995,1,Limited,historical
K49A,1996,1,Limited,historical
K49A,1997,1,Limited,historical
K49A,1998,1,Limited,historical
K49A,1999,1,Limited,historical
K49A,2000,1,Limited,historical
K49A,2001,1,Limited,historical
K49A,2002,1,Limited,historical
K49A,2003,1,Limited,historical
K49A,2004,1,Limited,historical
K49A,2005,1,Limited,historical
K49A,2006,1,Limited,historical
K49A,2007,1,Limited,historical
K49A,2008,1,Limited,historical
K49A,2009,1,Limited,historical
K49A,2010,1,Limited,historical
K49A,2011,1,Limited,historical
K49A,2012,1,Limited,historical
K49A,2013,1,Limited,historical
K49A,2014,1,Limited,historical
K49A,2015,1,Limited,historical
K49A,2016,1,Limited,historical
K49A,2017,1,Limited,historical
K49A,2018,1,Limited,historical
K49A,2019,1,Limited,historical
K49A,2020,1,Limited,historical
K49A,2021,1,Limited,historical
K49A,2022,1,Limited,current
K49A,2023,1,Limited,current
K49A,2024,1,Limited,current
K49A,2025,1,Limited,current
K59A,1975,1,Limited,current
K59A,1976,1,Limited,current
K59A,1977,1,Limited,current
K59A,1978,1,Limited,current
K59A,1979,1,Limited,current
K59A,1980,1,Limited,current
K59A,1981,1,Limited,current
K59A,1982,1,Limited,current
K59A,1983,1,Limited,current
K59A,1984,1,Limited,current
K59A,1985,1,Limited,historical
K59A,1986,1,Limited,historical
K59A,1987,1,Limited,historical
K59A,1988,1,Limited,historical
K59A,1989,1,Limited,historical
K59A,1990,1,Limited,historical
K59A,1991,1,Limited,historical
K59A,1992,1,Limited,historical
K59A,1993,1,Limited,historical
K59A,1994,1,Limited,historical
K59A,1995,1,Limited,historical
K59A,1996,1,Limited,historical
K59A,1997,1,Limited,historical
K59A,1998,1,Limited,historical
K59A,1999,1,Limited,historical
K59A,2000,1,Limited,historical
K59A,2001,1,Limited,historical
K59A,2002,1,Limited,historical
K59A,2003,1,Limited,historical
K59A,2004,1,Limited,historical
K59A,2005,1,Limited,historical
K59A,2006,1,Limited,historical
K59A,2007,1,Limited,historical
K59A,2008,1,Limited,historical
K59A,2009,1,Limited,historical
K59A,2010,1,Limited,historical
K59A,2011,1,Limited,historical
K59A,2012,1,Limited,historical
K59A,2013,1,Limited,historical
K59A,2014,1,Limited,historical
K59A,2015,1,Limited,historical
K59A,2016,1,Limited,historical
K59A,2017,1,Limited,historical
K59A,2018,1,Limited,historical
K59A,2019,1,Limited,historical
K59A,2020,1,Limited,historical
K59A,2021,1,Limited,historical
K59A,2022,1,Limited,current
K59A,2023,1,Limited,current
K59A,2024,1,Limited,current
K59A,2025,1,Limited,current
K69A,1975,1,Limited,current
K69A,1976,1,Limited,current
K69A,1977,1,Limited,current
K69A,1978,1,Limited,current
K69A,1979,1,Limited,current
K69A,1980,1,Limited,current
K69A,1981,1,Limited,current
K69A,1982,1,Limited,current
K69A,1983,1,Limited,current
K69A,1984,1,Limited,current
K69A,1985,1,Limited,historical
K69A,1986,1,Limited,historical
K69A,1987,1,Limited,historical
K69A,1988,1,Limited,historical
K69A,1989,1,Limited,historical
K69A,1990,1,Limited,historical
K69A,1991,1,Limited,historical
K69A,1992,1,Limited,historical
K69A,1993,1,Limited,historical
K69A,1994,1,Limited,historical
K69A,1995,1,Limited,historical
K69A,1996,1,Limited,historical
K69A,1997,1,Limited,historical
K69A,1998,1,Limited,historical
K69A,1999,1,Limited,historical
K69A,2000,1,Limited,historical
K69A,2001,1,Limited,historical
K69A,2002,1,Limited,historical
K69A,2003,1,Limited,historical
K69A,2004,1,Limited,historical
K69A,2005,1,Limited,historical
K69A,2006,1,Limited,historical
K69A,2007,1,Limited,historical
K69A,2008,1,Limited,historical
K69A,2009,1,Limited,historical
K69A,2010,1,Limited,historical
K69A,2011,1,Limited,historical
K69A,2012,1,Limited,historical
K69A,2013,1,Limited,historical
K69A,2014,1,Limited,historical
K69A,2015,1,Limited,historical
K69A,2016,1,Limited,historical
K69A,2017,1,Limited,historical
K69A,2018,1,Limited,historical
K69A,2019,1,Limited,historical
K69A,2020,1,Limited,historical
K69A,2021,1,Limited,historical
K69A,2022,1,Limited,current
K69A,2023,1,Limited,current
K69A,2024,1,Limited,current
K69A,2025,1,Limited,current
K91A,1975,0,Open,historical
K91A,1976,0,Open,historical
K91A,1977,0,Open,historical
K91A,1978,0,Open,historical
K91A,1979,0,Open,historical
K91A,1980,0,Open,historical
K91A,1981,0,Open,historical
K91A,1982,0,Open,historical
K91A,1983,0,Open,historical
K91A,1984,0,Open,historical
K91A,1985,0,Open,historical-outside-range
K91A,1986,0,Open,historical-outside-range
K91A,1987,0,Open,historical-outside-range
K91A,1988,0,Open,historical-outside-range
K91A,1989,0,Open,historical-outside-range
K91A,1990,0,Open,historical-outside-range
K91A,1991,0,Open,historical-outside-range
K91A,1992,0,Open,historical-outside-range
K91A,1993,0,Open,historical-outside-range
K91A,1994,0,Open,historical-outside-range
K91A,1995,0,Open,historical-outside-range
K91A,1996,0,Open,historical-outside-range
K91A,1997,0,Open,historical-outside-range
K91A,1998,0,Open,historical-outside-range
K91A,1999,0,Open,historical-outside-range
K91A,2000,0,Open,historical-outside-range
K91A,2001,0,Open,historical-outside-range
K91A,2002,0,Open,historical-outside-range
K91A,2003,0,Open,historical-outside-range
K91A,2004,0,Open,historical-outside-range
K91A,2005,0,Open,historical-outside-range
K91A,2006,0,Open,historical-outside-range
K91A,2007,0,Open,historical-outside-range
K91A,2008,0,Open,historical-outside-range
K91A,2009,0,Open,historical-outside-range
K91A,2010,0,Open,historical-outside-range
K91A,2011,0,Open,historical-outside-range
K91A,2012,0,Open,historical-outside-range
K91A,2013,0,Open,historical-outside-range
K91A,2014,0,Open,historical-outside-range
K91A,2015,0,Open,historical-outside-range
K91A,2016,0,Open,historical-outside-range
K91A,2017,0,Open,historical-outside-range
K91A,2018,0,Open,historical-outside-range
K91A,2019,0,Open,historical-outside-range
K91A,2020,0,Open,historical-outside-range
K91A,2021,0,Open,historical-outside-range
K91A,2022,0,Open,historical-outside-range
K91A,2023,0,Open,historical-outside-range
K91A,2024,0,Open,historical-outside-range
K91A,2025,0,Open,historical-outside-range
K91D,1975,0,Open,current
K91D,1976,0,Open,current
K91D,1977,0,Open,current
K91D,1978,0,Open,current
K91D,1979,0,Open,current
K91D,1980,0,Open,current
K91D,1981,0,Open,current
K91D,1982,0,Open,current
K91D,1983,0,Open,current
K91D,1984,0,Open,current
K91D,1985,0,Open,current
K91D,1986,0,Open,current
K91D,1987,0,Open,current
K91D,1988,0,Open,current
K91D,1989,0,Open,current
K91D,1990,0,Open,current
K91D,1991,0,Open,current
K91D,1992,0,Open,current
K91D,1993,0,Open,historical
K91D,1994,0,Open,historical
K91D,1995,0,Open,historical
K91D,1996,0,Open,historical
K91D,1997,0,Open,current
K91D,1998,0,Open,current
K91D,1999,0,Open,current
K91D,2000,0,Open,current
K91D,2001,0,Open,current
K91D,2002,0,Open,current
K91D,2003,0,Open,current
K91D,2004,0,Open,current
K91D,2005,0,Open,current
K91D,2006,0,Open,current
K91D,2007,0,Open,current
K91D,2008,0,Open,current
K91D,2009,0,Open,current
K91D,2010,0,Open,current
K91D,2011,0,Open,current
K91D,2012,0,Open,current
K91D,2013,0,Open,current
K91D,2014,0,Open,current
K91D,2015,0,Open,current
K91D,2016,0,Open,current
K91D,2017,0,Open,current
K91D,2018,0,Open,current
K91D,2019,0,Open,current
K91D,2020,0,Open,current
K91D,2021,0,Open,current
K91D,2022,0,Open,current
K91D,2023,0,Open,current
K91D,2024,0,Open,current
K91D,2025,0,Open,current
K91E,1975,0,Open,historical
K91E,1976,0,Open,historical
K91E,1977,0,Open,historical
K91E,1978,0,Open,historical
K91E,1979,0,Open,historical
K91E,1980,0,Open,historical
K91E,1981,0,Open,historical
K91E,1982,0,Open,historical
K91E,1983,0,Open,historical
K91E,1984,0,Open,historical
K91E,1985,0,Open,historical
K91E,1986,0,Open,historical
K91E,1987,0,Open,historical
K91E,1988,0,Open,historical
K91E,1989,0,Open,historical
K91E,1990,0,Open,historical
K91E,1991,0,Open,historical
K91E,1992,0,Open,historical
K91E,1993,0,Open,historical
K91E,1994,0,Open,historical
K91E,1995,0,Open,current
K91E,1996,0,Open,current
K91E,1997,0,Open,current
K91E,1998,0,Open,current
K91E,1999,0,Open,current
K91E,2000,0,Open,current
K91E,2001,0,Open,current
K91E,2002,0,Open,current
K91E,2003,0,Open,current
K91E,2004,0,Open,current
K91E,2005,0,Open,current
K91E,2006,0,Open,current
K91E,2007,0,Open,current
K91E,2008,0,Open,current
K91E,2009,0,Open,current
K91E,2010,0,Open,current
K91E,2011,0,Open,current
K91E,2012,0,Open,current
K91E,2013,0,Open,current
K91E,2014,0,Open,current
K91E,2015,0,Open,current
K91E,2016,0,Open,current
K91E,2017,0,Open,current
K91E,2018,0,Open,current
K91E,2019,0,Open,current
K91E,2020,0,Open,current
K91E,2021,0,Open,current
K91E,2022,0,Open,current
K91E,2023,0,Open,current
K91E,2024,0,Open,current
K91E,2025,0,Open,current
K91H,1975,0,Open,historical
K91H,1976,0,Open,historical
K91H,1977,0,Open,historical
K91H,1978,0,Open,historical
K91H,1979,0,Open,historical
K91H,1980,0,Open,historical
K91H,1981,0,Open,historical
K91H,1982,0,Open,historical
K91H,1983,0,Open,historical
K91H,1984,0,Open,historical
K91H,1985,0,Open,historical
K91H,1986,0,Open,historical
K91H,1987,0,Open,historical
K91H,1988,0,Open,historical
K91H,1989,0,Open,historical
K91H,1990,0,Open,historical
K91H,1991,0,Open,historical
K91H,1992,0,Open,current
K91H,1993,0,Open,current
K91H,1994,0,Open,current
K91H,1995,0,Open,current
K91H,1996,0,Open,current
K91H,1997,0,Open,current
K91H,1998,0,Open,current
K91H,1999,0,Open,current
K91H,2000,0,Open,current
K91H,2001,0,Open,current
K91H,2002,0,Open,current
K91H,2003,0,Open,current
K91H,2004,0,Open,current
K91H,2005,0,Open,current
K91H,2006,0,Open,current
K91H,2007,0,Open,current
K91H,2008,0,Open,current
K91H,2009,0,Open,current
K91H,2010,0,Open,current
K91H,2011,0,Open,current
K91H,2012,0,Open,current
K91H,2013,0,Open,current
K91H,2014,0,Open,current
K91H,2015,0,Open,current
K91H,2016,0,Open,current
K91H,2017,0,Open,current
K91H,2018,0,Open,current
K91H,2019,0,Open,current
K91H,2020,0,Open,current
K91H,2021,0,Open,current
K91H,2022,0,Open,current
K91H,2023,0,Open,current
K91H,2024,0,Open,current
K91H,2025,0,Open,current
K91K,1975,0,Open,historical
K91K,1976,0,Open,historical
K91K,1977,0,Open,historical
K91K,1978,0,Open,historical
K91K,1979,0,Open,historical
K91K,1980,0,Open,historical
K91K,1981,0,Open,historical
K91K,1982,0,Open,historical
K91K,1983,0,Open,historical
K91K,1984,0,Open,historical
K91K,1985,0,Open,historical
K91K,1986,0,Open,historical
K91K,1987,0,Open,historical
K91K,1988,0,Open,historical
K91K,1989,0,Open,historical
K91K,1990,0,Open,historical
K91K,1991,0,Open,historical
K91K,1992,0,Open,historical
K91K,1993,0,Open,historical
K91K,1994,0,Open,historical
K91K,1995,0,Open,historical
K91K,1996,0,Open,current
K91K,1997,0,Open,current
K91K,1998,0,Open,current
K91K,1999,0,Open,current
K91K,2000,0,Open,current
K91K,2001,0,Open,current
K91K,2002,0,Open,current
K91K,2003,0,Open,current
K91K,2004,0,Open,current
K91K,2005,0,Open,current
K91K,2006,0,Open,current
K91K,2007,0,Open,current
K91K,2008,0,Open,current
K91K,2009,0,Open,current
K91K,2010,0,Open,current
K91K,2011,0,Open,current
K91K,2012,0,Open,current
K91K,2013,0,Open,current
K91K,2014,0,Open,current
K91K,2015,0,Open,current
K91K,2016,0,Open,current
K91K,2017,0,Open,current
K91K,2018,0,Open,current
K91K,2019,0,Open,current
K91K,2020,0,Open,current
K91K,2021,0,Open,current
K91K,2022,0,Open,current
K91K,2023,0,Open,current
K91K,2024,0,Open,current
K91K,2025,0,Open,current
K91M,1975,0,Open,historical
K91M,1976,0,Open,historical
K91M,1977,0,Open,historical
K91M,1978,0,Open,historical
K91M,1979,0,Open,historical
K91M,1980,0,Open,historical
K91M,1981,0,Open,historical
K91M,1982,0,Open,historical
K91M,1983,0,Open,historical
K91M,1984,0,Open,historical
K91M,1985,0,Open,historical
K91M,1986,0,Open,historical
K91M,1987,0,Open,historical
K91M,1988,0,Open,historical
K91M,1989,0,Open,historical
K91M,1990,0,Open,historical
K91M,1991,0,Open,historical
K91M,1992,0,Open,historical
K91M,1993,0,Open,historical
K91M,1994,0,Open,historical
K91M,1995,0,Open,historical
K91M,1996,0,Open,current
K91M,1997,0,Open,current
K91M,1998,0,Open,current
K91M,1999,0,Open,current
K91M,2000,0,Open,current
K91M,2001,0,Open,current
K91M,2002,0,Open,current
K91M,2003,0,Open,current
K91M,2004,0,Open,current
K91M,2005,0,Open,current
K91M,2006,0,Open,current
K91M,2007,0,Open,current
K91M,2008,0,Open,current
K91M,2009,0,Open,current
K91M,2010,0,Open,current
K91M,2011,0,Open,current
K91M,2012,0,Open,current
K91M,2013,0,Open,current
K91M,2014,0,Open,current
K91M,2015,0,Open,current
K91M,2016,0,Open,current
K91M,2017,0,Open,current
K91M,2018,0,Open,current
K91M,2019,0,Open,current
K91M,2020,0,Open,current
K91M,2021,0,Open,current
K91M,2022,0,Open,current
K91M,2023,0,Open,current
K91M,2024,0,Open,current
K91M,2025,0,Open,current
K91O,1975,0,Open,historical
K91O,1976,0,Open,historical
K91O,1977,0,Open,historical
K91O,1978,0,Open,historical
K91O,1979,0,Open,historical
K91O,1980,0,Open,historical
K91O,1981,0,Open,historical
K91O,1982,0,Open,historical
K91O,1983,0,Open,historical
K91O,1984,0,Open,historical
K91O,1985,0,Open,historical
K91O,1986,0,Open,historical
K91O,1987,0,Open,historical
K91O,1988,0,Open,historical
K91O,1989,0,Open,historical
K91O,1990,0,Open,historical
K91O,1991,0,Open,historical
K91O,1992,0,Open,historical
K91O,1993,0,Open,historical
K91O,1994,0,Open,historical
K91O,1995,0,Open,historical
K91O,1996,0,Open,current
K91O,1997,0,Open,current
K91O,1998,0,Open,current
K91O,1999,0,Open,current
K91O,2000,0,Open,current
K91O,2001,0,Open,current
K91O,2002,0,Open,current
K91O,2003,0,Open,current
K91O,2004,0,Open,current
K91O,2005,0,Open,current
K91O,2006,0,Open,current
K91O,2007,0,Open,current
K91O,2008,0,Open,current
K91O,2009,0,Open,current
K91O,2010,0,Open,current
K91O,2011,0,Open,current
K91O,2012,0,Open,current
K91O,2013,0,Open,current
K91O,2014,0,Open,current
K91O,2015,0,Open,current
K91O,2016,0,Open,current
K91O,2017,0,Open,current
K91O,2018,0,Open,current
K91O,2019,0,Open,current
K91O,2020,0,Open,current
K91O,2021,0,Open,current
K91O,2022,0,Open,current
K91O,2023,0,Open,current
K91O,2024,0,Open,current
K91O,2025,0,Open,current
K91OA,1975,0,Open,current
K91OA,1976,0,Open,current
K91OA,1977,0,Open,current
K91OA,1978,0,Open,current
K91OA,1979,0,Open,current
K91OA,1980,0,Open,current
K91OA,1981,0,Open,current
K91OA,1982,0,Open,current
K91OA,1983,0,Open,current
K91OA,1984,0,Open,current
K91OA,1985,0,Open,current
K91OA,1986,0,Open,current
K91OA,1987,0,Open,current
K91OA,1988,0,Open,current
K91OA,1989,0,Open,current
K91OA,1990,0,Open,current
K91OA,1991,0,Open,current
K91OA,1992,0,Open,current
K91OA,1993,0,Open,current
K91OA,1994,0,Open,current
K91OA,1995,0,Open,current
K91OA,1996,0,Open,current
K91OA,1997,0,Open,current
K91OA,1998,0,Open,current
K91OA,1999,0,Open,current
K91OA,2000,0,Open,current
K91OA,2001,0,Open,current
K91OA,2002,0,Open,current
K91OA,2003,0,Open,current
K91OA,2004,0,Open,current
K91OA,2005,0,Open,current
K91OA,2006,0,Open,historical
K91OA,2007,0,Open,historical
K91OA,2008,0,Open,historical
K91OA,2009,0,Open,historical
K91OA,2010,0,Open,historical
K91OA,2011,0,Open,historical
K91OA,2012,0,Open,historical
K91OA,2013,0,Open,historical
K91OA,2014,0,Open,historical
K91OA,2015,0,Open,historical
K91OA,2016,0,Open,historical
K91OA,2017,0,Open,historical
K91OA,2018,0,Open,historical
K91OA,2019,0,Open,historical
K91OA,2020,0,Open,historical
K91OA,2021,0,Open,historical
K91OA,2022,0,Open,current
K91OA,2023,0,Open,current
K91OA,2024,0,Open,current
K91OA,2025,0,Open,current
K91OB,1975,0,Open,current
K91OB,1976,0,Open,current
K91OB,1977,0,Open,current
K91OB,1978,0,Open,current
K91OB,1979,0,Open,current
K91OB,1980,0,Open,current
K91OB,1981,0,Open,current
K91OB,1982,0,Open,current
K91OB,1983,0,Open,current
K91OB,1984,0,Open,current
K91OB,1985,0,Open,current
K91OB,1986,0,Open,current
K91OB,1987,0,Open,current
K91OB,1988,0,Open,current
K91OB,1989,0,Open,current
K91OB,1990,0,Open,current
K91OB,1991,0,Open,current
K91OB,1992,0,Open,current
K91OB,1993,0,Open,current
K91OB,1994,0,Open,current
K91OB,1995,0,Open,current
K91OB,1996,0,Open,current
K91OB,1997,0,Open,current
K91OB,1998,0,Open,current
K91OB,1999,0,Open,current
K91OB,2000,0,Open,current
K91OB,2001,0,Open,current
K91OB,2002,0,Open,current
K91OB,2003,0,Open,current
K91OB,2004,0,Open,current
K91OB,2005,0,Open,historical
K91OB,2006,0,Open,historical
K91OB,2007,0,Open,historical
K91OB,2008,0,Open,historical
K91OB,2009,0,Open,historical
K91OB,2010,0,Open,historical
K91OB,2011,0,Open,historical
K91OB,2012,0,Open,historical
K91OB,2013,0,Open,historical
K91OB,2014,0,Open,historical
K91OB,2015,0,Open,historical
K91OB,2016,0,Open,historical
K91OB,2017,0,Open,historical
K91OB,2018,0,Open,historical
K91OB,2019,0,Open,historical
K91OB,2020,0,Open,historical
K91OB,2021,0,Open,historical
K91OB,2022,0,Open,current
K91OB,2023,0,Open,current
K91OB,2024,0,Open,current
K91OB,2025,0,Open,current
K91OC,1975,0,Open,current
K91OC,1976,0,Open,current
K91OC,1977,0,Open,current
K91OC,1978,0,Open,current
K91OC,1979,0,Open,current
K91OC,1980,0,Open,current
K91OC,1981,0,Open,current
K91OC,1982,0,Open,current
K91OC,1983,0,Open,current
K91OC,1984,0,Open,current
K91OC,1985,0,Open,current
K91OC,1986,0,Open,current
K91OC,1987,0,Open,current
K91OC,1988,0,Open,current
K91OC,1989,0,Open,current
K91OC,1990,0,Open,current
K91OC,1991,0,Open,current
K91OC,1992,0,Open,current
K91OC,1993,0,Open,current
K91OC,1994,0,Open,current
K91OC,1995,0,Open,current
K91OC,1996,0,Open,current
K91OC,1997,0,Open,current
K91OC,1998,0,Open,current
K91OC,1999,0,Open,current
K91OC,2000,0,Open,current
K91OC,2001,0,Open,current
K91OC,2002,0,Open,current
K91OC,2003,0,Open,current
K91OC,2004,0,Open,current
K91OC,2005,0,Open,historical
K91OC,2006,0,Open,historical
K91OC,2007,0,Open,historical
K91OC,2008,0,Open,historical
K91OC,2009,0,Open,historical
K91OC,2010,0,Open,historical
K91OC,2011,0,Open,historical
K91OC,2012,0,Open,historical
K91OC,2013,0,Open,historical
K91OC,2014,0,Open,historical
K91OC,2015,0,Open,historical
K91OC,2016,0,Open,historical
K91OC,2017,0,Open,historical
K91OC,2018,0,Open,historical
K91OC,2019,0,Open,historical
K91OC,2020,0,Open,historical
K91OC,2021,0,Open,historical
K91OC,2022,0,Open,current
K91OC,2023,0,Open,current
K91OC,2024,0,Open,current
K91OC,2025,0,Open,current
K91OD,1975,0,Open,current
K91OD,1976,0,Open,current
K91OD,1977,0,Open,current
K91OD,1978,0,Open,current
K91OD,1979,0,Open,current
K91OD,1980,0,Open,current
K91OD,1981,0,Open,current
K91OD,1982,0,Open,current
K91OD,1983,0,Open,current
K91OD,1984,0,Open,current
K91OD,1985,0,Open,current
K91OD,1986,0,Open,current
K91OD,1987,0,Open,current
K91OD,1988,0,Open,current
K91OD,1989,0,Open,current
K91OD,1990,0,Open,current
K91OD,1991,0,Open,current
K91OD,1992,0,Open,current
K91OD,1993,0,Open,current
K91OD,1994,0,Open,current
K91OD,1995,0,Open,current
K91OD,1996,0,Open,current
K91OD,1997,0,Open,current
K91OD,1998,0,Open,current
K91OD,1999,0,Open,current
K91OD,2000,0,Open,current
K91OD,2001,0,Open,current
K91OD,2002,0,Open,current
K91OD,2003,0,Open,current
K91OD,2004,0,Open,current
K91OD,2005,0,Open,current
K91OD,2006,0,Open,historical
K91OD,2007,0,Open,historical
K91OD,2008,0,Open,historical
K91OD,2009,0,Open,historical
K91OD,2010,0,Open,historical
K91OD,2011,0,Open,historical
K91OD,2012,0,Open,historical
K91OD,2013,0,Open,historical
K91OD,2014,0,Open,historical
K91OD,2015,0,Open,historical
K91OD,2016,0,Open,historical
K91OD,2017,0,Open,historical
K91OD,2018,0,Open,historical
K91OD,2019,0,Open,historical
K91OD,2020,0,Open,historical
K91OD,2021,0,Open,historical
K91OD,2022,0,Open,current
K91OD,2023,0,Open,current
K91OD,2024,0,Open,current
K91OD,2025,0,Open,current
K91OE,1975,0,Open,current
K91OE,1976,0,Open,current
K91OE,1977,0,Open,current
K91OE,1978,0,Open,current
K91OE,1979,0,Open,current
K91OE,1980,0,Open,current
K91OE,1981,0,Open,current
K91OE,1982,0,Open,current
K91OE,1983,0,Open,current
K91OE,1984,0,Open,current
K91OE,1985,0,Open,current
K91OE,1986,0,Open,current
K91OE,1987,0,Open,current
K91OE,1988,0,Open,current
K91OE,1989,0,Open,current
K91OE,1990,0,Open,current
K91OE,1991,0,Open,current
K91OE,1992,0,Open,current
K91OE,1993,0,Open,current
K91OE,1994,0,Open,current
K91OE,1995,0,Open,current
K91OE,1996,0,Open,current
K91OE,1997,0,Open,current
K91OE,1998,0,Open,current
K91OE,1999,0,Open,current
K91OE,2000,0,Open,current
K91OE,2001,0,Open,current
K91OE,2002,0,Open,current
K91OE,2003,0,Open,current
K91OE,2004,0,Open,current
K91OE,2005,0,Open,historical
K91OE,2006,0,Open,historical
K91OE,2007,0,Open,historical
K91OE,2008,0,Open,historical
K91OE,2009,0,Open,historical
K91OE,2010,0,Open,historical
K91OE,2011,0,Open,historical
K91OE,2012,0,Open,historical
K91OE,2013,0,Open,historical
K91OE,2014,0,Open,historical
K91OE,2015,0,Open,historical
K91OE,2016,0,Open,historical
K91OE,2017,0,Open,historical
K91OE,2018,0,Open,historical
K91OE,2019,0,Open,historical
K91OE,2020,0,Open,historical
K91OE,2021,0,Open,historical
K91OE,2022,0,Open,current
K91OE,2023,0,Open,current
K91OE,2024,0,Open,current
K91OE,2025,0,Open,current
K91OF,1975,0,Open,current
K91OF,1976,0,Open,current
K91OF,1977,0,Open,current
K91OF,1978,0,Open,current
K91OF,1979,0,Open,current
K91OF,1980,0,Open,current
K91OF,1981,0,Open,current
K91OF,1982,0,Open,current
K91OF,1983,0,Open,current
K91OF,1984,0,Open,current
K91OF,1985,0,Open,current
K91OF,1986,0,Open,current
K91OF,1987,0,Open,current
K91OF,1988,0,Open,current
K91OF,1989,0,Open,current
K91OF,1990,0,Open,current
K91OF,1991,0,Open,current
K91OF,1992,0,Open,current
K91OF,1993,0,Open,current
K91OF,1994,0,Open,current
K91OF,1995,0,Open,current
K91OF,1996,0,Open,current
K91OF,1997,0,Open,current
K91OF,1998,0,Open,current
K91OF,1999,0,Open,current
K91OF,2000,0,Open,current
K91OF,2001,0,Open,current
K91OF,2002,0,Open,current
K91OF,2003,0,Open,current
K91OF,2004,0,Open,current
K91OF,2005,0,Open,current
K91OF,2006,0,Open,historical
K91OF,2007,0,Open,historical
K91OF,2008,0,Open,historical
K91OF,2009,0,Open,historical
K91OF,2010,0,Open,historical
K91OF,2011,0,Open,historical
K91OF,2012,0,Open,historical
K91OF,2013,0,Open,historical
K91OF,2014,0,Open,historical
K91OF,2015,0,Open,historical
K91OF,2016,0,Open,historical
K91OF,2017,0,Open,historical
K91OF,2018,0,Open,historical
K91OF,2019,0,Open,historical
K91OF,2020,0,Open,historical
K91OF,2021,0,Open,historical
K91OF,2022,0,Open,current
K91OF,2023,0,Open,current
K91OF,2024,0,Open,current
K91OF,2025,0,Open,current
K91OG,1975,0,Open,current
K91OG,1976,0,Open,current
K91OG,1977,0,Open,current
K91OG,1978,0,Open,current
K91OG,1979,0,Open,current
K91OG,1980,0,Open,current
K91OG,1981,0,Open,current
K91OG,1982,0,Open,current
K91OG,1983,0,Open,current
K91OG,1984,0,Open,current
K91OG,1985,0,Open,current
K91OG,1986,0,Open,current
K91OG,1987,0,Open,current
K91OG,1988,0,Open,current
K91OG,1989,0,Open,current
K91OG,1990,0,Open,current
K91OG,1991,0,Open,current
K91OG,1992,0,Open,current
K91OG,1993,0,Open,current
K91OG,1994,0,Open,current
K91OG,1995,0,Open,current
K91OG,1996,0,Open,current
K91OG,1997,0,Open,current
K91OG,1998,0,Open,current
K91OG,1999,0,Open,current
K91OG,2000,0,Open,current
K91OG,2001,0,Open,current
K91OG,2002,0,Open,current
K91OG,2003,0,Open,current
K91OG,2004,0,Open,current
K91OG,2005,0,Open,current
K91OG,2006,0,Open,current
K91OG,2007,0,Open,current
K91OG,2008,0,Open,current
K91OG,2009,0,Open,current
K91OG,2010,0,Open,current
K91OG,2011,0,Open,current
K91OG,2012,0,Open,current
K91OG,2013,0,Open,current
K91OG,2014,0,Open,current
K91OG,2015,0,Open,current
K91OG,2016,0,Open,current
K91OG,2017,0,Open,current
K91OG,2018,0,Open,current
K91OG,2019,0,Open,current
K91OG,2020,0,Open,current
K91OG,2021,0,Open,current
K91OG,2022,0,Open,current
K91OG,2023,0,Open,current
K91OG,2024,0,Open,current
K91OG,2025,0,Open,current
K91Q,1975,0,Open,historical
K91Q,1976,0,Open,historical
K91Q,1977,0,Open,historical
K91Q,1978,0,Open,historical
K91Q,1979,0,Open,historical
K91Q,1980,0,Open,historical
K91Q,1981,0,Open,historical
K91Q,1982,0,Open,historical
K91Q,1983,0,Open,historical
K91Q,1984,0,Open,historical
K91Q,1985,0,Open,historical
K91Q,1986,0,Open,historical
K91Q,1987,0,Open,historical
K91Q,1988,0,Open,historical
K91Q,1989,0,Open,historical
K91Q,1990,0,Open,historical
K91Q,1991,0,Open,historical
K91Q,1992,0,Open,historical
K91Q,1993,0,Open,historical
K91Q,1994,0,Open,historical
K91Q,1995,0,Open,historical
K91Q,1996,0,Open,current
K91Q,1997,0,Open,current
K91Q,1998,0,Open,current
K91Q,1999,0,Open,current
K91Q,2000,0,Open,current
K91Q,2001,0,Open,current
K91Q,2002,0,Open,current
K91Q,2003,0,Open,current
K91Q,2004,0,Open,current
K91Q,2005,0,Open,current
K91Q,2006,0,Open,current
K91Q,2007,0,Open,current
K91Q,2008,0,Open,current
K91Q,2009,0,Open,current
K91Q,2010,0,Open,current
K91Q,2011,0,Open,current
K91Q,2012,0,Open,current
K91Q,2013,0,Open,current
K91Q,2014,0,Open,current
K91Q,2015,0,Open,current
K91Q,2016,0,Open,current
K91Q,2017,0,Open,current
K91Q,2018,0,Open,current
K91Q,2019,0,Open,current
K91Q,2020,0,Open,current
K91Q,2021,0,Open,current
K91Q,2022,0,Open,current
K91Q,2023,0,Open,current
K91Q,2024,0,Open,current
K91Q,2025,0,Open,current
K91QA,1975,0,Open,current
K91QA,1976,0,Open,current
K91QA,1977,0,Open,current
K91QA,1978,0,Open,current
K91QA,1979,0,Open,current
K91QA,1980,0,Open,current
K91QA,1981,0,Open,current
K91QA,1982,0,Open,current
K91QA,1983,0,Open,current
K91QA,1984,0,Open,current
K91QA,1985,0,Open,current
K91QA,1986,0,Open,current
K91QA,1987,0,Open,current
K91QA,1988,0,Open,current
K91QA,1989,0,Open,current
K91QA,1990,0,Open,current
K91QA,1991,0,Open,current
K91QA,1992,0,Open,current
K91QA,1993,0,Open,current
K91QA,1994,0,Open,current
K91QA,1995,0,Open,current
K91QA,1996,0,Open,current
K91QA,1997,0,Open,current
K91QA,1998,0,Open,current
K91QA,1999,0,Open,current
K91QA,2000,0,Open,current
K91QA,2001,0,Open,current
K91QA,2002,0,Open,current
K91QA,2003,0,Open,current
K91QA,2004,0,Open,current
K91QA,2005,0,Open,current
K91QA,2006,0,Open,current
K91QA,2007,0,Open,current
K91QA,2008,0,Open,current
K91QA,2009,0,Open,current
K91QA,2010,0,Open,current
K91QA,2011,0,Open,current
K91QA,2012,0,Open,current
K91QA,2013,0,Open,current
K91QA,2014,0,Open,current
K91QA,2015,0,Open,current
K91QA,2016,0,Open,current
K91QA,2017,0,Open,current
K91QA,2018,0,Open,current
K91QA,2019,0,Open,current
K91QA,2020,0,Open,current
K91QA,2021,0,Open,current
K91QA,2022,0,Open,current
K91QA,2023,0,Open,current
K91QA,2024,0,Open,current
K91QA,2025,0,Open,current
K91QB,1975,0,Open,current
K91QB,1976,0,Open,current
K91QB,1977,0,Open,current
K91QB,1978,0,Open,current
K91QB,1979,0,Open,current
K91QB,1980,0,Open,current
K91QB,1981,0,Open,current
K91QB,1982,0,Open,current
K91QB,1983,0,Open,current
K91QB,1984,0,Open,current
K91QB,1985,0,Open,current
K91QB,1986,0,Open,current
K91QB,1987,0,Open,current
K91QB,1988,0,Open,current
K91QB,1989,0,Open,current
K91QB,1990,0,Open,current
K91QB,1991,0,Open,current
K91QB,1992,0,Open,current
K91QB,1993,0,Open,current
K91QB,1994,0,Open,current
K91QB,1995,0,Open,current
K91QB,1996,0,Open,current
K91QB,1997,0,Open,current
K91QB,1998,0,Open,historical
K91QB,1999,0,Open,historical
K91QB,2000,0,Open,historical
K91QB,2001,0,Open,historical
K91QB,2002,0,Open,historical
K91QB,2003,0,Open,historical
K91QB,2004,0,Open,historical
K91QB,2005,0,Open,historical
K91QB,2006,0,Open,historical
K91QB,2007,0,Open,historical
K91QB,2008,0,Open,historical
K91QB,2009,0,Open,historical
K91QB,2010,0,Open,historical
K91QB,2011,0,Open,historical
K91QB,2012,0,Open,historical
K91QB,2013,0,Open,historical
K91QB,2014,0,Open,historical
K91QB,2015,0,Open,historical
K91QB,2016,0,Open,historical
K91QB,2017,0,Open,historical
K91QB,2018,0,Open,historical
K91QB,2019,0,Open,historical
K91QB,2020,0,Open,historical
K91QB,2021,0,Open,historical
K91QB,2022,0,Open,current
K91QB,2023,0,Open,current
K91QB,2024,0,Open,current
K91QB,2025,0,Open,current
K91QC,1975,0,Open,current
K91QC,1976,0,Open,current
K91QC,1977,0,Open,current
K91QC,1978,0,Open,current
K91QC,1979,0,Open,current
K91QC,1980,0,Open,current
K91QC,1981,0,Open,current
K91QC,1982,0,Open,current
K91QC,1983,0,Open,current
K91QC,1984,0,Open,current
K91QC,1985,0,Open,current
K91QC,1986,0,Open,current
K91QC,1987,0,Open,current
K91QC,1988,0,Open,current
K91QC,1989,0,Open,current
K91QC,1990,0,Open,current
K91QC,1991,0,Open,current
K91QC,1992,0,Open,current
K91QC,1993,0,Open,current
K91QC,1994,0,Open,current
K91QC,1995,0,Open,current
K91QC,1996,0,Open,current
K91QC,1997,0,Open,current
K91QC,1998,0,Open,historical
K91QC,1999,0,Open,historical
K91QC,2000,0,Open,historical
K91QC,2001,0,Open,historical
K91QC,2002,0,Open,historical
K91QC,2003,0,Open,historical
K91QC,2004,0,Open,historical
K91QC,2005,0,Open,historical
K91QC,2006,0,Open,historical
K91QC,2007,0,Open,historical
K91QC,2008,0,Open,historical
K91QC,2009,0,Open,historical
K91QC,2010,0,Open,historical
K91QC,2011,0,Open,historical
K91QC,2012,0,Open,historical
K91QC,2013,0,Open,historical
K91QC,2014,0,Open,historical
K91QC,2015,0,Open,historical
K91QC,2016,0,Open,historical
K91QC,2017,0,Open,historical
K91QC,2018,0,Open,historical
K91QC,2019,0,Open,historical
K91QC,2020,0,Open,historical
K91QC,2021,0,Open,historical
K91QC,2022,0,Open,current
K91QC,2023,0,Open,current
K91QC,2024,0,Open,current
K91QC,2025,0,Open,current
K91QD,1975,0,Open,current
K91QD,1976,0,Open,current
K91QD,1977,0,Open,current
K91QD,1978,0,Open,current
K91QD,1979,0,Open,current
K91QD,1980,0,Open,current
K91QD,1981,0,Open,current
K91QD,1982,0,Open,current
K91QD,1983,0,Open,current
K91QD,1984,0,Open,current
K91QD,1985,0,Open,current
K91QD,1986,0,Open,current
K91QD,1987,0,Open,current
K91QD,1988,0,Open,current
K91QD,1989,0,Open,current
K91QD,1990,0,Open,current
K91QD,1991,0,Open,current
K91QD,1992,0,Open,current
K91QD,1993,0,Open,current
K91QD,1994,0,Open,current
K91QD,1995,0,Open,current
K91QD,1996,0,Open,current
K91QD,1997,0,Open,current
K91QD,1998,0,Open,historical
K91QD,1999,0,Open,historical
K91QD,2000,0,Open,current
K91QD,2001,0,Open,current
K91QD,2002,0,Open,current
K91QD,2003,0,Open,current
K91QD,2004,0,Open,current
K91QD,2005,0,Open,current
K91QD,2006,0,Open,current
K91QD,2007,0,Open,current
K91QD,2008,0,Open,current
K91QD,2009,0,Open,current
K91QD,2010,0,Open,current
K91QD,2011,0,Open,current
K91QD,2012,0,Open,current
K91QD,2013,0,Open,current
K91QD,2014,0,Open,current
K91QD,2015,0,Open,current
K91QD,2016,0,Open,current
K91QD,2017,0,Open,current
K91QD,2018,0,Open,current
K91QD,2019,0,Open,current
K91QD,2020,0,Open,current
K91QD,2021,0,Open,current
K91QD,2022,0,Open,current
K91QD,2023,0,Open,current
K91QD,2024,0,Open,current
K91QD,2025,0,Open,current
K91QE,1975,0,Open,current
K91QE,1976,0,Open,current
K91QE,1977,0,Open,current
K91QE,1978,0,Open,current
K91QE,1979,0,Open,current
K91QE,1980,0,Open,current
K91QE,1981,0,Open,current
K91QE,1982,0,Open,current
K91QE,1983,0,Open,current
K91QE,1984,0,Open,current
K91QE,1985,0,Open,current
K91QE,1986,0,Open,current
K91QE,1987,0,Open,current
K91QE,1988,0,Open,current
K91QE,1989,0,Open,current
K91QE,1990,0,Open,current
K91QE,1991,0,Open,current
K91QE,1992,0,Open,current
K91QE,1993,0,Open,current
K91QE,1994,0,Open,current
K91QE,1995,0,Open,current
K91QE,1996,0,Open,current
K91QE,1997,0,Open,current
K91QE,1998,0,Open,historical
K91QE,1999,0,Open,historical
K91QE,2000,0,Open,historical
K91QE,2001,0,Open,historical
K91QE,2002,0,Open,historical
K91QE,2003,0,Open,historical
K91QE,2004,0,Open,historical
K91QE,2005,0,Open,historical
K91QE,2006,0,Open,historical
K91QE,2007,0,Open,historical
K91QE,2008,0,Open,historical
K91QE,2009,0,Open,historical
K91QE,2010,0,Open,historical
K91QE,2011,0,Open,historical
K91QE,2012,0,Open,historical
K91QE,2013,0,Open,historical
K91QE,2014,0,Open,historical
K91QE,2015,0,Open,historical
K91QE,2016,0,Open,historical
K91QE,2017,0,Open,historical
K91QE,2018,0,Open,historical
K91QE,2019,0,Open,historical
K91QE,2020,0,Open,historical
K91QE,2021,0,Open,historical
K91QE,2022,0,Open,current
K91QE,2023,0,Open,current
K91QE,2024,0,Open,current
K91QE,2025,0,Open,current
K91QF,1975,0,Open,current
K91QF,1976,0,Open,current
K91QF,1977,0,Open,current
K91QF,1978,0,Open,current
K91QF,1979,0,Open,current
K91QF,1980,0,Open,current
K91QF,1981,0,Open,current
K91QF,1982,0,Open,current
K91QF,1983,0,Open,current
K91QF,1984,0,Open,current
K91QF,1985,0,Open,current
K91QF,1986,0,Open,current
K91QF,1987,0,Open,current
K91QF,1988,0,Open,current
K91QF,1989,0,Open,current
K91QF,1990,0,Open,current
K91QF,1991,0,Open,current
K91QF,1992,0,Open,current
K91QF,1993,0,Open,current
K91QF,1994,0,Open,current
K91QF,1995,0,Open,current
K91QF,1996,0,Open,current
K91QF,1997,0,Open,current
K91QF,1998,0,Open,historical
K91QF,1999,0,Open,historical
K91QF,2000,0,Open,historical
K91QF,2001,0,Open,historical
K91QF,2002,0,Open,historical
K91QF,2003,0,Open,historical
K91QF,2004,0,Open,historical
K91QF,2005,0,Open,historical
K91QF,2006,0,Open,historical
K91QF,2007,0,Open,historical
K91QF,2008,0,Open,historical
K91QF,2009,0,Open,historical
K91QF,2010,0,Open,historical
K91QF,2011,0,Open,historical
K91QF,2012,0,Open,historical
K91QF,2013,0,Open,historical
K91QF,2014,0,Open,historical
K91QF,2015,0,Open,historical
K91QF,2016,0,Open,historical
K91QF,2017,0,Open,historical
K91QF,2018,0,Open,historical
K91QF,2019,0,Open,historical
K91QF,2020,0,Open,historical
K91QF,2021,0,Open,historical
K91QF,2022,0,Open,current
K91QF,2023,0,Open,current
K91QF,2024,0,Open,current
K91QF,2025,0,Open,current
K91R,1975,0,Open,historical
K91R,1976,0,Open,historical
K91R,1977,0,Open,historical
K91R,1978,0,Open,historical
K91R,1979,0,Open,historical
K91R,1980,0,Open,historical
K91R,1981,0,Open,historical
K91R,1982,0,Open,historical
K91R,1983,0,Open,historical
K91R,1984,0,Open,historical
K91R,1985,0,Open,historical
K91R,1986,0,Open,historical
K91R,1987,0,Open,historical
K91R,1988,0,Open,historical
K91R,1989,0,Open,historical
K91R,1990,0,Open,historical
K91R,1991,0,Open,historical
K91R,1992,0,Open,historical
K91R,1993,0,Open,historical
K91R,1994,0,Open,historical
K91R,1995,0,Open,historical
K91R,1996,0,Open,historical-outside-range
K91R,1997,0,Open,historical-outside-range
K91R,1998,0,Open,historical-outside-range
K91R,1999,0,Open,historical-outside-range
K91R,2000,0,Open,historical-outside-range
K91R,2001,0,Open,historical-outside-range
K91R,2002,0,Open,historical-outside-range
K91R,2003,0,Open,historical-outside-range
K91R,2004,0,Open,historical-outside-range
K91R,2005,0,Open,historical-outside-range
K91R,2006,0,Open,historical-outside-range
K91R,2007,0,Open,historical-outside-range
K91R,2008,0,Open,historical-outside-range
K91R,2009,0,Open,historical-outside-range
K91R,2010,0,Open,historical-outside-range
K91R,2011,0,Open,historical-outside-range
K91R,2012,0,Open,historical-outside-range
K91R,2013,0,Open,historical-outside-range
K91R,2014,0,Open,historical-outside-range
K91R,2015,0,Open,historical-outside-range
K91R,2016,0,Open,historical-outside-range
K91R,2017,0,Open,historical-outside-range
K91R,2018,0,Open,historical-outside-range
K91R,2019,0,Open,historical-outside-range
K91R,2020,0,Open,historical-outside-range
K91R,2021,0,Open,historical-outside-range
K91R,2022,0,Open,historical-outside-range
K91R,2023,0,Open,historical-outside-range
K91R,2024,0,Open,historical-outside-range
K91R,2025,0,Open,historical-outside-range
K91S,1975,0,Open,historical
K91S,1976,0,Open,historical
K91S,1977,0,Open,historical
K91S,1978,0,Open,historical
K91S,1979,0,Open,historical-outside-range
K91S,1980,0,Open,historical-outside-range
K91S,1981,0,Open,historical-outside-range
K91S,1982,0,Open,historical-outside-range
K91S,1983,0,Open,historical-outside-range
K91S,1984,0,Open,historical-outside-range
K91S,1985,0,Open,historical-outside-range
K91S,1986,0,Open,historical-outside-range
K91S,1987,0,Open,historical-outside-range
K91S,1988,0,Open,historical-outside-range
K91S,1989,0,Open,historical-outside-range
K91S,1990,0,Open,historical-outside-range
K91S,1991,0,Open,historical-outside-range
K91S,1992,0,Open,historical-outside-range
K91S,1993,0,Open,historical-outside-range
K91S,1994,0,Open,historical-outside-range
K91S,1995,0,Open,historical-outside-range
K91S,1996,0,Open,historical-outside-range
K91S,1997,0,Open,historical-outside-range
K91S,1998,0,Open,historical-outside-range
K91S,1999,0,Open,historical-outside-range
K91S,2000,0,Open,historical-outside-range
K91S,2001,0,Open,historical-outside-range
K91S,2002,0,Open,historical-outside-range
K91S,2003,0,Open,historical-outside-range
K91S,2004,0,Open,historical-outside-range
K91S,2005,0,Open,historical-outside-range
K91S,2006,0,Open,historical-outside-range
K91S,2007,0,Open,historical-outside-range
K91S,2008,0,Open,historical-outside-range
K91S,2009,0,Open,historical-outside-range
K91S,2010,0,Open,historical-outside-range
K91S,2011,0,Open,historical-outside-range
K91S,2012,0,Open,historical-outside-range
K91S,2013,0,Open,historical-outside-range
K91S,2014,0,Open,historical-outside-range
K91S,2015,0,Open,historical-outside-range
K91S,2016,0,Open,historical-outside-range
K91S,2017,0,Open,historical-outside-range
K91S,2018,0,Open,historical-outside-range
K91S,2019,0,Open,historical-outside-range
K91S,2020,0,Open,historical-outside-range
K91S,2021,0,Open,historical-outside-range
K91S,2022,0,Open,historical-outside-range
K91S,2023,0,Open,historical-outside-range
K91S,2024,0,Open,historical-outside-range
K91S,2025,0,Open,historical-outside-range
K91T,1975,0,Open,current
K91T,1976,0,Open,current
K91T,1977,0,Open,current
K91T,1978,0,Open,current
K91T,1979,0,Open,current
K91T,1980,0,Open,current
K91T,1981,0,Open,historical
K91T,1982,0,Open,historical
K91T,1983,0,Open,historical
K91T,1984,0,Open,historical
K91T,1985,0,Open,historical
K91T,1986,0,Open,historical
K91T,1987,0,Open,historical
K91T,1988,0,Open,historical
K91T,1989,0,Open,historical
K91T,1990,0,Open,historical
K91T,1991,0,Open,historical
K91T,1992,0,Open,historical
K91T,1993,0,Open,historical
K91T,1994,0,Open,historical
K91T,1995,0,Open,historical
K91T,1996,0,Open,current
K91T,1997,0,Open,current
K91T,1998,0,Open,current
K91T,1999,0,Open,current
K91T,2000,0,Open,current
K91T,2001,0,Open,current
K91T,2002,0,Open,current
K91T,2003,0,Open,current
K91T,2004,0,Open,current
K91T,2005,0,Open,current
K91T,2006,0,Open,current
K91T,2007,0,Open,current
K91T,2008,0,Open,current
K91T,2009,0,Open,current
K91T,2010,0,Open,current
K91T,2011,0,Open,current
K91T,2012,0,Open,current
K91T,2013,0,Open,current
K91T,2014,0,Open,current
K91T,2015,0,Open,current
K91T,2016,0,Open,current
K91T,2017,0,Open,current
K91T,2018,0,Open,current
K91T,2019,0,Open,current
K91T,2020,0,Open,current
K91T,2021,0,Open,current
K91T,2022,0,Open,current
K91T,2023,0,Open,current
K91T,2024,0,Open,current
K91T,2025,0,Open,current
K91TA,1975,0,Open,current
K91TA,1976,0,Open,current
K91TA,1977,0,Open,current
K91TA,1978,0,Open,current
K91TA,1979,0,Open,current
K91TA,1980,0,Open,current
K91TA,1981,0,Open,current
K91TA,1982,0,Open,current
K91TA,1983,0,Open,current
K91TA,1984,0,Open,current
K91TA,1985,0,Open,current
K91TA,1986,0,Open,current
K91TA,1987,0,Open,current
K91TA,1988,0,Open,current
K91TA,1989,0,Open,current
K91TA,1990,0,Open,current
K91TA,1991,0,Open,current
K91TA,1992,0,Open,current
K91TA,1993,0,Open,current
K91TA,1994,0,Open,current
K91TA,1995,0,Open,current
K91TA,1996,0,Open,current
K91TA,1997,0,Open,current
K91TA,1998,0,Open,historical
K91TA,1999,0,Open,historical
K91TA,2000,0,Open,historical
K91TA,2001,0,Open,historical
K91TA,2002,0,Open,historical
K91TA,2003,0,Open,historical
K91TA,2004,0,Open,historical
K91TA,2005,0,Open,historical
K91TA,2006,0,Open,historical
K91TA,2007,0,Open,historical
K91TA,2008,0,Open,historical
K91TA,2009,0,Open,historical
K91TA,2010,0,Open,historical
K91TA,2011,0,Open,historical
K91TA,2012,0,Open,historical
K91TA,2013,0,Open,historical
K91TA,2014,0,Open,historical
K91TA,2015,0,Open,historical
K91TA,2016,0,Open,historical
K91TA,2017,0,Open,historical
K91TA,2018,0,Open,historical
K91TA,2019,0,Open,historical
K91TA,2020,0,Open,historical
K91TA,2021,0,Open,historical
K91TA,2022,0,Open,current
K91TA,2023,0,Open,current
K91TA,2024,0,Open,current
K91TA,2025,0,Open,current
K91TB,1975,0,Open,current
K91TB,1976,0,Open,current
K91TB,1977,0,Open,current
K91TB,1978,0,Open,current
K91TB,1979,0,Open,current
K91TB,1980,0,Open,current
K91TB,1981,0,Open,current
K91TB,1982,0,Open,current
K91TB,1983,0,Open,current
K91TB,1984,0,Open,current
K91TB,1985,0,Open,current
K91TB,1986,0,Open,current
K91TB,1987,0,Open,current
K91TB,1988,0,Open,current
K91TB,1989,0,Open,current
K91TB,1990,0,Open,current
K91TB,1991,0,Open,current
K91TB,1992,0,Open,current
K91TB,1993,0,Open,current
K91TB,1994,0,Open,current
K91TB,1995,0,Open,current
K91TB,1996,0,Open,current
K91TB,1997,0,Open,current
K91TB,1998,0,Open,historical
K91TB,1999,0,Open,historical
K91TB,2000,0,Open,historical
K91TB,2001,0,Open,historical
K91TB,2002,0,Open,historical
K91TB,2003,0,Open,historical
K91TB,2004,0,Open,historical
K91TB,2005,0,Open,historical
K91TB,2006,0,Open,historical
K91TB,2007,0,Open,historical
K91TB,2008,0,Open,historical
K91TB,2009,0,Open,historical
K91TB,2010,0,Open,historical
K91TB,2011,0,Open,historical
K91TB,2012,0,Open,historical
K91TB,2013,0,Open,historical
K91TB,2014,0,Open,historical
K91TB,2015,0,Open,historical
K91TB,2016,0,Open,historical
K91TB,2017,0,Open,historical
K91TB,2018,0,Open,historical
K91TB,2019,0,Open,historical
K91TB,2020,0,Open,historical
K91TB,2021,0,Open,historical
K91TB,2022,0,Open,current
K91TB,2023,0,Open,current
K91TB,2024,0,Open,current
K91TB,2025,0,Open,current
K91TC,1975,0,Open,current
K91TC,1976,0,Open,current
K91TC,1977,0,Open,current
K91TC,1978,0,Open,current
K91TC,1979,0,Open,current
K91TC,1980,0,Open,current
K91TC,1981,0,Open,current
K91TC,1982,0,Open,current
K91TC,1983,0,Open,current
K91TC,1984,0,Open,current
K91TC,1985,0,Open,current
K91TC,1986,0,Open,current
K91TC,1987,0,Open,current
K91TC,1988,0,Open,current
K91TC,1989,0,Open,current
K91TC,1990,0,Open,current
K91TC,1991,0,Open,current
K91TC,1992,0,Open,current
K91TC,1993,0,Open,current
K91TC,1994,0,Open,current
K91TC,1995,0,Open,current
K91TC,1996,0,Open,current
K91TC,1997,0,Open,current
K91TC,1998,0,Open,current
K91TC,1999,0,Open,current
K91TC,2000,0,Open,current
K91TC,2001,0,Open,historical
K91TC,2002,0,Open,historical
K91TC,2003,0,Open,historical
K91TC,2004,0,Open,historical
K91TC,2005,0,Open,historical
K91TC,2006,0,Open,historical
K91TC,2007,0,Open,historical
K91TC,2008,0,Open,historical
K91TC,2009,0,Open,historical
K91TC,2010,0,Open,historical
K91TC,2011,0,Open,historical
K91TC,2012,0,Open,historical
K91TC,2013,0,Open,historical
K91TC,2014,0,Open,historical
K91TC,2015,0,Open,historical
K91TC,2016,0,Open,historical
K91TC,2017,0,Open,historical
K91TC,2018,0,Open,historical
K91TC,2019,0,Open,historical
K91TC,2020,0,Open,historical
K91TC,2021,0,Open,historical
K91TC,2022,0,Open,current
K91TC,2023,0,Open,current
K91TC,2024,0,Open,current
K91TC,2025,0,Open,current
K91TD,1975,0,Open,current
K91TD,1976,0,Open,current
K91TD,1977,0,Open,current
K91TD,1978,0,Open,current
K91TD,1979,0,Open,current
K91TD,1980,0,Open,current
K91TD,1981,0,Open,current
K91TD,1982,0,Open,current
K91TD,1983,0,Open,current
K91TD,1984,0,Open,current
K91TD,1985,0,Open,current
K91TD,1986,0,Open,current
K91TD,1987,0,Open,current
K91TD,1988,0,Open,current
K91TD,1989,0,Open,current
K91TD,1990,0,Open,current
K91TD,1991,0,Open,current
K91TD,1992,0,Open,current
K91TD,1993,0,Open,current
K91TD,1994,0,Open,current
K91TD,1995,0,Open,current
K91TD,1996,0,Open,current
K91TD,1997,0,Open,current
K91TD,1998,0,Open,historical
K91TD,1999,0,Open,historical
K91TD,2000,0,Open,historical
K91TD,2001,0,Open,historical
K91TD,2002,0,Open,historical
K91TD,2003,0,Open,historical
K91TD,2004,0,Open,historical
K91TD,2005,0,Open,historical
K91TD,2006,0,Open,historical
K91TD,2007,0,Open,historical
K91TD,2008,0,Open,historical
K91TD,2009,0,Open,historical
K91TD,2010,0,Open,historical
K91TD,2011,0,Open,historical
K91TD,2012,0,Open,historical
K91TD,2013,0,Open,historical
K91TD,2014,0,Open,historical
K91TD,2015,0,Open,historical
K91TD,2016,0,Open,historical
K91TD,2017,0,Open,historical
K91TD,2018,0,Open,historical
K91TD,2019,0,Open,historical
K91TD,2020,0,Open,historical
K91TD,2021,0,Open,historical
K91TD,2022,0,Open,current
K91TD,2023,0,Open,current
K91TD,2024,0,Open,current
K91TD,2025,0,Open,current
K91TE,1975,0,Open,current
K91TE,1976,0,Open,current
K91TE,1977,0,Open,current
K91TE,1978,0,Open,current
K91TE,1979,0,Open,current
K91TE,1980,0,Open,current
K91TE,1981,0,Open,current
K91TE,1982,0,Open,current
K91TE,1983,0,Open,current
K91TE,1984,0,Open,current
K91TE,1985,0,Open,current
K91TE,1986,0,Open,current
K91TE,1987,0,Open,current
K91TE,1988,0,Open,current
K91TE,1989,0,Open,current
K91TE,1990,0,Open,current
K91TE,1991,0,Open,current
K91TE,1992,0,Open,current
K91TE,1993,0,Open,current
K91TE,1994,0,Open,current
K91TE,1995,0,Open,current
K91TE,1996,0,Open,current
K91TE,1997,0,Open,current
K91TE,1998,0,Open,historical
K91TE,1999,0,Open,historical
K91TE,2000,0,Open,historical
K91TE,2001,0,Open,historical
K91TE,2002,0,Open,historical
K91TE,2003,0,Open,historical
K91TE,2004,0,Open,historical
K91TE,2005,0,Open,historical
K91TE,2006,0,Open,historical
K91TE,2007,0,Open,historical
K91TE,2008,0,Open,historical
K91TE,2009,0,Open,historical
K91TE,2010,0,Open,historical
K91TE,2011,0,Open,historical
K91TE,2012,0,Open,historical
K91TE,2013,0,Open,historical
K91TE,2014,0,Open,historical
K91TE,2015,0,Open,historical
K91TE,2016,0,Open,historical
K91TE,2017,0,Open,historical
K91TE,2018,0,Open,historical
K91TE,2019,0,Open,historical
K91TE,2020,0,Open,historical
K91TE,2021,0,Open,historical
K91TE,2022,0,Open,current
K91TE,2023,0,Open,current
K91TE,2024,0,Open,current
K91TE,2025,0,Open,current
K91TF,1975,0,Open,current
K91TF,1976,0,Open,current
K91TF,1977,0,Open,current
K91TF,1978,0,Open,current
K91TF,1979,0,Open,current
K91TF,1980,0,Open,current
K91TF,1981,0,Open,current
K91TF,1982,0,Open,current
K91TF,1983,0,Open,current
K91TF,1984,0,Open,current
K91TF,1985,0,Open,current
K91TF,1986,0,Open,current
K91TF,1987,0,Open,current
K91TF,1988,0,Open,current
K91TF,1989,0,Open,current
K91TF,1990,0,Open,current
K91TF,1991,0,Open,current
K91TF,1992,0,Open,current
K91TF,1993,0,Open,current
K91TF,1994,0,Open,current
K91TF,1995,0,Open,current
K91TF,1996,0,Open,current
K91TF,1997,0,Open,current
K91TF,1998,0,Open,historical
K91TF,1999,0,Open,historical
K91TF,2000,0,Open,historical
K91TF,2001,0,Open,historical
K91TF,2002,0,Open,historical
K91TF,2003,0,Open,historical
K91TF,2004,0,Open,historical
K91TF,2005,0,Open,historical
K91TF,2006,0,Open,historical
K91TF,2007,0,Open,historical
K91TF,2008,0,Open,historical
K91TF,2009,0,Open,historical
K91TF,2010,0,Open,historical
K91TF,2011,0,Open,historical
K91TF,2012,0,Open,historical
K91TF,2013,0,Open,historical
K91TF,2014,0,Open,historical
K91TF,2015,0,Open,historical
K91TF,2016,0,Open,historical
K91TF,2017,0,Open,historical
K91TF,2018,0,Open,historical
K91TF,2019,0,Open,historical
K91TF,2020,0,Open,historical
K91TF,2021,0,Open,historical
K91TF,2022,0,Open,current
K91TF,2023,0,Open,current
K91TF,2024,0,Open,current
K91TF,2025,0,Open,current
K91X,1975,0,Open,current
K91X,1976,0,Open,current
K91X,1977,0,Open,current
K91X,1978,0,Open,current
K91X,1979,0,Open,current
K91X,1980,0,Open,current
K91X,1981,0,Open,current
K91X,1982,0,Open,current
K91X,1983,0,Open,current
K91X,1984,0,Open,current
K91X,1985,0,Open,current
K91X,1986,0,Open,current
K91X,1987,0,Open,current
K91X,1988,0,Open,current
K91X,1989,0,Open,current
K91X,1990,0,Open,current
K91X,1991,0,Open,current
K91X,1992,0,Open,current
K91X,1993,0,Open,current
K91X,1994,0,Open,current
K91X,1995,0,Open,current
K91X,1996,0,Open,current
K91X,1997,0,Open,current
K91X,1998,0,Open,historical
K91X,1999,0,Open,historical
K91X,2000,0,Open,historical
K91X,2001,0,Open,historical
K91X,2002,0,Open,historical
K91X,2003,0,Open,historical
K91X,2004,0,Open,historical
K91X,2005,0,Open,historical
K91X,2006,0,Open,historical
K91X,2007,0,Open,historical
K91X,2008,0,Open,historical
K91X,2009,0,Open,current
K91X,2010,0,Open,current
K91X,2011,0,Open,current
K91X,2012,0,Open,current
K91X,2013,0,Open,current
K91X,2014,0,Open,current
K91X,2015,0,Open,current
K91X,2016,0,Open,current
K91X,2017,0,Open,current
K91X,2018,0,Open,current
K91X,2019,0,Open,current
K91X,2020,0,Open,current
K91X,2021,0,Open,current
K91X,2022,0,Open,current
K91X,2023,0,Open,current
K91X,2024,0,Open,current
K91X,2025,0,Open,current
K91Z,1975,0,Open,current
K91Z,1976,0,Open,current
K91Z,1977,0,Open,current
K91Z,1978,0,Open,historical
K91Z,1979,0,Open,historical
K91Z,1980,0,Open,historical
K91Z,1981,0,Open,historical
K91Z,1982,0,Open,historical
K91Z,1983,0,Open,historical
K91Z,1984,0,Open,historical
K91Z,1985,0,Open,historical
K91Z,1986,0,Open,historical
K91Z,1987,0,Open,historical
K91Z,1988,0,Open,historical
K91Z,1989,0,Open,historical
K91Z,1990,0,Open,historical
K91Z,1991,0,Open,historical
K91Z,1992,0,Open,historical
K91Z,1993,0,Open,historical
K91Z,1994,0,Open,historical
K91Z,1995,0,Open,historical
K91Z,1996,0,Open,current
K91Z,1997,0,Open,current
K91Z,1998,0,Open,current
K91Z,1999,0,Open,current
K91Z,2000,0,Open,current
K91Z,2001,0,Open,current
K91Z,2002,0,Open,current
K91Z,2003,0,Open,current
K91Z,2004,0,Open,current
K91Z,2005,0,Open,current
K91Z,2006,0,Open,current
K91Z,2007,0,Open,current
K91Z,2008,0,Open,current
K91Z,2009,0,Open,current
K91Z,2010,0,Open,current
K91Z,2011,0,Open,current
K91Z,2012,0,Open,current
K91Z,2013,0,Open,current
K91Z,2014,0,Open,current
K91Z,2015,0,Open,current
K91Z,2016,0,Open,current
K91Z,2017,0,Open,current
K91Z,2018,0,Open,current
K91Z,2019,0,Open,current
K91Z,2020,0,Open,current
K91Z,2021,0,Open,current
K91Z,2022,0,Open,current
K91Z,2023,0,Open,current
K91Z,2024,0,Open,current
K91Z,2025,0,Open,current
K91ZE,1975,0,Open,historical-outside-range
K91ZE,1976,0,Open,historical-outside-range
K91ZE,1977,0,Open,historical-outside-range
K91ZE,1978,0,Open,historical-outside-range
K91ZE,1979,0,Open,historical-outside-range
K91ZE,1980,0,Open,historical-outside-range
K91ZE,1981,0,Open,historical-outside-range
K91ZE,1982,0,Open,historical-outside-range
K91ZE,1983,0,Open,historical-outside-range
K91ZE,1984,0,Open,historical-outside-range
K91ZE,1985,0,Open,historical-outside-range
K91ZE,1986,0,Open,historical-outside-range
K91ZE,1987,0,Open,historical-outside-range
K91ZE,1988,0,Open,historical-outside-range
K91ZE,1989,0,Open,historical-outside-range
K91ZE,1990,0,Open,historical-outside-range
K91ZE,1991,0,Open,historical-outside-range
K91ZE,1992,0,Open,historical-outside-range
K91ZE,1993,0,Open,historical-outside-range
K91ZE,1994,0,Open,historical-outside-range
K91ZE,1995,0,Open,historical-outside-range
K91ZE,1996,0,Open,historical-outside-range
K91ZE,1997,0,Open,historical-outside-range
K91ZE,1998,0,Open,historical-outside-range
K91ZE,1999,0,Open,historical-outside-range
K91ZE,2000,0,Open,historical-outside-range
K91ZE,2001,0,Open,historical-outside-range
K91ZE,2002,0,Open,historical-outside-range
K91ZE,2003,0,Open,historical-outside-range
K91ZE,2004,0,Open,historical-outside-range
K91ZE,2005,0,Open,historical-outside-range
K91ZE,2006,0,Open,historical-outside-range
K91ZE,2007,0,Open,historical-outside-range
K91ZE,2008,0,Open,historical-outside-range
K91ZE,2009,0,Open,historical-outside-range
K91ZE,2010,0,Open,historical-outside-range
K91ZE,2011,0,Open,historical-outside-range
K91ZE,2012,0,Open,historical-outside-range
K91ZE,2013,0,Open,historical-outside-range
K91ZE,2014,0,Open,historical-outside-range
K91ZE,2015,0,Open,historical-outside-range
K91ZE,2016,0,Open,historical-outside-range
K91ZE,2017,0,Open,historical-outside-range
K91ZE,2018,0,Open,historical-outside-range
K91ZE,2019,0,Open,historical-outside-range
K91ZE,2020,0,Open,historical-outside-range
K91ZE,2021,0,Open,historical-outside-range
K91ZE,2022,0,Open,historical-outside-range
K91ZE,2023,0,Open,historical-outside-range
K91ZE,2024,0,Open,historical-outside-range
K91ZE,2025,0,Open,historical-outside-range
K91ZF,1975,0,Open,historical-outside-range
K91ZF,1976,0,Open,historical-outside-range
K91ZF,1977,0,Open,historical-outside-range
K91ZF,1978,0,Open,historical-outside-range
K91ZF,1979,0,Open,historical-outside-range
K91ZF,1980,0,Open,historical-outside-range
K91ZF,1981,0,Open,historical-outside-range
K91ZF,1982,0,Open,historical-outside-range
K91ZF,1983,0,Open,historical-outside-range
K91ZF,1984,0,Open,historical-outside-range
K91ZF,1985,0,Open,historical-outside-range
K91ZF,1986,0,Open,historical-outside-range
K91ZF,1987,0,Open,historical-outside-range
K91ZF,1988,0,Open,historical-outside-range
K91ZF,1989,0,Open,historical-outside-range
K91ZF,1990,0,Open,historical-outside-range
K91ZF,1991,0,Open,historical-outside-range
K91ZF,1992,0,Open,historical-outside-range
K91ZF,1993,0,Open,historical-outside-range
K91ZF,1994,0,Open,historical-outside-range
K91ZF,1995,0,Open,historical-outside-range
K91ZF,1996,0,Open,historical-outside-range
K91ZF,1997,0,Open,historical-outside-range
K91ZF,1998,0,Open,historical
K91ZF,1999,0,Open,historical
K91ZF,2000,0,Open,historical
K91ZF,2001,0,Open,historical
K91ZF,2002,0,Open,historical-outside-range
K91ZF,2003,0,Open,historical-outside-range
K91ZF,2004,0,Open,historical-outside-range
K91ZF,2005,0,Open,historical-outside-range
K91ZF,2006,0,Open,historical-outside-range
K91ZF,2007,0,Open,historical-outside-range
K91ZF,2008,0,Open,historical-outside-range
K91ZF,2009,0,Open,historical-outside-range
K91ZF,2010,0,Open,historical-outside-range
K91ZF,2011,0,Open,historical-outside-range
K91ZF,2012,0,Open,historical-outside-range
K91ZF,2013,0,Open,historical-outside-range
K91ZF,2014,0,Open,historical-outside-range
K91ZF,2015,0,Open,historical-outside-range
K91ZF,2016,0,Open,historical-outside-range
K91ZF,2017,0,Open,historical-outside-range
K91ZF,2018,0,Open,historical-outside-range
K91ZF,2019,0,Open,historical-outside-range
K91ZF,2020,0,Open,historical-outside-range
K91ZF,2021,0,Open,historical-outside-range
K91ZF,2022,0,Open,historical-outside-range
K91ZF,2023,0,Open,historical-outside-range
K91ZF,2024,0,Open,historical-outside-range
K91ZF,2025,0,Open,historical-outside-range
K99A,1975,0,Open,historical-outside-range
K99A,1976,0,Open,historical-outside-range
K99A,1977,0,Open,historical-outside-range
K99A,1978,0,Open,historical
K99A,1979,0,Open,historical
K99A,1980,0,Open,historical
K99A,1981,0,Open,historical
K99A,1982,0,Open,historical
K99A,1983,0,Open,historical
K99A,1984,0,Open,historical
K99A,1985,0,Open,historical
K99A,1986,0,Open,historical
K99A,1987,0,Open,historical
K99A,1988,0,Open,historical
K99A,1989,0,Open,historical
K99A,1990,0,Open,historical
K99A,1991,0,Open,historical-outside-range
K99A,1992,0,Open,historical-outside-range
K99A,1993,0,Open,historical-outside-range
K99A,1994,0,Open,historical-outside-range
K99A,1995,0,Open,historical-outside-range
K99A,1996,0,Open,historical-outside-range
K99A,1997,0,Open,historical-outside-range
K99A,1998,0,Open,historical-outside-range
K99A,1999,0,Open,historical-outside-range
K99A,2000,0,Open,historical-outside-range
K99A,2001,0,Open,historical-outside-range
K99A,2002,0,Open,historical-outside-range
K99A,2003,0,Open,historical-outside-range
K99A,2004,0,Open,historical-outside-range
K99A,2005,0,Open,historical-outside-range
K99A,2006,0,Open,historical-outside-range
K99A,2007,0,Open,historical-outside-range
K99A,2008,0,Open,historical-outside-range
K99A,2009,0,Open,historical-outside-range
K99A,2010,0,Open,historical-outside-range
K99A,2011,0,Open,historical-outside-range
K99A,2012,0,Open,historical-outside-range
K99A,2013,0,Open,historical-outside-range
K99A,2014,0,Open,historical-outside-range
K99A,2015,0,Open,historical-outside-range
K99A,2016,0,Open,historical-outside-range
K99A,2017,0,Open,historical-outside-range
K99A,2018,0,Open,historical-outside-range
K99A,2019,0,Open,historical-outside-range
K99A,2020,0,Open,historical-outside-range
K99A,2021,0,Open,historical-outside-range
K99A,2022,0,Open,historical-outside-range
K99A,2023,0,Open,historical-outside-range
K99A,2024,0,Open,historical-outside-range
K99A,2025,0,Open,historical-outside-range
K99B,1975,0,Open,historical-outside-range
K99B,1976,0,Open,historical-outside-range
K99B,1977,0,Open,historical-outside-range
K99B,1978,0,Open,historical
K99B,1979,0,Open,historical
K99B,1980,0,Open,historical-outside-range
K99B,1981,0,Open,historical-outside-range
K99B,1982,0,Open,historical-outside-range
K99B,1983,0,Open,historical-outside-range
K99B,1984,0,Open,historical-outside-range
K99B,1985,0,Open,historical-outside-range
K99B,1986,0,Open,historical-outside-range
K99B,1987,0,Open,historical-outside-range
K99B,1988,0,Open,historical-outside-range
K99B,1989,0,Open,historical-outside-range
K99B,1990,0,Open,historical-outside-range
K99B,1991,0,Open,historical-outside-range
K99B,1992,0,Open,historical-outside-range
K99B,1993,0,Open,historical-outside-range
K99B,1994,0,Open,historical-outside-range
K99B,1995,0,Open,historical-outside-range
K99B,1996,0,Open,historical-outside-range
K99B,1997,0,Open,historical-outside-range
K99B,1998,0,Open,historical-outside-range
K99B,1999,0,Open,historical-outside-range
K99B,2000,0,Open,historical-outside-range
K99B,2001,0,Open,historical-outside-range
K99B,2002,0,Open,historical-outside-range
K99B,2003,0,Open,historical-outside-range
K99B,2004,0,Open,historical-outside-range
K99B,2005,0,Open,historical-outside-range
K99B,2006,0,Open,historical-outside-range
K99B,2007,0,Open,historical-outside-range
K99B,2008,0,Open,historical-outside-range
K99B,2009,0,Open,historical-outside-range
K99B,2010,0,Open,historical-outside-range
K99B,2011,0,Open,historical-outside-range
K99B,2012,0,Open,historical-outside-range
K99B,2013,0,Open,historical-outside-range
K99B,2014,0,Open,historical-outside-range
K99B,2015,0,Open,historical-outside-range
K99B,2016,0,Open,historical-outside-range
K99B,2017,0,Open,historical-outside-range
K99B,2018,0,Open,historical-outside-range
K99B,2019,0,Open,historical-outside-range
K99B,2020,0,Open,historical-outside-range
K99B,2021,0,Open,historical-outside-range
K99B,2022,0,Open,historical-outside-range
K99B,2023,0,Open,historical-outside-range
K99B,2024,0,Open,historical-outside-range
K99B,2025,0,Open,historical-outside-range
K99E,1975,0,Open,historical-outside-range
K99E,1976,0,Open,historical-outside-range
K99E,1977,0,Open,historical-outside-range
K99E,1978,0,Open,historical-outside-range
K99E,1979,0,Open,historical
K99E,1980,0,Open,historical
K99E,1981,0,Open,historical
K99E,1982,0,Open,historical
K99E,1983,0,Open,historical
K99E,1984,0,Open,historical
K99E,1985,0,Open,historical
K99E,1986,0,Open,historical
K99E,1987,0,Open,historical
K99E,1988,0,Open,historical
K99E,1989,0,Open,historical-outside-range
K99E,1990,0,Open,historical-outside-range
K99E,1991,0,Open,historical-outside-range
K99E,1992,0,Open,historical-outside-range
K99E,1993,0,Open,historical-outside-range
K99E,1994,0,Open,historical-outside-range
K99E,1995,0,Open,historical-outside-range
K99E,1996,0,Open,historical-outside-range
K99E,1997,0,Open,historical-outside-range
K99E,1998,0,Open,historical-outside-range
K99E,1999,0,Open,historical-outside-range
K99E,2000,0,Open,historical-outside-range
K99E,2001,0,Open,historical-outside-range
K99E,2002,0,Open,historical-outside-range
K99E,2003,0,Open,historical-outside-range
K99E,2004,0,Open,historical-outside-range
K99E,2005,0,Open,historical-outside-range
K99E,2006,0,Open,historical-outside-range
K99E,2007,0,Open,historical-outside-range
K99E,2008,0,Open,historical-outside-range
K99E,2009,0,Open,historical-outside-range
K99E,2010,0,Open,historical-outside-range
K99E,2011,0,Open,historical-outside-range
K99E,2012,0,Open,historical-outside-range
K99E,2013,0,Open,historical-outside-range
K99E,2014,0,Open,historical-outside-range
K99E,2015,0,Open,historical-outside-range
K99E,2016,0,Open,historical-outside-range
K99E,2017,0,Open,historical-outside-range
K99E,2018,0,Open,historical-outside-range
K99E,2019,0,Open,historical-outside-range
K99E,2020,0,Open,historical-outside-range
K99E,2021,0,Open,historical-outside-range
K99E,2022,0,Open,historical-outside-range
K99E,2023,0,Open,historical-outside-range
K99E,2024,0,Open,historical-outside-range
K99E,2025,0,Open,historical-outside-range
K99H,1975,0,Open,historical-outside-range
K99H,1976,0,Open,historical-outside-range
K99H,1977,0,Open,historical-outside-range
K99H,1978,0,Open,historical-outside-range
K99H,1979,0,Open,historical
K99H,1980,0,Open,historical
K99H,1981,0,Open,historical
K99H,1982,0,Open,historical
K99H,1983,0,Open,historical
K99H,1984,0,Open,historical
K99H,1985,0,Open,historical-outside-range
K99H,1986,0,Open,historical-outside-range
K99H,1987,0,Open,historical-outside-range
K99H,1988,0,Open,historical-outside-range
K99H,1989,0,Open,historical-outside-range
K99H,1990,0,Open,historical-outside-range
K99H,1991,0,Open,historical-outside-range
K99H,1992,0,Open,historical-outside-range
K99H,1993,0,Open,historical-outside-range
K99H,1994,0,Open,historical-outside-range
K99H,1995,0,Open,historical-outside-range
K99H,1996,0,Open,historical-outside-range
K99H,1997,0,Open,historical-outside-range
K99H,1998,0,Open,historical-outside-range
K99H,1999,0,Open,historical-outside-range
K99H,2000,0,Open,historical-outside-range
K99H,2001,0,Open,historical-outside-range
K99H,2002,0,Open,historical-outside-range
K99H,2003,0,Open,historical-outside-range
K99H,2004,0,Open,historical-outside-range
K99H,2005,0,Open,historical-outside-range
K99H,2006,0,Open,historical-outside-range
K99H,2007,0,Open,historical-outside-range
K99H,2008,0,Open,historical-outside-range
K99H,2009,0,Open,historical-outside-range
K99H,2010,0,Open,historical-outside-range
K99H,2011,0,Open,historical-outside-range
K99H,2012,0,Open,historical-outside-range
K99H,2013,0,Open,historical-outside-range
K99H,2014,0,Open,historical-outside-range
K99H,2015,0,Open,historical-outside-range
K99H,2016,0,Open,historical-outside-range
K99H,2017,0,Open,historical-outside-range
K99H,2018,0,Open,historical-outside-range
K99H,2019,0,Open,historical-outside-range
K99H,2020,0,Open,historical-outside-range
K99H,2021,0,Open,historical-outside-range
K99H,2022,0,Open,historical-outside-range
K99H,2023,0,Open,historical-outside-range
K99H,2024,0,Open,historical-outside-range
K99H,2025,0,Open,historical-outside-range
K99K,1975,0,Open,historical-outside-range
K99K,1976,0,Open,historical-outside-range
K99K,1977,0,Open,historical-outside-range
K99K,1978,0,Open,historical-outside-range
K99K,1979,0,Open,historical
K99K,1980,0,Open,historical
K99K,1981,0,Open,historical
K99K,1982,0,Open,historical
K99K,1983,0,Open,historical
K99K,1984,0,Open,historical-outside-range
K99K,1985,0,Open,historical-outside-range
K99K,1986,0,Open,historical-outside-range
K99K,1987,0,Open,historical-outside-range
K99K,1988,0,Open,historical-outside-range
K99K,1989,0,Open,historical-outside-range
K99K,1990,0,Open,historical-outside-range
K99K,1991,0,Open,historical-outside-range
K99K,1992,0,Open,historical-outside-range
K99K,1993,0,Open,historical-outside-range
K99K,1994,0,Open,historical-outside-range
K99K,1995,0,Open,historical-outside-range
K99K,1996,0,Open,historical-outside-range
K99K,1997,0,Open,historical-outside-range
K99K,1998,0,Open,historical-outside-range
K99K,1999,0,Open,historical-outside-range
K99K,2000,0,Open,historical-outside-range
K99K,2001,0,Open,historical-outside-range
K99K,2002,0,Open,historical-outside-range
K99K,2003,0,Open,historical-outside-range
K99K,2004,0,Open,historical-outside-range
K99K,2005,0,Open,historical-outside-range
K99K,2006,0,Open,historical-outside-range
K99K,2007,0,Open,historical-outside-range
K99K,2008,0,Open,historical-outside-range
K99K,2009,0,Open,historical-outside-range
K99K,2010,0,Open,historical-outside-range
K99K,2011,0,Open,historical-outside-range
K99K,2012,0,Open,historical-outside-range
K99K,2013,0,Open,historical-outside-range
K99K,2014,0,Open,historical-outside-range
K99K,2015,0,Open,historical-outside-range
K99K,2016,0,Open,historical-outside-range
K99K,2017,0,Open,historical-outside-range
K99K,2018,0,Open,historical-outside-range
K99K,2019,0,Open,historical-outside-range
K99K,2020,0,Open,historical-outside-range
K99K,2021,0,Open,historical-outside-range
K99K,2022,0,Open,historical-outside-range
K99K,2023,0,Open,historical-outside-range
K99K,2024,0,Open,historical-outside-range
K99K,2025,0,Open,historical-outside-range
K99Q,1975,0,Open,historical-outside-range
K99Q,1976,0,Open,historical-outside-range
K99Q,1977,0,Open,historical-outside-range
K99Q,1978,0,Open,historical
K99Q,1979,0,Open,historical
K99Q,1980,0,Open,historical
K99Q,1981,0,Open,historical
K99Q,1982,0,Open,historical
K99Q,1983,0,Open,historical
K99Q,1984,0,Open,historical
K99Q,1985,0,Open,historical
K99Q,1986,0,Open,historical
K99Q,1987,0,Open,historical
K99Q,1988,0,Open,historical-outside-range
K99Q,1989,0,Open,historical-outside-range
K99Q,1990,0,Open,historical-outside-range
K99Q,1991,0,Open,historical-outside-range
K99Q,1992,0,Open,historical-outside-range
K99Q,1993,0,Open,historical-outside-range
K99Q,1994,0,Open,historical-outside-range
K99Q,1995,0,Open,historical-outside-range
K99Q,1996,0,Open,historical-outside-range
K99Q,1997,0,Open,historical-outside-range
K99Q,1998,0,Open,historical-outside-range
K99Q,1999,0,Open,historical-outside-range
K99Q,2000,0,Open,historical-outside-range
K99Q,2001,0,Open,historical-outside-range
K99Q,2002,0,Open,historical-outside-range
K99Q,2003,0,Open,historical-outside-range
K99Q,2004,0,Open,historical-outside-range
K99Q,2005,0,Open,historical-outside-range
K99Q,2006,0,Open,historical-outside-range
K99Q,2007,0,Open,historical-outside-range
K99Q,2008,0,Open,historical-outside-range
K99Q,2009,0,Open,historical-outside-range
K99Q,2010,0,Open,historical-outside-range
K99Q,2011,0,Open,historical-outside-range
K99Q,2012,0,Open,historical-outside-range
K99Q,2013,0,Open,historical-outside-range
K99Q,2014,0,Open,historical-outside-range
K99Q,2015,0,Open,historical-outside-range
K99Q,2016,0,Open,historical-outside-range
K99Q,2017,0,Open,historical-outside-range
K99Q,2018,0,Open,historical-outside-range
K99Q,2019,0,Open,historical-outside-range
K99Q,2020,0,Open,historical-outside-range
K99Q,2021,0,Open,historical-outside-range
K99Q,2022,0,Open,historical-outside-range
K99Q,2023,0,Open,historical-outside-range
K99Q,2024,0,Open,historical-outside-range
K99Q,2025,0,Open,historical-outside-range
K99Z,1975,0,Open,historical-outside-range
K99Z,1976,0,Open,historical-outside-range
K99Z,1977,0,Open,historical
K99Z,1978,0,Open,historical
K99Z,1979,0,Open,historical
K99Z,1980,0,Open,historical
K99Z,1981,0,Open,historical-outside-range
K99Z,1982,0,Open,historical-outside-range
K99Z,1983,0,Open,historical-outside-range
K99Z,1984,0,Open,historical-outside-range
K99Z,1985,0,Open,historical-outside-range
K99Z,1986,0,Open,historical-outside-range
K99Z,1987,0,Open,historical-outside-range
K99Z,1988,0,Open,historical-outside-range
K99Z,1989,0,Open,historical-outside-range
K99Z,1990,0,Open,historical-outside-range
K99Z,1991,0,Open,historical-outside-range
K99Z,1992,0,Open,historical-outside-range
K99Z,1993,0,Open,historical-outside-range
K99Z,1994,0,Open,historical-outside-range
K99Z,1995,0,Open,historical-outside-range
K99Z,1996,0,Open,historical-outside-range
K99Z,1997,0,Open,historical-outside-range
K99Z,1998,0,Open,historical-outside-range
K99Z,1999,0,Open,historical-outside-range
K99Z,2000,0,Open,historical-outside-range
K99Z,2001,0,Open,historical-outside-range
K99Z,2002,0,Open,historical-outside-range
K99Z,2003,0,Open,historical-outside-range
K99Z,2004,0,Open,historical-outside-range
K99Z,2005,0,Open,historical-outside-range
K99Z,2006,0,Open,historical-outside-range
K99Z,2007,0,Open,historical-outside-range
K99Z,2008,0,Open,historical-outside-range
K99Z,2009,0,Open,historical-outside-range
K99Z,2010,0,Open,historical-outside-range
K99Z,2011,0,Open,historical-outside-range
K99Z,2012,0,Open,historical-outside-range
K99Z,2013,0,Open,historical-outside-range
K99Z,2014,0,Open,historical-outside-range
K99Z,2015,0,Open,historical-outside-range
K99Z,2016,0,Open,historical-outside-range
K99Z,2017,0,Open,historical-outside-range
K99Z,2018,0,Open,historical-outside-range
K99Z,2019,0,Open,historical-outside-range
K99Z,2020,0,Open,historical-outside-range
K99Z,2021,0,Open,historical-outside-range
K99Z,2022,0,Open,historical-outside-range
K99Z,2023,0,Open,historical-outside-range
K99Z,2024,0,Open,historical-outside-range
K99Z,2025,0,Open,historical-outside-range
L12E,1975,0,Open,current
L12E,1976,0,Open,current
L12E,1977,0,Open,current
L12E,1978,0,Open,current
L12E,1979,0,Open,current
L12E,1980,0,Open,current
L12E,1981,0,Open,current
L12E,1982,0,Open,current
L12E,1983,0,Open,historical
L12E,1984,0,Open,historical
L12E,1985,0,Open,historical
L12E,1986,0,Open,historical
L12E,1987,0,Open,historical
L12E,1988,0,Open,historical
L12E,1989,0,Open,historical
L12E,1990,0,Open,historical
L12E,1991,0,Open,historical
L12E,1992,0,Open,historical
L12E,1993,0,Open,historical
L12E,1994,0,Open,historical
L12E,1995,0,Open,historical
L12E,1996,0,Open,historical
L12E,1997,0,Open,historical
L12E,1998,0,Open,historical
L12E,1999,0,Open,historical
L12E,2000,0,Open,historical
L12E,2001,0,Open,historical
L12E,2002,0,Open,historical
L12E,2003,0,Open,historical
L12E,2004,0,Open,historical
L12E,2005,0,Open,historical
L12E,2006,0,Open,historical
L12E,2007,0,Open,historical
L12E,2008,0,Open,historical
L12E,2009,0,Open,historical
L12E,2010,0,Open,historical
L12E,2011,0,Open,historical
L12E,2012,0,Open,historical
L12E,2013,0,Open,historical
L12E,2014,0,Open,historical
L12E,2015,0,Open,historical
L12E,2016,0,Open,historical
L12E,2017,0,Open,historical
L12E,2018,0,Open,historical
L12E,2019,0,Open,historical
L12E,2020,0,Open,historical
L12E,2021,0,Open,historical
L12E,2022,0,Open,current
L12E,2023,0,Open,current
L12E,2024,0,Open,current
L12E,2025,0,Open,current
L12Q,1975,0,Open,historical-outside-range
L12Q,1976,0,Open,historical-outside-range
L12Q,1977,0,Open,historical-outside-range
L12Q,1978,0,Open,historical-outside-range
L12Q,1979,0,Open,historical-outside-range
L12Q,1980,0,Open,historical-outside-range
L12Q,1981,0,Open,historical-outside-range
L12Q,1982,0,Open,historical-outside-range
L12Q,1983,0,Open,historical-outside-range
L12Q,1984,0,Open,historical-outside-range
L12Q,1985,0,Open,historical-outside-range
L12Q,1986,0,Open,historical-outside-range
L12Q,1987,0,Open,historical-outside-range
L12Q,1988,0,Open,historical-outside-range
L12Q,1989,0,Open,historical-outside-range
L12Q,1990,0,Open,historical-outside-range
L12Q,1991,0,Open,historical-outside-range
L12Q,1992,0,Open,historical-outside-range
L12Q,1993,0,Open,historical-outside-range
L12Q,1994,0,Open,historical-outside-range
L12Q,1995,0,Open,historical-outside-range
L12Q,1996,0,Open,historical-outside-range
L12Q,1997,0,Open,historical-outside-range
L12Q,1998,0,Open,historical-outside-range
L12Q,1999,0,Open,historical-outside-range
L12Q,2000,0,Open,historical-outside-range
L12Q,2001,0,Open,historical-outside-range
L12Q,2002,0,Open,historical-outside-range
L12Q,2003,0,Open,historical-outside-range
L12Q,2004,0,Open,historical-outside-range
L12Q,2005,0,Open,historical-outside-range
L12Q,2006,0,Open,historical-outside-range
L12Q,2007,0,Open,historical-outside-range
L12Q,2008,0,Open,historical-outside-range
L12Q,2009,0,Open,historical-outside-range
L12Q,2010,0,Open,historical-outside-range
L12Q,2011,0,Open,historical-outside-range
L12Q,2012,0,Open,historical-outside-range
L12Q,2013,0,Open,historical-outside-range
L12Q,2014,0,Open,historical-outside-range
L12Q,2015,0,Open,historical-outside-range
L12Q,2016,0,Open,historical-outside-range
L12Q,2017,0,Open,historical-outside-range
L12Q,2018,0,Open,historical-outside-range
L12Q,2019,0,Open,historical-outside-range
L12Q,2020,0,Open,historical-outside-range
L12Q,2021,0,Open,historical-outside-range
L12Q,2022,0,Open,historical-outside-range
L12Q,2023,0,Open,historical-outside-range
L12Q,2024,0,Open,historical-outside-range
L12Q,2025,0,Open,historical-outside-range
L12T,1975,1,Limited,current
L12T,1976,1,Limited,current
L12T,1977,1,Limited,current
L12T,1978,1,Limited,current
L12T,1979,1,Limited,current
L12T,1980,1,Limited,current
L12T,1981,1,Limited,current
L12T,1982,1,Limited,current
L12T,1983,1,Limited,historical
L12T,1984,1,Limited,historical
L12T,1985,1,Limited,historical
L12T,1986,1,Limited,historical
L12T,1987,1,Limited,historical
L12T,1988,1,Limited,historical
L12T,1989,1,Limited,historical
L12T,1990,1,Limited,historical
L12T,1991,1,Limited,historical
L12T,1992,1,Limited,historical
L12T,1993,1,Limited,historical
L12T,1994,1,Limited,historical
L12T,1995,1,Limited,historical
L12T,1996,1,Limited,current
L12T,1997,1,Limited,current
L12T,1998,1,Limited,current
L12T,1999,1,Limited,current
L12T,2000,1,Limited,current
L12T,2001,1,Limited,current
L12T,2002,1,Limited,current
L12T,2003,1,Limited,current
L12T,2004,1,Limited,current
L12T,2005,1,Limited,current
L12T,2006,1,Limited,current
L12T,2007,1,Limited,current
L12T,2008,1,Limited,current
L12T,2009,1,Limited,current
L12T,2010,1,Limited,current
L12T,2011,1,Limited,current
L12T,2012,1,Limited,current
L12T,2013,1,Limited,current
L12T,2014,1,Limited,current
L12T,2015,1,Limited,current
L12T,2016,1,Limited,current
L12T,2017,1,Limited,current
L12T,2018,1,Limited,current
L12T,2019,1,Limited,current
L12T,2020,1,Limited,current
L12T,2021,1,Limited,current
L12T,2022,1,Limited,current
L12T,2023,1,Limited,current
L12T,2024,1,Limited,current
L12T,2025,1,Limited,current
L12Z,1975,0,Open,historical-outside-range
L12Z,1976,0,Open,historical-outside-range
L12Z,1977,0,Open,historical-outside-range
L12Z,1978,0,Open,historical-outside-range
L12Z,1979,0,Open,historical-outside-range
L12Z,1980,0,Open,historical-outside-range
L12Z,1981,0,Open,historical-outside-range
L12Z,1982,0,Open,historical-outside-range
L12Z,1983,0,Open,historical-outside-range
L12Z,1984,0,Open,historical
L12Z,1985,0,Open,historical
L12Z,1986,0,Open,historical
L12Z,1987,0,Open,historical
L12Z,1988,0,Open,historical-outside-range
L12Z,1989,0,Open,historical-outside-range
L12Z,1990,0,Open,historical-outside-range
L12Z,1991,0,Open,historical-outside-range
L12Z,1992,0,Open,historical-outside-range
L12Z,1993,0,Open,historical-outside-range
L12Z,1994,0,Open,historical-outside-range
L12Z,1995,0,Open,historical-outside-range
L12Z,1996,0,Open,historical-outside-range
L12Z,1997,0,Open,historical-outside-range
L12Z,1998,0,Open,historical-outside-range
L12Z,1999,0,Open,historical-outside-range
L12Z,2000,0,Open,historical-outside-range
L12Z,2001,0,Open,historical-outside-range
L12Z,2002,0,Open,historical-outside-range
L12Z,2003,0,Open,historical-outside-range
L12Z,2004,0,Open,historical-outside-range
L12Z,2005,0,Open,historical-outside-range
L12Z,2006,0,Open,historical-outside-range
L12Z,2007,0,Open,historical-outside-range
L12Z,2008,0,Open,historical-outside-range
L12Z,2009,0,Open,historical-outside-range
L12Z,2010,0,Open,historical-outside-range
L12Z,2011,0,Open,historical-outside-range
L12Z,2012,0,Open,historical-outside-range
L12Z,2013,0,Open,historical-outside-range
L12Z,2014,0,Open,historical-outside-range
L12Z,2015,0,Open,historical-outside-range
L12Z,2016,0,Open,historical-outside-range
L12Z,2017,0,Open,historical-outside-range
L12Z,2018,0,Open,historical-outside-range
L12Z,2019,0,Open,historical-outside-range
L12Z,2020,0,Open,historical-outside-range
L12Z,2021,0,Open,historical-outside-range
L12Z,2022,0,Open,historical-outside-range
L12Z,2023,0,Open,historical-outside-range
L12Z,2024,0,Open,historical-outside-range
L12Z,2025,0,Open,historical-outside-range
L18B,1975,0,Open,historical-outside-range
L18B,1976,0,Open,historical-outside-range
L18B,1977,0,Open,historical-outside-range
L18B,1978,0,Open,historical-outside-range
L18B,1979,0,Open,historical-outside-range
L18B,1980,0,Open,historical-outside-range
L18B,1981,0,Open,historical-outside-range
L18B,1982,0,Open,historical-outside-range
L18B,1983,0,Open,historical-outside-range
L18B,1984,0,Open,historical-outside-range
L18B,1985,0,Open,historical-outside-range
L18B,1986,0,Open,historical-outside-range
L18B,1987,0,Open,historical-outside-range
L18B,1988,0,Open,historical-outside-range
L18B,1989,0,Open,historical-outside-range
L18B,1990,0,Open,historical-outside-range
L18B,1991,0,Open,historical-outside-range
L18B,1992,0,Open,historical-outside-range
L18B,1993,0,Open,historical-outside-range
L18B,1994,0,Open,historical-outside-range
L18B,1995,0,Open,historical-outside-range
L18B,1996,0,Open,historical-outside-range
L18B,1997,0,Open,historical-outside-range
L18B,1998,0,Open,historical-outside-range
L18B,1999,0,Open,historical-outside-range
L18B,2000,0,Open,historical-outside-range
L18B,2001,0,Open,historical-outside-range
L18B,2002,0,Open,historical-outside-range
L18B,2003,0,Open,historical-outside-range
L18B,2004,0,Open,historical-outside-range
L18B,2005,0,Open,historical-outside-range
L18B,2006,0,Open,historical-outside-range
L18B,2007,0,Open,historical-outside-range
L18B,2008,0,Open,historical-outside-range
L18B,2009,0,Open,historical-outside-range
L18B,2010,0,Open,historical-outside-range
L18B,2011,0,Open,historical-outside-range
L18B,2012,0,Open,historical-outside-range
L18B,2013,0,Open,historical-outside-range
L18B,2014,0,Open,historical-outside-range
L18B,2015,0,Open,historical-outside-range
L18B,2016,0,Open,historical-outside-range
L18B,2017,0,Open,historical-outside-range
L18B,2018,0,Open,historical-outside-range
L18B,2019,0,Open,historical-outside-range
L18B,2020,0,Open,historical-outside-range
L18B,2021,0,Open,historical-outside-range
L18B,2022,0,Open,historical-outside-range
L18B,2023,0,Open,historical-outside-range
L18B,2024,0,Open,historical-outside-range
L18B,2025,0,Open,historical-outside-range
L21A,1975,1,Limited,current
L21A,1976,1,Limited,current
L21A,1977,1,Limited,current
L21A,1978,1,Limited,current
L21A,1979,1,Limited,current
L21A,1980,1,Limited,current
L21A,1981,1,Limited,current
L21A,1982,1,Limited,current
L21A,1983,1,Limited,current
L21A,1984,1,Limited,current
L21A,1985,1,Limited,current
L21A,1986,1,Limited,current
L21A,1987,1,Limited,current
L21A,1988,1,Limited,current
L21A,1989,1,Limited,current
L21A,1990,1,Limited,historical
L21A,1991,1,Limited,historical
L21A,1992,1,Limited,historical
L21A,1993,1,Limited,historical
L21A,1994,1,Limited,historical
L21A,1995,1,Limited,historical
L21A,1996,1,Limited,historical
L21A,1997,1,Limited,historical
L21A,1998,1,Limited,historical
L21A,1999,1,Limited,historical
L21A,2000,1,Limited,historical
L21A,2001,1,Limited,historical
L21A,2002,1,Limited,historical
L21A,2003,1,Limited,historical
L21A,2004,1,Limited,historical
L21A,2005,1,Limited,historical
L21A,2006,1,Limited,historical
L21A,2007,1,Limited,historical
L21A,2008,1,Limited,historical
L21A,2009,1,Limited,historical
L21A,2010,1,Limited,historical
L21A,2011,1,Limited,historical
L21A,2012,1,Limited,historical
L21A,2013,1,Limited,historical
L21A,2014,1,Limited,historical
L21A,2015,1,Limited,historical
L21A,2016,1,Limited,historical
L21A,2017,1,Limited,historical
L21A,2018,1,Limited,historical
L21A,2019,1,Limited,historical
L21A,2020,1,Limited,historical
L21A,2021,1,Limited,historical
L21A,2022,1,Limited,current
L21A,2023,1,Limited,current
L21A,2024,1,Limited,current
L21A,2025,1,Limited,current
L21B,1975,0,Open,historical-outside-range
L21B,1976,0,Open,historical-outside-range
L21B,1977,0,Open,historical-outside-range
L21B,1978,0,Open,historical-outside-range
L21B,1979,0,Open,historical
L21B,1980,0,Open,historical
L21B,1981,0,Open,historical-outside-range
L21B,1982,0,Open,historical-outside-range
L21B,1983,0,Open,historical-outside-range
L21B,1984,0,Open,historical-outside-range
L21B,1985,0,Open,historical-outside-range
L21B,1986,0,Open,historical-outside-range
L21B,1987,0,Open,historical-outside-range
L21B,1988,0,Open,historical-outside-range
L21B,1989,0,Open,historical-outside-range
L21B,1990,0,Open,historical-outside-range
L21B,1991,0,Open,historical-outside-range
L21B,1992,0,Open,historical-outside-range
L21B,1993,0,Open,historical-outside-range
L21B,1994,0,Open,historical-outside-range
L21B,1995,0,Open,historical-outside-range
L21B,1996,0,Open,historical-outside-range
L21B,1997,0,Open,historical-outside-range
L21B,1998,0,Open,historical-outside-range
L21B,1999,0,Open,historical-outside-range
L21B,2000,0,Open,historical-outside-range
L21B,2001,0,Open,historical-outside-range
L21B,2002,0,Open,historical-outside-range
L21B,2003,0,Open,historical-outside-range
L21B,2004,0,Open,historical-outside-range
L21B,2005,0,Open,historical-outside-range
L21B,2006,0,Open,historical-outside-range
L21B,2007,0,Open,historical-outside-range
L21B,2008,0,Open,historical-outside-range
L21B,2009,0,Open,historical-outside-range
L21B,2010,0,Open,historical-outside-range
L21B,2011,0,Open,historical-outside-range
L21B,2012,0,Open,historical-outside-range
L21B,2013,0,Open,historical-outside-range
L21B,2014,0,Open,historical-outside-range
L21B,2015,0,Open,historical-outside-range
L21B,2016,0,Open,historical-outside-range
L21B,2017,0,Open,historical-outside-range
L21B,2018,0,Open,historical-outside-range
L21B,2019,0,Open,historical-outside-range
L21B,2020,0,Open,historical-outside-range
L21B,2021,0,Open,historical-outside-range
L21B,2022,0,Open,historical-outside-range
L21B,2023,0,Open,historical-outside-range
L21B,2024,0,Open,historical-outside-range
L21B,2025,0,Open,historical-outside-range
L21C,1975,1,Limited,current
L21C,1976,1,Limited,current
L21C,1977,1,Limited,current
L21C,1978,1,Limited,current
L21C,1979,1,Limited,current
L21C,1980,1,Limited,current
L21C,1981,1,Limited,current
L21C,1982,1,Limited,current
L21C,1983,1,Limited,current
L21C,1984,1,Limited,current
L21C,1985,1,Limited,current
L21C,1986,1,Limited,current
L21C,1987,1,Limited,current
L21C,1988,1,Limited,current
L21C,1989,1,Limited,current
L21C,1990,1,Limited,current
L21C,1991,1,Limited,current
L21C,1992,1,Limited,current
L21C,1993,1,Limited,current
L21C,1994,1,Limited,current
L21C,1995,1,Limited,historical
L21C,1996,1,Limited,historical
L21C,1997,1,Limited,historical
L21C,1998,1,Limited,historical
L21C,1999,1,Limited,historical
L21C,2000,1,Limited,historical
L21C,2001,1,Limited,historical
L21C,2002,1,Limited,historical
L21C,2003,1,Limited,historical
L21C,2004,1,Limited,historical
L21C,2005,1,Limited,historical
L21C,2006,1,Limited,historical
L21C,2007,1,Limited,historical
L21C,2008,1,Limited,historical
L21C,2009,1,Limited,historical
L21C,2010,1,Limited,historical
L21C,2011,1,Limited,historical
L21C,2012,1,Limited,historical
L21C,2013,1,Limited,historical
L21C,2014,1,Limited,historical
L21C,2015,1,Limited,historical
L21C,2016,1,Limited,historical
L21C,2017,1,Limited,historical
L21C,2018,1,Limited,historical
L21C,2019,1,Limited,historical
L21C,2020,1,Limited,historical
L21C,2021,1,Limited,historical
L21C,2022,1,Limited,current
L21C,2023,1,Limited,current
L21C,2024,1,Limited,current
L21C,2025,1,Limited,current
L21E,1975,1,Limited,current
L21E,1976,1,Limited,current
L21E,1977,1,Limited,current
L21E,1978,1,Limited,current
L21E,1979,1,Limited,current
L21E,1980,1,Limited,current
L21E,1981,1,Limited,historical
L21E,1982,1,Limited,historical
L21E,1983,1,Limited,historical
L21E,1984,1,Limited,historical
L21E,1985,1,Limited,historical
L21E,1986,1,Limited,historical
L21E,1987,1,Limited,historical
L21E,1988,1,Limited,historical
L21E,1989,1,Limited,historical
L21E,1990,1,Limited,historical
L21E,1991,1,Limited,historical
L21E,1992,1,Limited,historical
L21E,1993,1,Limited,historical
L21E,1994,1,Limited,historical
L21E,1995,1,Limited,historical
L21E,1996,1,Limited,historical
L21E,1997,1,Limited,historical
L21E,1998,1,Limited,historical
L21E,1999,1,Limited,historical
L21E,2000,1,Limited,historical
L21E,2001,1,Limited,historical
L21E,2002,1,Limited,historical
L21E,2003,1,Limited,historical
L21E,2004,1,Limited,historical
L21E,2005,1,Limited,historical
L21E,2006,1,Limited,historical
L21E,2007,1,Limited,historical
L21E,2008,1,Limited,historical
L21E,2009,1,Limited,historical
L21E,2010,1,Limited,historical
L21E,2011,1,Limited,historical
L21E,2012,1,Limited,historical
L21E,2013,1,Limited,historical
L21E,2014,1,Limited,historical
L21E,2015,1,Limited,historical
L21E,2016,1,Limited,historical
L21E,2017,1,Limited,historical
L21E,2018,1,Limited,historical
L21E,2019,1,Limited,historical
L21E,2020,1,Limited,historical
L21E,2021,1,Limited,historical
L21E,2022,1,Limited,current
L21E,2023,1,Limited,current
L21E,2024,1,Limited,current
L21E,2025,1,Limited,current
L21M,1975,0,Open,historical-outside-range
L21M,1976,0,Open,historical-outside-range
L21M,1977,0,Open,historical-outside-range
L21M,1978,0,Open,historical-outside-range
L21M,1979,0,Open,historical-outside-range
L21M,1980,0,Open,historical-outside-range
L21M,1981,0,Open,historical-outside-range
L21M,1982,0,Open,historical-outside-range
L21M,1983,0,Open,historical-outside-range
L21M,1984,0,Open,historical-outside-range
L21M,1985,0,Open,historical
L21M,1986,0,Open,historical
L21M,1987,0,Open,historical
L21M,1988,0,Open,historical
L21M,1989,0,Open,historical
L21M,1990,0,Open,historical-outside-range
L21M,1991,0,Open,historical-outside-range
L21M,1992,0,Open,historical-outside-range
L21M,1993,0,Open,historical-outside-range
L21M,1994,0,Open,historical-outside-range
L21M,1995,0,Open,historical-outside-range
L21M,1996,0,Open,historical-outside-range
L21M,1997,0,Open,historical-outside-range
L21M,1998,0,Open,historical-outside-range
L21M,1999,0,Open,historical-outside-range
L21M,2000,0,Open,historical-outside-range
L21M,2001,0,Open,historical-outside-range
L21M,2002,0,Open,historical-outside-range
L21M,2003,0,Open,historical-outside-range
L21M,2004,0,Open,historical-outside-range
L21M,2005,0,Open,historical-outside-range
L21M,2006,0,Open,historical-outside-range
L21M,2007,0,Open,historical-outside-range
L21M,2008,0,Open,historical-outside-range
L21M,2009,0,Open,historical-outside-range
L21M,2010,0,Open,historical-outside-range
L21M,2011,0,Open,historical-outside-range
L21M,2012,0,Open,historical-outside-range
L21M,2013,0,Open,historical-outside-range
L21M,2014,0,Open,historical-outside-range
L21M,2015,0,Open,historical-outside-range
L21M,2016,0,Open,historical-outside-range
L21M,2017,0,Open,historical-outside-range
L21M,2018,0,Open,historical-outside-range
L21M,2019,0,Open,historical-outside-range
L21M,2020,0,Open,historical-outside-range
L21M,2021,0,Open,historical-outside-range
L21M,2022,0,Open,historical-outside-range
L21M,2023,0,Open,historical-outside-range
L21M,2024,0,Open,historical-outside-range
L21M,2025,0,Open,historical-outside-range
L21X,1975,0,Open,historical-outside-range
L21X,1976,0,Open,historical-outside-range
L21X,1977,0,Open,historical-outside-range
L21X,1978,0,Open,historical-outside-range
L21X,1979,0,Open,historical-outside-range
L21X,1980,0,Open,historical-outside-range
L21X,1981,0,Open,historical-outside-range
L21X,1982,0,Open,historical-outside-range
L21X,1983,0,Open,historical-outside-range
L21X,1984,0,Open,historical-outside-range
L21X,1985,0,Open,historical
L21X,1986,0,Open,historical
L21X,1987,0,Open,historical
L21X,1988,0,Open,historical
L21X,1989,0,Open,historical
L21X,1990,0,Open,historical
L21X,1991,0,Open,historical
L21X,1992,0,Open,historical
L21X,1993,0,Open,historical
L21X,1994,0,Open,historical
L21X,1995,0,Open,historical
L21X,1996,0,Open,historical
L21X,1997,0,Open,historical
L21X,1998,0,Open,historical
L21X,1999,0,Open,historical
L21X,2000,0,Open,historical
L21X,2001,0,Open,historical
L21X,2002,0,Open,historical-outside-range
L21X,2003,0,Open,historical-outside-range
L21X,2004,0,Open,historical-outside-range
L21X,2005,0,Open,historical-outside-range
L21X,2006,0,Open,historical-outside-range
L21X,2007,0,Open,historical-outside-range
L21X,2008,0,Open,historical-outside-range
L21X,2009,0,Open,historical-outside-range
L21X,2010,0,Open,historical-outside-range
L21X,2011,0,Open,historical-outside-range
L21X,2012,0,Open,historical-outside-range
L21X,2013,0,Open,historical-outside-range
L21X,2014,0,Open,historical-outside-range
L21X,2015,0,Open,historical-outside-range
L21X,2016,0,Open,historical-outside-range
L21X,2017,0,Open,historical-outside-range
L21X,2018,0,Open,historical-outside-range
L21X,2019,0,Open,historical-outside-range
L21X,2020,0,Open,historical-outside-range
L21X,2021,0,Open,historical-outside-range
L21X,2022,0,Open,historical-outside-range
L21X,2023,0,Open,historical-outside-range
L21X,2024,0,Open,historical-outside-range
L21X,2025,0,Open,historical-outside-range
L99B,1975,0,Open,historical
L99B,1976,0,Open,historical
L99B,1977,0,Open,historical
L99B,1978,0,Open,historical
L99B,1979,0,Open,historical
L99B,1980,0,Open,historical
L99B,1981,0,Open,historical-outside-range
L99B,1982,0,Open,historical-outside-range
L99B,1983,0,Open,historical-outside-range
L99B,1984,0,Open,historical-outside-range
L99B,1985,0,Open,historical-outside-range
L99B,1986,0,Open,historical-outside-range
L99B,1987,0,Open,historical-outside-range
L99B,1988,0,Open,historical-outside-range
L99B,1989,0,Open,historical-outside-range
L99B,1990,0,Open,historical-outside-range
L99B,1991,0,Open,historical-outside-range
L99B,1992,0,Open,historical-outside-range
L99B,1993,0,Open,historical-outside-range
L99B,1994,0,Open,historical-outside-range
L99B,1995,0,Open,historical-outside-range
L99B,1996,0,Open,historical-outside-range
L99B,1997,0,Open,historical-outside-range
L99B,1998,0,Open,historical-outside-range
L99B,1999,0,Open,historical-outside-range
L99B,2000,0,Open,historical-outside-range
L99B,2001,0,Open,historical-outside-range
L99B,2002,0,Open,historical-outside-range
L99B,2003,0,Open,historical-outside-range
L99B,2004,0,Open,historical-outside-range
L99B,2005,0,Open,historical-outside-range
L99B,2006,0,Open,historical-outside-range
L99B,2007,0,Open,historical-outside-range
L99B,2008,0,Open,historical-outside-range
L99B,2009,0,Open,historical-outside-range
L99B,2010,0,Open,historical-outside-range
L99B,2011,0,Open,historical-outside-range
L99B,2012,0,Open,historical-outside-range
L99B,2013,0,Open,historical-outside-range
L99B,2014,0,Open,historical-outside-range
L99B,2015,0,Open,historical-outside-range
L99B,2016,0,Open,historical-outside-range
L99B,2017,0,Open,historical-outside-range
L99B,2018,0,Open,historical-outside-range
L99B,2019,0,Open,historical-outside-range
L99B,2020,0,Open,historical-outside-range
L99B,2021,0,Open,historical-outside-range
L99B,2022,0,Open,historical-outside-range
L99B,2023,0,Open,historical-outside-range
L99B,2024,0,Open,historical-outside-range
L99B,2025,0,Open,historical-outside-range
L99E,1975,0,Open,historical-outside-range
L99E,1976,0,Open,historical-outside-range
L99E,1977,0,Open,historical-outside-range
L99E,1978,0,Open,historical-outside-range
L99E,1979,0,Open,historical-outside-range
L99E,1980,0,Open,historical-outside-range
L99E,1981,0,Open,historical-outside-range
L99E,1982,0,Open,historical-outside-range
L99E,1983,0,Open,historical-outside-range
L99E,1984,0,Open,historical-outside-range
L99E,1985,0,Open,historical-outside-range
L99E,1986,0,Open,historical-outside-range
L99E,1987,0,Open,historical-outside-range
L99E,1988,0,Open,historical-outside-range
L99E,1989,0,Open,historical-outside-range
L99E,1990,0,Open,historical-outside-range
L99E,1991,0,Open,historical-outside-range
L99E,1992,0,Open,historical-outside-range
L99E,1993,0,Open,historical-outside-range
L99E,1994,0,Open,historical-outside-range
L99E,1995,0,Open,historical-outside-range
L99E,1996,0,Open,historical-outside-range
L99E,1997,0,Open,historical-outside-range
L99E,1998,0,Open,historical-outside-range
L99E,1999,0,Open,historical-outside-range
L99E,2000,0,Open,historical-outside-range
L99E,2001,0,Open,historical-outside-range
L99E,2002,0,Open,historical-outside-range
L99E,2003,0,Open,historical-outside-range
L99E,2004,0,Open,historical-outside-range
L99E,2005,0,Open,historical-outside-range
L99E,2006,0,Open,historical-outside-range
L99E,2007,0,Open,historical-outside-range
L99E,2008,0,Open,historical-outside-range
L99E,2009,0,Open,historical-outside-range
L99E,2010,0,Open,historical-outside-range
L99E,2011,0,Open,historical-outside-range
L99E,2012,0,Open,historical-outside-range
L99E,2013,0,Open,historical-outside-range
L99E,2014,0,Open,historical-outside-range
L99E,2015,0,Open,historical-outside-range
L99E,2016,0,Open,historical-outside-range
L99E,2017,0,Open,historical-outside-range
L99E,2018,0,Open,historical-outside-range
L99E,2019,0,Open,historical-outside-range
L99E,2020,0,Open,historical-outside-range
L99E,2021,0,Open,historical-outside-range
L99E,2022,0,Open,historical-outside-range
L99E,2023,0,Open,historical-outside-range
L99E,2024,0,Open,historical-outside-range
L99E,2025,0,Open,historical-outside-range
L99J,1975,0,Open,historical-outside-range
L99J,1976,0,Open,historical-outside-range
L99J,1977,0,Open,historical-outside-range
L99J,1978,0,Open,historical-outside-range
L99J,1979,0,Open,historical-outside-range
L99J,1980,0,Open,historical
L99J,1981,0,Open,historical
L99J,1982,0,Open,historical
L99J,1983,0,Open,historical-outside-range
L99J,1984,0,Open,historical-outside-range
L99J,1985,0,Open,historical-outside-range
L99J,1986,0,Open,historical-outside-range
L99J,1987,0,Open,historical-outside-range
L99J,1988,0,Open,historical-outside-range
L99J,1989,0,Open,historical-outside-range
L99J,1990,0,Open,historical-outside-range
L99J,1991,0,Open,historical-outside-range
L99J,1992,0,Open,historical-outside-range
L99J,1993,0,Open,historical-outside-range
L99J,1994,0,Open,historical-outside-range
L99J,1995,0,Open,historical-outside-range
L99J,1996,0,Open,historical-outside-range
L99J,1997,0,Open,historical-outside-range
L99J,1998,0,Open,historical-outside-range
L99J,1999,0,Open,historical-outside-range
L99J,2000,0,Open,historical-outside-range
L99J,2001,0,Open,historical-outside-range
L99J,2002,0,Open,historical-outside-range
L99J,2003,0,Open,historical-outside-range
L99J,2004,0,Open,historical-outside-range
L99J,2005,0,Open,historical-outside-range
L99J,2006,0,Open,historical-outside-range
L99J,2007,0,Open,historical-outside-range
L99J,2008,0,Open,historical-outside-range
L99J,2009,0,Open,historical-outside-range
L99J,2010,0,Open,historical-outside-range
L99J,2011,0,Open,historical-outside-range
L99J,2012,0,Open,historical-outside-range
L99J,2013,0,Open,historical-outside-range
L99J,2014,0,Open,historical-outside-range
L99J,2015,0,Open,historical-outside-range
L99J,2016,0,Open,historical-outside-range
L99J,2017,0,Open,historical-outside-range
L99J,2018,0,Open,historical-outside-range
L99J,2019,0,Open,historical-outside-range
L99J,2020,0,Open,historical-outside-range
L99J,2021,0,Open,historical-outside-range
L99J,2022,0,Open,historical-outside-range
L99J,2023,0,Open,historical-outside-range
L99J,2024,0,Open,historical-outside-range
L99J,2025,0,Open,historical-outside-range
M01A,1975,0,Open,historical-outside-range
M01A,1976,0,Open,historical
M01A,1977,0,Open,historical
M01A,1978,0,Open,historical
M01A,1979,0,Open,historical
M01A,1980,0,Open,historical-outside-range
M01A,1981,0,Open,historical-outside-range
M01A,1982,0,Open,historical-outside-range
M01A,1983,0,Open,historical-outside-range
M01A,1984,0,Open,historical-outside-range
M01A,1985,0,Open,historical-outside-range
M01A,1986,0,Open,historical-outside-range
M01A,1987,0,Open,historical-outside-range
M01A,1988,0,Open,historical-outside-range
M01A,1989,0,Open,historical-outside-range
M01A,1990,0,Open,historical-outside-range
M01A,1991,0,Open,historical-outside-range
M01A,1992,0,Open,historical-outside-range
M01A,1993,0,Open,historical-outside-range
M01A,1994,0,Open,historical-outside-range
M01A,1995,0,Open,historical-outside-range
M01A,1996,0,Open,historical-outside-range
M01A,1997,0,Open,historical-outside-range
M01A,1998,0,Open,historical-outside-range
M01A,1999,0,Open,historical-outside-range
M01A,2000,0,Open,historical-outside-range
M01A,2001,0,Open,historical-outside-range
M01A,2002,0,Open,historical-outside-range
M01A,2003,0,Open,historical-outside-range
M01A,2004,0,Open,historical-outside-range
M01A,2005,0,Open,historical-outside-range
M01A,2006,0,Open,historical-outside-range
M01A,2007,0,Open,historical-outside-range
M01A,2008,0,Open,historical-outside-range
M01A,2009,0,Open,historical-outside-range
M01A,2010,0,Open,historical-outside-range
M01A,2011,0,Open,historical-outside-range
M01A,2012,0,Open,historical-outside-range
M01A,2013,0,Open,historical-outside-range
M01A,2014,0,Open,historical-outside-range
M01A,2015,0,Open,historical-outside-range
M01A,2016,0,Open,historical-outside-range
M01A,2017,0,Open,historical-outside-range
M01A,2018,0,Open,historical-outside-range
M01A,2019,0,Open,historical-outside-range
M01A,2020,0,Open,historical-outside-range
M01A,2021,0,Open,historical-outside-range
M01A,2022,0,Open,historical-outside-range
M01A,2023,0,Open,historical-outside-range
M01A,2024,0,Open,historical-outside-range
M01A,2025,0,Open,historical-outside-range
M01B,1975,0,Open,current
M01B,1976,0,Open,current
M01B,1977,0,Open,historical
M01B,1978,0,Open,historical
M01B,1979,0,Open,historical
M01B,1980,0,Open,historical
M01B,1981,0,Open,historical
M01B,1982,0,Open,historical
M01B,1983,0,Open,historical
M01B,1984,0,Open,historical
M01B,1985,0,Open,historical
M01B,1986,0,Open,historical
M01B,1987,0,Open,historical
M01B,1988,0,Open,historical
M01B,1989,0,Open,historical
M01B,1990,0,Open,historical
M01B,1991,0,Open,historical
M01B,1992,0,Open,historical
M01B,1993,0,Open,historical
M01B,1994,0,Open,historical
M01B,1995,0,Open,historical
M01B,1996,0,Open,historical
M01B,1997,0,Open,historical
M01B,1998,0,Open,historical
M01B,1999,0,Open,historical
M01B,2000,0,Open,historical
M01B,2001,0,Open,historical
M01B,2002,0,Open,historical
M01B,2003,0,Open,historical
M01B,2004,0,Open,historical
M01B,2005,0,Open,historical
M01B,2006,0,Open,historical
M01B,2007,0,Open,historical
M01B,2008,0,Open,historical
M01B,2009,0,Open,historical
M01B,2010,0,Open,historical
M01B,2011,0,Open,historical
M01B,2012,0,Open,historical
M01B,2013,0,Open,historical
M01B,2014,0,Open,historical
M01B,2015,0,Open,historical
M01B,2016,0,Open,historical
M01B,2017,0,Open,historical
M01B,2018,0,Open,historical
M01B,2019,0,Open,historical
M01B,2020,0,Open,historical
M01B,2021,0,Open,historical
M01B,2022,0,Open,current
M01B,2023,0,Open,current
M01B,2024,0,Open,current
M01B,2025,0,Open,current
M01G,1975,0,Open,current
M01G,1976,0,Open,current
M01G,1977,0,Open,current
M01G,1978,0,Open,current
M01G,1979,0,Open,current
M01G,1980,0,Open,current
M01G,1981,0,Open,current
M01G,1982,0,Open,current
M01G,1983,0,Open,current
M01G,1984,0,Open,current
M01G,1985,0,Open,current
M01G,1986,0,Open,current
M01G,1987,0,Open,current
M01G,1988,0,Open,current
M01G,1989,0,Open,current
M01G,1990,0,Open,current
M01G,1991,0,Open,current
M01G,1992,0,Open,current
M01G,1993,0,Open,current
M01G,1994,0,Open,current
M01G,1995,0,Open,current
M01G,1996,0,Open,current
M01G,1997,0,Open,current
M01G,1998,0,Open,current
M01G,1999,0,Open,current
M01G,2000,0,Open,current
M01G,2001,0,Open,current
M01G,2002,0,Open,current
M01G,2003,0,Open,current
M01G,2004,0,Open,current
M01G,2005,0,Open,current
M01G,2006,0,Open,historical
M01G,2007,0,Open,historical
M01G,2008,0,Open,historical
M01G,2009,0,Open,historical
M01G,2010,0,Open,historical
M01G,2011,0,Open,historical
M01G,2012,0,Open,historical
M01G,2013,0,Open,historical
M01G,2014,0,Open,historical
M01G,2015,0,Open,historical
M01G,2016,0,Open,historical
M01G,2017,0,Open,historical
M01G,2018,0,Open,historical
M01G,2019,0,Open,historical
M01G,2020,0,Open,historical
M01G,2021,0,Open,historical
M01G,2022,0,Open,current
M01G,2023,0,Open,current
M01G,2024,0,Open,current
M01G,2025,0,Open,current
M02B,1975,0,Open,current
M02B,1976,0,Open,current
M02B,1977,0,Open,current
M02B,1978,0,Open,current
M02B,1979,0,Open,current
M02B,1980,0,Open,historical
M02B,1981,0,Open,historical
M02B,1982,0,Open,historical
M02B,1983,0,Open,historical
M02B,1984,0,Open,historical
M02B,1985,0,Open,historical
M02B,1986,0,Open,historical
M02B,1987,0,Open,historical
M02B,1988,0,Open,historical
M02B,1989,0,Open,historical
M02B,1990,0,Open,historical
M02B,1991,0,Open,historical
M02B,1992,0,Open,historical
M02B,1993,0,Open,historical
M02B,1994,0,Open,historical
M02B,1995,0,Open,historical
M02B,1996,0,Open,historical
M02B,1997,0,Open,historical
M02B,1998,0,Open,historical
M02B,1999,0,Open,historical
M02B,2000,0,Open,historical
M02B,2001,0,Open,historical
M02B,2002,0,Open,historical
M02B,2003,0,Open,historical
M02B,2004,0,Open,historical
M02B,2005,0,Open,historical
M02B,2006,0,Open,historical
M02B,2007,0,Open,historical
M02B,2008,0,Open,historical
M02B,2009,0,Open,historical
M02B,2010,0,Open,historical
M02B,2011,0,Open,historical
M02B,2012,0,Open,historical
M02B,2013,0,Open,historical
M02B,2014,0,Open,historical
M02B,2015,0,Open,historical
M02B,2016,0,Open,historical
M02B,2017,0,Open,historical
M02B,2018,0,Open,historical
M02B,2019,0,Open,historical
M02B,2020,0,Open,historical
M02B,2021,0,Open,historical
M02B,2022,0,Open,current
M02B,2023,0,Open,current
M02B,2024,0,Open,current
M02B,2025,0,Open,current
M02G,1975,0,Open,current
M02G,1976,0,Open,current
M02G,1977,0,Open,current
M02G,1978,0,Open,current
M02G,1979,0,Open,current
M02G,1980,0,Open,current
M02G,1981,0,Open,current
M02G,1982,0,Open,current
M02G,1983,0,Open,current
M02G,1984,0,Open,current
M02G,1985,0,Open,current
M02G,1986,0,Open,current
M02G,1987,0,Open,current
M02G,1988,0,Open,current
M02G,1989,0,Open,current
M02G,1990,0,Open,current
M02G,1991,0,Open,current
M02G,1992,0,Open,current
M02G,1993,0,Open,current
M02G,1994,0,Open,current
M02G,1995,0,Open,current
M02G,1996,0,Open,current
M02G,1997,0,Open,current
M02G,1998,0,Open,current
M02G,1999,0,Open,current
M02G,2000,0,Open,current
M02G,2001,0,Open,current
M02G,2002,0,Open,current
M02G,2003,0,Open,current
M02G,2004,0,Open,current
M02G,2005,0,Open,current
M02G,2006,0,Open,historical
M02G,2007,0,Open,historical
M02G,2008,0,Open,historical
M02G,2009,0,Open,historical
M02G,2010,0,Open,historical
M02G,2011,0,Open,historical
M02G,2012,0,Open,historical
M02G,2013,0,Open,historical
M02G,2014,0,Open,historical
M02G,2015,0,Open,historical
M02G,2016,0,Open,historical
M02G,2017,0,Open,historical
M02G,2018,0,Open,historical
M02G,2019,0,Open,historical
M02G,2020,0,Open,historical
M02G,2021,0,Open,historical
M02G,2022,0,Open,current
M02G,2023,0,Open,current
M02G,2024,0,Open,current
M02G,2025,0,Open,current
M04A,1975,0,Open,historical-outside-range
M04A,1976,0,Open,historical-outside-range
M04A,1977,0,Open,historical-outside-range
M04A,1978,0,Open,historical-outside-range
M04A,1979,0,Open,historical-outside-range
M04A,1980,0,Open,historical-outside-range
M04A,1981,0,Open,historical-outside-range
M04A,1982,0,Open,historical-outside-range
M04A,1983,0,Open,historical-outside-range
M04A,1984,0,Open,historical-outside-range
M04A,1985,0,Open,historical-outside-range
M04A,1986,0,Open,historical-outside-range
M04A,1987,0,Open,historical-outside-range
M04A,1988,0,Open,historical-outside-range
M04A,1989,0,Open,historical-outside-range
M04A,1990,0,Open,historical-outside-range
M04A,1991,0,Open,historical-outside-range
M04A,1992,0,Open,historical-outside-range
M04A,1993,0,Open,historical-outside-range
M04A,1994,0,Open,historical-outside-range
M04A,1995,0,Open,historical-outside-range
M04A,1996,0,Open,historical-outside-range
M04A,1997,0,Open,historical-outside-range
M04A,1998,0,Open,historical-outside-range
M04A,1999,0,Open,historical-outside-range
M04A,2000,0,Open,historical-outside-range
M04A,2001,0,Open,historical-outside-range
M04A,2002,0,Open,historical-outside-range
M04A,2003,0,Open,historical-outside-range
M04A,2004,0,Open,historical-outside-range
M04A,2005,0,Open,historical-outside-range
M04A,2006,0,Open,historical-outside-range
M04A,2007,0,Open,historical-outside-range
M04A,2008,0,Open,historical-outside-range
M04A,2009,0,Open,historical-outside-range
M04A,2010,0,Open,historical-outside-range
M04A,2011,0,Open,historical-outside-range
M04A,2012,0,Open,historical-outside-range
M04A,2013,0,Open,historical-outside-range
M04A,2014,0,Open,historical-outside-range
M04A,2015,0,Open,historical-outside-range
M04A,2016,0,Open,historical-outside-range
M04A,2017,0,Open,historical-outside-range
M04A,2018,0,Open,historical-outside-range
M04A,2019,0,Open,historical-outside-range
M04A,2020,0,Open,historical-outside-range
M04A,2021,0,Open,historical-outside-range
M04A,2022,0,Open,historical-outside-range
M04A,2023,0,Open,historical-outside-range
M04A,2024,0,Open,historical-outside-range
M04A,2025,0,Open,historical-outside-range
M04B,1975,0,Open,historical-outside-range
M04B,1976,0,Open,historical-outside-range
M04B,1977,0,Open,historical-outside-range
M04B,1978,0,Open,historical
M04B,1979,0,Open,historical
M04B,1980,0,Open,historical
M04B,1981,0,Open,historical
M04B,1982,0,Open,historical
M04B,1983,0,Open,historical
M04B,1984,0,Open,historical
M04B,1985,0,Open,historical
M04B,1986,0,Open,historical
M04B,1987,0,Open,historical
M04B,1988,0,Open,historical
M04B,1989,0,Open,historical
M04B,1990,0,Open,historical
M04B,1991,0,Open,historical
M04B,1992,0,Open,historical
M04B,1993,0,Open,historical
M04B,1994,0,Open,historical
M04B,1995,0,Open,historical
M04B,1996,0,Open,historical
M04B,1997,0,Open,historical
M04B,1998,0,Open,historical
M04B,1999,0,Open,historical
M04B,2000,0,Open,historical
M04B,2001,0,Open,historical
M04B,2002,0,Open,historical-outside-range
M04B,2003,0,Open,historical-outside-range
M04B,2004,0,Open,historical-outside-range
M04B,2005,0,Open,historical-outside-range
M04B,2006,0,Open,historical-outside-range
M04B,2007,0,Open,historical-outside-range
M04B,2008,0,Open,historical-outside-range
M04B,2009,0,Open,historical-outside-range
M04B,2010,0,Open,historical-outside-range
M04B,2011,0,Open,historical-outside-range
M04B,2012,0,Open,historical-outside-range
M04B,2013,0,Open,historical-outside-range
M04B,2014,0,Open,historical-outside-range
M04B,2015,0,Open,historical-outside-range
M04B,2016,0,Open,historical-outside-range
M04B,2017,0,Open,historical-outside-range
M04B,2018,0,Open,historical-outside-range
M04B,2019,0,Open,historical-outside-range
M04B,2020,0,Open,historical-outside-range
M04B,2021,0,Open,historical-outside-range
M04B,2022,0,Open,historical-outside-range
M04B,2023,0,Open,historical-outside-range
M04B,2024,0,Open,historical-outside-range
M04B,2025,0,Open,historical-outside-range
M04Q,1975,0,Open,historical-outside-range
M04Q,1976,0,Open,historical-outside-range
M04Q,1977,0,Open,historical-outside-range
M04Q,1978,0,Open,historical-outside-range
M04Q,1979,0,Open,historical-outside-range
M04Q,1980,0,Open,historical-outside-range
M04Q,1981,0,Open,historical-outside-range
M04Q,1982,0,Open,historical-outside-range
M04Q,1983,0,Open,historical-outside-range
M04Q,1984,0,Open,historical-outside-range
M04Q,1985,0,Open,historical-outside-range
M04Q,1986,0,Open,historical-outside-range
M04Q,1987,0,Open,historical-outside-range
M04Q,1988,0,Open,historical-outside-range
M04Q,1989,0,Open,historical-outside-range
M04Q,1990,0,Open,historical-outside-range
M04Q,1991,0,Open,historical-outside-range
M04Q,1992,0,Open,historical-outside-range
M04Q,1993,0,Open,historical-outside-range
M04Q,1994,0,Open,historical-outside-range
M04Q,1995,0,Open,historical-outside-range
M04Q,1996,0,Open,historical-outside-range
M04Q,1997,0,Open,historical-outside-range
M04Q,1998,0,Open,historical-outside-range
M04Q,1999,0,Open,historical-outside-range
M04Q,2000,0,Open,historical-outside-range
M04Q,2001,0,Open,historical-outside-range
M04Q,2002,0,Open,historical-outside-range
M04Q,2003,0,Open,historical-outside-range
M04Q,2004,0,Open,historical-outside-range
M04Q,2005,0,Open,historical-outside-range
M04Q,2006,0,Open,historical-outside-range
M04Q,2007,0,Open,historical-outside-range
M04Q,2008,0,Open,historical-outside-range
M04Q,2009,0,Open,historical-outside-range
M04Q,2010,0,Open,historical-outside-range
M04Q,2011,0,Open,historical-outside-range
M04Q,2012,0,Open,historical-outside-range
M04Q,2013,0,Open,historical-outside-range
M04Q,2014,0,Open,historical-outside-range
M04Q,2015,0,Open,historical-outside-range
M04Q,2016,0,Open,historical-outside-range
M04Q,2017,0,Open,historical-outside-range
M04Q,2018,0,Open,historical-outside-range
M04Q,2019,0,Open,historical-outside-range
M04Q,2020,0,Open,historical-outside-range
M04Q,2021,0,Open,historical-outside-range
M04Q,2022,0,Open,historical-outside-range
M04Q,2023,0,Open,historical-outside-range
M04Q,2024,0,Open,historical-outside-range
M04Q,2025,0,Open,historical-outside-range
M05B,1975,0,Open,historical
M05B,1976,0,Open,historical
M05B,1977,0,Open,historical
M05B,1978,0,Open,historical
M05B,1979,0,Open,historical
M05B,1980,0,Open,historical
M05B,1981,0,Open,historical
M05B,1982,0,Open,historical
M05B,1983,0,Open,historical
M05B,1984,0,Open,historical
M05B,1985,0,Open,historical
M05B,1986,0,Open,historical
M05B,1987,0,Open,historical
M05B,1988,0,Open,historical
M05B,1989,0,Open,historical
M05B,1990,0,Open,historical
M05B,1991,0,Open,historical
M05B,1992,0,Open,historical
M05B,1993,0,Open,historical
M05B,1994,0,Open,historical
M05B,1995,0,Open,historical
M05B,1996,0,Open,historical
M05B,1997,0,Open,historical
M05B,1998,0,Open,historical
M05B,1999,0,Open,historical
M05B,2000,0,Open,historical
M05B,2001,0,Open,historical
M05B,2002,0,Open,historical
M05B,2003,0,Open,historical
M05B,2004,0,Open,historical
M05B,2005,0,Open,historical
M05B,2006,0,Open,historical
M05B,2007,0,Open,historical
M05B,2008,0,Open,historical
M05B,2009,0,Open,historical
M05B,2010,0,Open,historical
M05B,2011,0,Open,historical
M05B,2012,0,Open,historical
M05B,2013,0,Open,historical
M05B,2014,0,Open,historical
M05B,2015,0,Open,historical
M05B,2016,0,Open,historical
M05B,2017,0,Open,historical
M05B,2018,0,Open,historical
M05B,2019,0,Open,historical
M05B,2020,0,Open,historical
M05B,2021,0,Open,historical
M05B,2022,0,Open,current
M05B,2023,0,Open,current
M05B,2024,0,Open,current
M05B,2025,0,Open,current
M05G,1975,0,Open,current
M05G,1976,0,Open,current
M05G,1977,0,Open,current
M05G,1978,0,Open,current
M05G,1979,0,Open,current
M05G,1980,0,Open,current
M05G,1981,0,Open,current
M05G,1982,0,Open,current
M05G,1983,0,Open,current
M05G,1984,0,Open,current
M05G,1985,0,Open,current
M05G,1986,0,Open,current
M05G,1987,0,Open,current
M05G,1988,0,Open,current
M05G,1989,0,Open,current
M05G,1990,0,Open,current
M05G,1991,0,Open,current
M05G,1992,0,Open,current
M05G,1993,0,Open,current
M05G,1994,0,Open,current
M05G,1995,0,Open,current
M05G,1996,0,Open,current
M05G,1997,0,Open,current
M05G,1998,0,Open,current
M05G,1999,0,Open,current
M05G,2000,0,Open,current
M05G,2001,0,Open,current
M05G,2002,0,Open,current
M05G,2003,0,Open,current
M05G,2004,0,Open,current
M05G,2005,0,Open,current
M05G,2006,0,Open,historical
M05G,2007,0,Open,historical
M05G,2008,0,Open,historical
M05G,2009,0,Open,historical
M05G,2010,0,Open,historical
M05G,2011,0,Open,historical
M05G,2012,0,Open,historical
M05G,2013,0,Open,historical
M05G,2014,0,Open,historical
M05G,2015,0,Open,historical
M05G,2016,0,Open,historical
M05G,2017,0,Open,historical
M05G,2018,0,Open,historical
M05G,2019,0,Open,historical
M05G,2020,0,Open,historical
M05G,2021,0,Open,historical
M05G,2022,0,Open,current
M05G,2023,0,Open,current
M05G,2024,0,Open,current
M05G,2025,0,Open,current
M05R,1975,0,Open,historical-outside-range
M05R,1976,0,Open,historical-outside-range
M05R,1977,0,Open,historical-outside-range
M05R,1978,0,Open,historical-outside-range
M05R,1979,0,Open,historical-outside-range
M05R,1980,0,Open,historical-outside-range
M05R,1981,0,Open,historical-outside-range
M05R,1982,0,Open,historical-outside-range
M05R,1983,0,Open,historical-outside-range
M05R,1984,0,Open,historical-outside-range
M05R,1985,0,Open,historical-outside-range
M05R,1986,0,Open,historical-outside-range
M05R,1987,0,Open,historical-outside-range
M05R,1988,0,Open,historical-outside-range
M05R,1989,0,Open,historical-outside-range
M05R,1990,0,Open,historical-outside-range
M05R,1991,0,Open,historical-outside-range
M05R,1992,0,Open,historical-outside-range
M05R,1993,0,Open,historical-outside-range
M05R,1994,0,Open,historical-outside-range
M05R,1995,0,Open,historical-outside-range
M05R,1996,0,Open,historical-outside-range
M05R,1997,0,Open,historical-outside-range
M05R,1998,0,Open,historical-outside-range
M05R,1999,0,Open,historical-outside-range
M05R,2000,0,Open,historical-outside-range
M05R,2001,0,Open,historical-outside-range
M05R,2002,0,Open,historical-outside-range
M05R,2003,0,Open,historical-outside-range
M05R,2004,0,Open,historical-outside-range
M05R,2005,0,Open,historical-outside-range
M05R,2006,0,Open,historical-outside-range
M05R,2007,0,Open,historical-outside-range
M05R,2008,0,Open,historical-outside-range
M05R,2009,0,Open,historical-outside-range
M05R,2010,0,Open,historical-outside-range
M05R,2011,0,Open,historical-outside-range
M05R,2012,0,Open,historical-outside-range
M05R,2013,0,Open,historical-outside-range
M05R,2014,0,Open,historical-outside-range
M05R,2015,0,Open,historical-outside-range
M05R,2016,0,Open,historical-outside-range
M05R,2017,0,Open,historical-outside-range
M05R,2018,0,Open,historical-outside-range
M05R,2019,0,Open,historical-outside-range
M05R,2020,0,Open,historical-outside-range
M05R,2021,0,Open,historical-outside-range
M05R,2022,0,Open,historical-outside-range
M05R,2023,0,Open,historical-outside-range
M05R,2024,0,Open,historical-outside-range
M05R,2025,0,Open,historical-outside-range
M06B,1975,0,Open,historical
M06B,1976,0,Open,historical
M06B,1977,0,Open,historical
M06B,1978,0,Open,historical
M06B,1979,0,Open,historical
M06B,1980,0,Open,historical
M06B,1981,0,Open,historical
M06B,1982,0,Open,historical
M06B,1983,0,Open,historical
M06B,1984,0,Open,historical
M06B,1985,0,Open,historical
M06B,1986,0,Open,historical
M06B,1987,0,Open,historical
M06B,1988,0,Open,historical
M06B,1989,0,Open,historical
M06B,1990,0,Open,historical
M06B,1991,0,Open,historical
M06B,1992,0,Open,historical
M06B,1993,0,Open,historical
M06B,1994,0,Open,historical
M06B,1995,0,Open,historical
M06B,1996,0,Open,current
M06B,1997,0,Open,current
M06B,1998,0,Open,current
M06B,1999,0,Open,current
M06B,2000,0,Open,current
M06B,2001,0,Open,current
M06B,2002,0,Open,current
M06B,2003,0,Open,current
M06B,2004,0,Open,current
M06B,2005,0,Open,current
M06B,2006,0,Open,current
M06B,2007,0,Open,current
M06B,2008,0,Open,current
M06B,2009,0,Open,current
M06B,2010,0,Open,current
M06B,2011,0,Open,current
M06B,2012,0,Open,current
M06B,2013,0,Open,current
M06B,2014,0,Open,current
M06B,2015,0,Open,current
M06B,2016,0,Open,current
M06B,2017,0,Open,current
M06B,2018,0,Open,current
M06B,2019,0,Open,current
M06B,2020,0,Open,current
M06B,2021,0,Open,current
M06B,2022,0,Open,current
M06B,2023,0,Open,current
M06B,2024,0,Open,current
M06B,2025,0,Open,current
M06G,1975,0,Open,current
M06G,1976,0,Open,current
M06G,1977,0,Open,current
M06G,1978,0,Open,current
M06G,1979,0,Open,current
M06G,1980,0,Open,current
M06G,1981,0,Open,current
M06G,1982,0,Open,current
M06G,1983,0,Open,current
M06G,1984,0,Open,current
M06G,1985,0,Open,current
M06G,1986,0,Open,current
M06G,1987,0,Open,current
M06G,1988,0,Open,current
M06G,1989,0,Open,current
M06G,1990,0,Open,current
M06G,1991,0,Open,current
M06G,1992,0,Open,current
M06G,1993,0,Open,current
M06G,1994,0,Open,current
M06G,1995,0,Open,current
M06G,1996,0,Open,current
M06G,1997,0,Open,current
M06G,1998,0,Open,current
M06G,1999,0,Open,current
M06G,2000,0,Open,current
M06G,2001,0,Open,current
M06G,2002,0,Open,current
M06G,2003,0,Open,current
M06G,2004,0,Open,current
M06G,2005,0,Open,current
M06G,2006,0,Open,historical
M06G,2007,0,Open,historical
M06G,2008,0,Open,historical
M06G,2009,0,Open,historical
M06G,2010,0,Open,historical
M06G,2011,0,Open,historical
M06G,2012,0,Open,historical
M06G,2013,0,Open,historical
M06G,2014,0,Open,historical
M06G,2015,0,Open,historical
M06G,2016,0,Open,historical
M06G,2017,0,Open,historical
M06G,2018,0,Open,historical
M06G,2019,0,Open,historical
M06G,2020,0,Open,historical
M06G,2021,0,Open,historical
M06G,2022,0,Open,current
M06G,2023,0,Open,current
M06G,2024,0,Open,current
M06G,2025,0,Open,current
M07A,1975,0,Open,historical-outside-range
M07A,1976,0,Open,historical
M07A,1977,0,Open,historical
M07A,1978,0,Open,historical-outside-range
M07A,1979,0,Open,historical-outside-range
M07A,1980,0,Open,historical-outside-range
M07A,1981,0,Open,historical-outside-range
M07A,1982,0,Open,historical-outside-range
M07A,1983,0,Open,historical-outside-range
M07A,1984,0,Open,historical-outside-range
M07A,1985,0,Open,historical-outside-range
M07A,1986,0,Open,historical-outside-range
M07A,1987,0,Open,historical-outside-range
M07A,1988,0,Open,historical-outside-range
M07A,1989,0,Open,historical-outside-range
M07A,1990,0,Open,historical-outside-range
M07A,1991,0,Open,historical-outside-range
M07A,1992,0,Open,historical-outside-range
M07A,1993,0,Open,historical-outside-range
M07A,1994,0,Open,historical-outside-range
M07A,1995,0,Open,historical-outside-range
M07A,1996,0,Open,historical-outside-range
M07A,1997,0,Open,historical-outside-range
M07A,1998,0,Open,historical-outside-range
M07A,1999,0,Open,historical-outside-range
M07A,2000,0,Open,historical-outside-range
M07A,2001,0,Open,historical-outside-range
M07A,2002,0,Open,historical-outside-range
M07A,2003,0,Open,historical-outside-range
M07A,2004,0,Open,historical-outside-range
M07A,2005,0,Open,historical-outside-range
M07A,2006,0,Open,historical-outside-range
M07A,2007,0,Open,historical-outside-range
M07A,2008,0,Open,historical-outside-range
M07A,2009,0,Open,historical-outside-range
M07A,2010,0,Open,historical-outside-range
M07A,2011,0,Open,historical-outside-range
M07A,2012,0,Open,historical-outside-range
M07A,2013,0,Open,historical-outside-range
M07A,2014,0,Open,historical-outside-range
M07A,2015,0,Open,historical-outside-range
M07A,2016,0,Open,historical-outside-range
M07A,2017,0,Open,historical-outside-range
M07A,2018,0,Open,historical-outside-range
M07A,2019,0,Open,historical-outside-range
M07A,2020,0,Open,historical-outside-range
M07A,2021,0,Open,historical-outside-range
M07A,2022,0,Open,historical-outside-range
M07A,2023,0,Open,historical-outside-range
M07A,2024,0,Open,historical-outside-range
M07A,2025,0,Open,historical-outside-range
M07B,1975,0,Open,historical
M07B,1976,0,Open,historical
M07B,1977,0,Open,historical
M07B,1978,0,Open,historical
M07B,1979,0,Open,historical
M07B,1980,0,Open,historical
M07B,1981,0,Open,historical
M07B,1982,0,Open,historical
M07B,1983,0,Open,historical
M07B,1984,0,Open,historical
M07B,1985,0,Open,historical
M07B,1986,0,Open,historical
M07B,1987,0,Open,historical
M07B,1988,0,Open,historical
M07B,1989,0,Open,historical
M07B,1990,0,Open,historical
M07B,1991,0,Open,historical
M07B,1992,0,Open,historical
M07B,1993,0,Open,historical
M07B,1994,0,Open,historical
M07B,1995,0,Open,historical
M07B,1996,0,Open,historical
M07B,1997,0,Open,historical
M07B,1998,0,Open,historical
M07B,1999,0,Open,historical
M07B,2000,0,Open,historical
M07B,2001,0,Open,historical
M07B,2002,0,Open,historical
M07B,2003,0,Open,historical
M07B,2004,0,Open,historical
M07B,2005,0,Open,historical
M07B,2006,0,Open,historical-outside-range
M07B,2007,0,Open,historical-outside-range
M07B,2008,0,Open,historical-outside-range
M07B,2009,0,Open,historical-outside-range
M07B,2010,0,Open,historical-outside-range
M07B,2011,0,Open,historical-outside-range
M07B,2012,0,Open,historical-outside-range
M07B,2013,0,Open,historical-outside-range
M07B,2014,0,Open,historical-outside-range
M07B,2015,0,Open,historical-outside-range
M07B,2016,0,Open,historical-outside-range
M07B,2017,0,Open,historical-outside-range
M07B,2018,0,Open,historical-outside-range
M07B,2019,0,Open,historical-outside-range
M07B,2020,0,Open,historical-outside-range
M07B,2021,0,Open,historical-outside-range
M07B,2022,0,Open,historical-outside-range
M07B,2023,0,Open,historical-outside-range
M07B,2024,0,Open,historical-outside-range
M07B,2025,0,Open,historical-outside-range
M09B,1975,0,Open,historical
M09B,1976,0,Open,historical
M09B,1977,0,Open,historical
M09B,1978,0,Open,historical
M09B,1979,0,Open,historical
M09B,1980,0,Open,historical
M09B,1981,0,Open,historical
M09B,1982,0,Open,historical
M09B,1983,0,Open,historical
M09B,1984,0,Open,historical
M09B,1985,0,Open,historical
M09B,1986,0,Open,historical
M09B,1987,0,Open,historical
M09B,1988,0,Open,historical
M09B,1989,0,Open,historical
M09B,1990,0,Open,historical
M09B,1991,0,Open,historical
M09B,1992,0,Open,historical
M09B,1993,0,Open,historical
M09B,1994,0,Open,historical
M09B,1995,0,Open,historical
M09B,1996,0,Open,current
M09B,1997,0,Open,current
M09B,1998,0,Open,current
M09B,1999,0,Open,current
M09B,2000,0,Open,current
M09B,2001,0,Open,current
M09B,2002,0,Open,current
M09B,2003,0,Open,current
M09B,2004,0,Open,current
M09B,2005,0,Open,current
M09B,2006,0,Open,current
M09B,2007,0,Open,current
M09B,2008,0,Open,current
M09B,2009,0,Open,current
M09B,2010,0,Open,current
M09B,2011,0,Open,current
M09B,2012,0,Open,current
M09B,2013,0,Open,current
M09B,2014,0,Open,current
M09B,2015,0,Open,current
M09B,2016,0,Open,current
M09B,2017,0,Open,current
M09B,2018,0,Open,current
M09B,2019,0,Open,current
M09B,2020,0,Open,current
M09B,2021,0,Open,current
M09B,2022,0,Open,current
M09B,2023,0,Open,current
M09B,2024,0,Open,current
M09B,2025,0,Open,current
M09G,1975,0,Open,current
M09G,1976,0,Open,current
M09G,1977,0,Open,current
M09G,1978,0,Open,current
M09G,1979,0,Open,current
M09G,1980,0,Open,current
M09G,1981,0,Open,current
M09G,1982,0,Open,current
M09G,1983,0,Open,current
M09G,1984,0,Open,current
M09G,1985,0,Open,current
M09G,1986,0,Open,current
M09G,1987,0,Open,current
M09G,1988,0,Open,current
M09G,1989,0,Open,current
M09G,1990,0,Open,current
M09G,1991,0,Open,current
M09G,1992,0,Open,current
M09G,1993,0,Open,current
M09G,1994,0,Open,current
M09G,1995,0,Open,current
M09G,1996,0,Open,current
M09G,1997,0,Open,current
M09G,1998,0,Open,current
M09G,1999,0,Open,current
M09G,2000,0,Open,current
M09G,2001,0,Open,current
M09G,2002,0,Open,current
M09G,2003,0,Open,current
M09G,2004,0,Open,current
M09G,2005,0,Open,current
M09G,2006,0,Open,historical
M09G,2007,0,Open,historical
M09G,2008,0,Open,historical
M09G,2009,0,Open,historical
M09G,2010,0,Open,historical
M09G,2011,0,Open,historical
M09G,2012,0,Open,historical
M09G,2013,0,Open,historical
M09G,2014,0,Open,historical
M09G,2015,0,Open,historical
M09G,2016,0,Open,historical
M09G,2017,0,Open,historical
M09G,2018,0,Open,historical
M09G,2019,0,Open,historical
M09G,2020,0,Open,historical
M09G,2021,0,Open,historical
M09G,2022,0,Open,current
M09G,2023,0,Open,current
M09G,2024,0,Open,current
M09G,2025,0,Open,current
M17B,1975,0,Open,historical
M17B,1976,0,Open,historical
M17B,1977,0,Open,historical
M17B,1978,0,Open,historical
M17B,1979,0,Open,historical
M17B,1980,0,Open,historical
M17B,1981,0,Open,historical
M17B,1982,0,Open,historical
M17B,1983,0,Open,historical
M17B,1984,0,Open,historical
M17B,1985,0,Open,historical
M17B,1986,0,Open,historical
M17B,1987,0,Open,historical
M17B,1988,0,Open,historical
M17B,1989,0,Open,historical
M17B,1990,0,Open,historical
M17B,1991,0,Open,historical
M17B,1992,0,Open,historical
M17B,1993,0,Open,historical
M17B,1994,0,Open,historical
M17B,1995,0,Open,historical
M17B,1996,0,Open,historical
M17B,1997,0,Open,historical
M17B,1998,0,Open,historical
M17B,1999,0,Open,historical
M17B,2000,0,Open,historical
M17B,2001,0,Open,historical
M17B,2002,0,Open,historical
M17B,2003,0,Open,historical
M17B,2004,0,Open,historical
M17B,2005,0,Open,historical
M17B,2006,0,Open,historical
M17B,2007,0,Open,historical
M17B,2008,0,Open,historical
M17B,2009,0,Open,historical
M17B,2010,0,Open,historical
M17B,2011,0,Open,historical
M17B,2012,0,Open,historical
M17B,2013,0,Open,historical
M17B,2014,0,Open,historical
M17B,2015,0,Open,historical
M17B,2016,0,Open,historical
M17B,2017,0,Open,historical
M17B,2018,0,Open,historical
M17B,2019,0,Open,historical
M17B,2020,0,Open,historical
M17B,2021,0,Open,historical
M17B,2022,0,Open,current
M17B,2023,0,Open,current
M17B,2024,0,Open,current
M17B,2025,0,Open,current
M17G,1975,0,Open,current
M17G,1976,0,Open,current
M17G,1977,0,Open,current
M17G,1978,0,Open,current
M17G,1979,0,Open,current
M17G,1980,0,Open,current
M17G,1981,0,Open,current
M17G,1982,0,Open,current
M17G,1983,0,Open,current
M17G,1984,0,Open,current
M17G,1985,0,Open,current
M17G,1986,0,Open,current
M17G,1987,0,Open,current
M17G,1988,0,Open,current
M17G,1989,0,Open,current
M17G,1990,0,Open,current
M17G,1991,0,Open,current
M17G,1992,0,Open,current
M17G,1993,0,Open,current
M17G,1994,0,Open,current
M17G,1995,0,Open,current
M17G,1996,0,Open,current
M17G,1997,0,Open,current
M17G,1998,0,Open,current
M17G,1999,0,Open,current
M17G,2000,0,Open,current
M17G,2001,0,Open,current
M17G,2002,0,Open,current
M17G,2003,0,Open,current
M17G,2004,0,Open,current
M17G,2005,0,Open,current
M17G,2006,0,Open,historical
M17G,2007,0,Open,historical
M17G,2008,0,Open,historical
M17G,2009,0,Open,historical
M17G,2010,0,Open,historical
M17G,2011,0,Open,historical
M17G,2012,0,Open,historical
M17G,2013,0,Open,historical
M17G,2014,0,Open,historical
M17G,2015,0,Open,historical
M17G,2016,0,Open,historical
M17G,2017,0,Open,historical
M17G,2018,0,Open,historical
M17G,2019,0,Open,historical
M17G,2020,0,Open,historical
M17G,2021,0,Open,historical
M17G,2022,0,Open,current
M17G,2023,0,Open,current
M17G,2024,0,Open,current
M17G,2025,0,Open,current
M25B,1975,0,Open,current
M25B,1976,0,Open,current
M25B,1977,0,Open,current
M25B,1978,0,Open,current
M25B,1979,0,Open,current
M25B,1980,0,Open,current
M25B,1981,0,Open,current
M25B,1982,0,Open,current
M25B,1983,0,Open,current
M25B,1984,0,Open,current
M25B,1985,0,Open,current
M25B,1986,0,Open,current
M25B,1987,0,Open,current
M25B,1988,0,Open,current
M25B,1989,0,Open,current
M25B,1990,0,Open,current
M25B,1991,0,Open,current
M25B,1992,0,Open,current
M25B,1993,0,Open,current
M25B,1994,0,Open,current
M25B,1995,0,Open,current
M25B,1996,0,Open,current
M25B,1997,0,Open,historical
M25B,1998,0,Open,historical
M25B,1999,0,Open,historical
M25B,2000,0,Open,historical
M25B,2001,0,Open,historical
M25B,2002,0,Open,historical
M25B,2003,0,Open,historical
M25B,2004,0,Open,historical
M25B,2005,0,Open,historical
M25B,2006,0,Open,historical
M25B,2007,0,Open,historical
M25B,2008,0,Open,historical
M25B,2009,0,Open,historical
M25B,2010,0,Open,historical
M25B,2011,0,Open,historical
M25B,2012,0,Open,historical
M25B,2013,0,Open,historical
M25B,2014,0,Open,historical
M25B,2015,0,Open,historical
M25B,2016,0,Open,historical
M25B,2017,0,Open,historical
M25B,2018,0,Open,historical
M25B,2019,0,Open,historical
M25B,2020,0,Open,historical
M25B,2021,0,Open,historical
M25B,2022,0,Open,current
M25B,2023,0,Open,current
M25B,2024,0,Open,current
M25B,2025,0,Open,current
M25G,1975,0,Open,current
M25G,1976,0,Open,current
M25G,1977,0,Open,current
M25G,1978,0,Open,current
M25G,1979,0,Open,current
M25G,1980,0,Open,current
M25G,1981,0,Open,current
M25G,1982,0,Open,current
M25G,1983,0,Open,current
M25G,1984,0,Open,current
M25G,1985,0,Open,current
M25G,1986,0,Open,current
M25G,1987,0,Open,current
M25G,1988,0,Open,current
M25G,1989,0,Open,current
M25G,1990,0,Open,current
M25G,1991,0,Open,current
M25G,1992,0,Open,current
M25G,1993,0,Open,current
M25G,1994,0,Open,current
M25G,1995,0,Open,current
M25G,1996,0,Open,current
M25G,1997,0,Open,current
M25G,1998,0,Open,current
M25G,1999,0,Open,current
M25G,2000,0,Open,current
M25G,2001,0,Open,current
M25G,2002,0,Open,current
M25G,2003,0,Open,current
M25G,2004,0,Open,current
M25G,2005,0,Open,current
M25G,2006,0,Open,historical
M25G,2007,0,Open,historical
M25G,2008,0,Open,historical
M25G,2009,0,Open,historical
M25G,2010,0,Open,historical
M25G,2011,0,Open,historical
M25G,2012,0,Open,historical
M25G,2013,0,Open,historical
M25G,2014,0,Open,historical
M25G,2015,0,Open,historical
M25G,2016,0,Open,historical
M25G,2017,0,Open,historical
M25G,2018,0,Open,historical
M25G,2019,0,Open,historical
M25G,2020,0,Open,historical
M25G,2021,0,Open,historical
M25G,2022,0,Open,current
M25G,2023,0,Open,current
M25G,2024,0,Open,current
M25G,2025,0,Open,current
M26B,1975,0,Open,current
M26B,1976,0,Open,current
M26B,1977,0,Open,current
M26B,1978,0,Open,current
M26B,1979,0,Open,current
M26B,1980,0,Open,historical
M26B,1981,0,Open,historical
M26B,1982,0,Open,historical
M26B,1983,0,Open,historical
M26B,1984,0,Open,historical
M26B,1985,0,Open,historical
M26B,1986,0,Open,historical
M26B,1987,0,Open,historical
M26B,1988,0,Open,historical
M26B,1989,0,Open,historical
M26B,1990,0,Open,historical
M26B,1991,0,Open,historical
M26B,1992,0,Open,historical
M26B,1993,0,Open,historical
M26B,1994,0,Open,historical
M26B,1995,0,Open,historical
M26B,1996,0,Open,historical
M26B,1997,0,Open,historical
M26B,1998,0,Open,historical
M26B,1999,0,Open,historical
M26B,2000,0,Open,historical
M26B,2001,0,Open,historical
M26B,2002,0,Open,historical
M26B,2003,0,Open,historical
M26B,2004,0,Open,historical
M26B,2005,0,Open,historical
M26B,2006,0,Open,historical
M26B,2007,0,Open,historical
M26B,2008,0,Open,historical
M26B,2009,0,Open,historical
M26B,2010,0,Open,historical
M26B,2011,0,Open,historical
M26B,2012,0,Open,historical
M26B,2013,0,Open,historical
M26B,2014,0,Open,historical
M26B,2015,0,Open,historical
M26B,2016,0,Open,historical
M26B,2017,0,Open,historical
M26B,2018,0,Open,historical
M26B,2019,0,Open,historical
M26B,2020,0,Open,historical
M26B,2021,0,Open,historical
M26B,2022,0,Open,current
M26B,2023,0,Open,current
M26B,2024,0,Open,current
M26B,2025,0,Open,current
M26G,1975,0,Open,current
M26G,1976,0,Open,current
M26G,1977,0,Open,current
M26G,1978,0,Open,current
M26G,1979,0,Open,current
M26G,1980,0,Open,current
M26G,1981,0,Open,current
M26G,1982,0,Open,current
M26G,1983,0,Open,current
M26G,1984,0,Open,current
M26G,1985,0,Open,current
M26G,1986,0,Open,current
M26G,1987,0,Open,current
M26G,1988,0,Open,current
M26G,1989,0,Open,current
M26G,1990,0,Open,current
M26G,1991,0,Open,current
M26G,1992,0,Open,current
M26G,1993,0,Open,current
M26G,1994,0,Open,current
M26G,1995,0,Open,current
M26G,1996,0,Open,current
M26G,1997,0,Open,current
M26G,1998,0,Open,current
M26G,1999,0,Open,current
M26G,2000,0,Open,current
M26G,2001,0,Open,current
M26G,2002,0,Open,current
M26G,2003,0,Open,current
M26G,2004,0,Open,current
M26G,2005,0,Open,current
M26G,2006,0,Open,historical
M26G,2007,0,Open,historical
M26G,2008,0,Open,historical
M26G,2009,0,Open,historical
M26G,2010,0,Open,historical
M26G,2011,0,Open,historical
M26G,2012,0,Open,historical
M26G,2013,0,Open,historical
M26G,2014,0,Open,historical
M26G,2015,0,Open,historical
M26G,2016,0,Open,historical
M26G,2017,0,Open,historical
M26G,2018,0,Open,historical
M26G,2019,0,Open,historical
M26G,2020,0,Open,historical
M26G,2021,0,Open,historical
M26G,2022,0,Open,current
M26G,2023,0,Open,current
M26G,2024,0,Open,current
M26G,2025,0,Open,current
M37B,1975,0,Open,current
M37B,1976,0,Open,current
M37B,1977,0,Open,current
M37B,1978,0,Open,current
M37B,1979,0,Open,current
M37B,1980,0,Open,historical
M37B,1981,0,Open,historical
M37B,1982,0,Open,historical
M37B,1983,0,Open,historical
M37B,1984,0,Open,historical
M37B,1985,0,Open,historical
M37B,1986,0,Open,historical
M37B,1987,0,Open,historical
M37B,1988,0,Open,historical
M37B,1989,0,Open,historical
M37B,1990,0,Open,historical
M37B,1991,0,Open,historical
M37B,1992,0,Open,historical
M37B,1993,0,Open,historical
M37B,1994,0,Open,historical
M37B,1995,0,Open,historical
M37B,1996,0,Open,historical
M37B,1997,0,Open,historical
M37B,1998,0,Open,historical
M37B,1999,0,Open,historical
M37B,2000,0,Open,historical
M37B,2001,0,Open,historical
M37B,2002,0,Open,historical
M37B,2003,0,Open,historical
M37B,2004,0,Open,historical
M37B,2005,0,Open,historical
M37B,2006,0,Open,historical
M37B,2007,0,Open,historical
M37B,2008,0,Open,historical
M37B,2009,0,Open,historical
M37B,2010,0,Open,historical
M37B,2011,0,Open,historical
M37B,2012,0,Open,historical
M37B,2013,0,Open,historical
M37B,2014,0,Open,historical
M37B,2015,0,Open,historical
M37B,2016,0,Open,historical
M37B,2017,0,Open,historical
M37B,2018,0,Open,historical
M37B,2019,0,Open,historical
M37B,2020,0,Open,historical
M37B,2021,0,Open,historical
M37B,2022,0,Open,current
M37B,2023,0,Open,current
M37B,2024,0,Open,current
M37B,2025,0,Open,current
M37G,1975,0,Open,current
M37G,1976,0,Open,current
M37G,1977,0,Open,current
M37G,1978,0,Open,current
M37G,1979,0,Open,current
M37G,1980,0,Open,current
M37G,1981,0,Open,current
M37G,1982,0,Open,current
M37G,1983,0,Open,current
M37G,1984,0,Open,current
M37G,1985,0,Open,current
M37G,1986,0,Open,current
M37G,1987,0,Open,current
M37G,1988,0,Open,current
M37G,1989,0,Open,current
M37G,1990,0,Open,current
M37G,1991,0,Open,current
M37G,1992,0,Open,current
M37G,1993,0,Open,current
M37G,1994,0,Open,current
M37G,1995,0,Open,current
M37G,1996,0,Open,current
M37G,1997,0,Open,current
M37G,1998,0,Open,current
M37G,1999,0,Open,current
M37G,2000,0,Open,current
M37G,2001,0,Open,current
M37G,2002,0,Open,current
M37G,2003,0,Open,current
M37G,2004,0,Open,current
M37G,2005,0,Open,current
M37G,2006,0,Open,historical
M37G,2007,0,Open,historical
M37G,2008,0,Open,historical
M37G,2009,0,Open,historical
M37G,2010,0,Open,historical
M37G,2011,0,Open,historical
M37G,2012,0,Open,historical
M37G,2013,0,Open,historical
M37G,2014,0,Open,historical
M37G,2015,0,Open,historical
M37G,2016,0,Open,historical
M37G,2017,0,Open,historical
M37G,2018,0,Open,historical
M37G,2019,0,Open,historical
M37G,2020,0,Open,historical
M37G,2021,0,Open,historical
M37G,2022,0,Open,current
M37G,2023,0,Open,current
M37G,2024,0,Open,current
M37G,2025,0,Open,current
M61B,1975,0,Open,historical
M61B,1976,0,Open,historical
M61B,1977,0,Open,historical
M61B,1978,0,Open,historical
M61B,1979,0,Open,historical
M61B,1980,0,Open,historical
M61B,1981,0,Open,historical
M61B,1982,0,Open,historical
M61B,1983,0,Open,historical
M61B,1984,0,Open,historical
M61B,1985,0,Open,historical
M61B,1986,0,Open,historical
M61B,1987,0,Open,historical
M61B,1988,0,Open,historical
M61B,1989,0,Open,historical
M61B,1990,0,Open,historical
M61B,1991,0,Open,historical
M61B,1992,0,Open,historical
M61B,1993,0,Open,historical
M61B,1994,0,Open,historical
M61B,1995,0,Open,historical
M61B,1996,0,Open,historical-outside-range
M61B,1997,0,Open,historical-outside-range
M61B,1998,0,Open,historical-outside-range
M61B,1999,0,Open,historical-outside-range
M61B,2000,0,Open,historical-outside-range
M61B,2001,0,Open,historical-outside-range
M61B,2002,0,Open,historical-outside-range
M61B,2003,0,Open,historical-outside-range
M61B,2004,0,Open,historical-outside-range
M61B,2005,0,Open,historical-outside-range
M61B,2006,0,Open,historical-outside-range
M61B,2007,0,Open,historical-outside-range
M61B,2008,0,Open,historical-outside-range
M61B,2009,0,Open,historical-outside-range
M61B,2010,0,Open,historical-outside-range
M61B,2011,0,Open,historical-outside-range
M61B,2012,0,Open,historical-outside-range
M61B,2013,0,Open,historical-outside-range
M61B,2014,0,Open,historical-outside-range
M61B,2015,0,Open,historical-outside-range
M61B,2016,0,Open,historical-outside-range
M61B,2017,0,Open,historical-outside-range
M61B,2018,0,Open,historical-outside-range
M61B,2019,0,Open,historical-outside-range
M61B,2020,0,Open,historical-outside-range
M61B,2021,0,Open,historical-outside-range
M61B,2022,0,Open,historical-outside-range
M61B,2023,0,Open,historical-outside-range
M61B,2024,0,Open,historical-outside-range
M61B,2025,0,Open,historical-outside-range
M6AB,1975,0,Open,current
M6AB,1976,0,Open,current
M6AB,1977,0,Open,current
M6AB,1978,0,Open,current
M6AB,1979,0,Open,current
M6AB,1980,0,Open,current
M6AB,1981,0,Open,current
M6AB,1982,0,Open,current
M6AB,1983,0,Open,current
M6AB,1984,0,Open,current
M6AB,1985,0,Open,current
M6AB,1986,0,Open,current
M6AB,1987,0,Open,current
M6AB,1988,0,Open,current
M6AB,1989,0,Open,current
M6AB,1990,0,Open,current
M6AB,1991,0,Open,current
M6AB,1992,0,Open,current
M6AB,1993,0,Open,current
M6AB,1994,0,Open,current
M6AB,1995,0,Open,current
M6AB,1996,0,Open,current
M6AB,1997,0,Open,current
M6AB,1998,0,Open,current
M6AB,1999,0,Open,current
M6AB,2000,0,Open,current
M6AB,2001,0,Open,current
M6AB,2002,0,Open,current
M6AB,2003,0,Open,current
M6AB,2004,0,Open,current
M6AB,2005,0,Open,current
M6AB,2006,0,Open,historical
M6AB,2007,0,Open,historical
M6AB,2008,0,Open,historical
M6AB,2009,0,Open,historical
M6AB,2010,0,Open,historical
M6AB,2011,0,Open,historical
M6AB,2012,0,Open,historical
M6AB,2013,0,Open,historical
M6AB,2014,0,Open,historical
M6AB,2015,0,Open,historical
M6AB,2016,0,Open,historical
M6AB,2017,0,Open,historical
M6AB,2018,0,Open,historical
M6AB,2019,0,Open,historical
M6AB,2020,0,Open,historical
M6AB,2021,0,Open,historical
M6AB,2022,0,Open,current
M6AB,2023,0,Open,current
M6AB,2024,0,Open,current
M6AB,2025,0,Open,current
M6AG,1975,0,Open,current
M6AG,1976,0,Open,current
M6AG,1977,0,Open,current
M6AG,1978,0,Open,current
M6AG,1979,0,Open,current
M6AG,1980,0,Open,current
M6AG,1981,0,Open,current
M6AG,1982,0,Open,current
M6AG,1983,0,Open,current
M6AG,1984,0,Open,current
M6AG,1985,0,Open,current
M6AG,1986,0,Open,current
M6AG,1987,0,Open,current
M6AG,1988,0,Open,current
M6AG,1989,0,Open,current
M6AG,1990,0,Open,current
M6AG,1991,0,Open,current
M6AG,1992,0,Open,current
M6AG,1993,0,Open,current
M6AG,1994,0,Open,current
M6AG,1995,0,Open,current
M6AG,1996,0,Open,current
M6AG,1997,0,Open,current
M6AG,1998,0,Open,current
M6AG,1999,0,Open,current
M6AG,2000,0,Open,current
M6AG,2001,0,Open,current
M6AG,2002,0,Open,current
M6AG,2003,0,Open,current
M6AG,2004,0,Open,current
M6AG,2005,0,Open,current
M6AG,2006,0,Open,historical
M6AG,2007,0,Open,historical
M6AG,2008,0,Open,historical
M6AG,2009,0,Open,historical
M6AG,2010,0,Open,historical
M6AG,2011,0,Open,historical
M6AG,2012,0,Open,historical
M6AG,2013,0,Open,historical
M6AG,2014,0,Open,historical
M6AG,2015,0,Open,historical
M6AG,2016,0,Open,historical
M6AG,2017,0,Open,historical
M6AG,2018,0,Open,historical
M6AG,2019,0,Open,historical
M6AG,2020,0,Open,historical
M6AG,2021,0,Open,historical
M6AG,2022,0,Open,current
M6AG,2023,0,Open,current
M6AG,2024,0,Open,current
M6AG,2025,0,Open,current
M6BB,1975,0,Open,current
M6BB,1976,0,Open,current
M6BB,1977,0,Open,current
M6BB,1978,0,Open,current
M6BB,1979,0,Open,current
M6BB,1980,0,Open,current
M6BB,1981,0,Open,current
M6BB,1982,0,Open,current
M6BB,1983,0,Open,current
M6BB,1984,0,Open,current
M6BB,1985,0,Open,current
M6BB,1986,0,Open,current
M6BB,1987,0,Open,current
M6BB,1988,0,Open,current
M6BB,1989,0,Open,current
M6BB,1990,0,Open,current
M6BB,1991,0,Open,current
M6BB,1992,0,Open,current
M6BB,1993,0,Open,current
M6BB,1994,0,Open,current
M6BB,1995,0,Open,current
M6BB,1996,0,Open,current
M6BB,1997,0,Open,current
M6BB,1998,0,Open,current
M6BB,1999,0,Open,current
M6BB,2000,0,Open,current
M6BB,2001,0,Open,current
M6BB,2002,0,Open,current
M6BB,2003,0,Open,current
M6BB,2004,0,Open,current
M6BB,2005,0,Open,current
M6BB,2006,0,Open,historical
M6BB,2007,0,Open,historical
M6BB,2008,0,Open,historical
M6BB,2009,0,Open,historical
M6BB,2010,0,Open,historical
M6BB,2011,0,Open,historical
M6BB,2012,0,Open,historical
M6BB,2013,0,Open,historical
M6BB,2014,0,Open,historical
M6BB,2015,0,Open,historical
M6BB,2016,0,Open,historical
M6BB,2017,0,Open,historical
M6BB,2018,0,Open,historical
M6BB,2019,0,Open,historical
M6BB,2020,0,Open,historical
M6BB,2021,0,Open,historical
M6BB,2022,0,Open,current
M6BB,2023,0,Open,current
M6BB,2024,0,Open,current
M6BB,2025,0,Open,current
M6BG,1975,0,Open,current
M6BG,1976,0,Open,current
M6BG,1977,0,Open,current
M6BG,1978,0,Open,current
M6BG,1979,0,Open,current
M6BG,1980,0,Open,current
M6BG,1981,0,Open,current
M6BG,1982,0,Open,current
M6BG,1983,0,Open,current
M6BG,1984,0,Open,current
M6BG,1985,0,Open,current
M6BG,1986,0,Open,current
M6BG,1987,0,Open,current
M6BG,1988,0,Open,current
M6BG,1989,0,Open,current
M6BG,1990,0,Open,current
M6BG,1991,0,Open,current
M6BG,1992,0,Open,current
M6BG,1993,0,Open,current
M6BG,1994,0,Open,current
M6BG,1995,0,Open,current
M6BG,1996,0,Open,current
M6BG,1997,0,Open,current
M6BG,1998,0,Open,current
M6BG,1999,0,Open,current
M6BG,2000,0,Open,current
M6BG,2001,0,Open,current
M6BG,2002,0,Open,current
M6BG,2003,0,Open,current
M6BG,2004,0,Open,current
M6BG,2005,0,Open,current
M6BG,2006,0,Open,historical
M6BG,2007,0,Open,historical
M6BG,2008,0,Open,historical
M6BG,2009,0,Open,historical
M6BG,2010,0,Open,historical
M6BG,2011,0,Open,historical
M6BG,2012,0,Open,historical
M6BG,2013,0,Open,historical
M6BG,2014,0,Open,historical
M6BG,2015,0,Open,historical
M6BG,2016,0,Open,historical
M6BG,2017,0,Open,historical
M6BG,2018,0,Open,historical
M6BG,2019,0,Open,historical
M6BG,2020,0,Open,historical
M6BG,2021,0,Open,historical
M6BG,2022,0,Open,current
M6BG,2023,0,Open,current
M6BG,2024,0,Open,current
M6BG,2025,0,Open,current
M7FB,1975,0,Open,current
M7FB,1976,0,Open,current
M7FB,1977,0,Open,current
M7FB,1978,0,Open,current
M7FB,1979,0,Open,current
M7FB,1980,0,Open,current
M7FB,1981,0,Open,current
M7FB,1982,0,Open,current
M7FB,1983,0,Open,current
M7FB,1984,0,Open,current
M7FB,1985,0,Open,current
M7FB,1986,0,Open,current
M7FB,1987,0,Open,current
M7FB,1988,0,Open,current
M7FB,1989,0,Open,current
M7FB,1990,0,Open,current
M7FB,1991,0,Open,current
M7FB,1992,0,Open,current
M7FB,1993,0,Open,current
M7FB,1994,0,Open,current
M7FB,1995,0,Open,current
M7FB,1996,0,Open,current
M7FB,1997,0,Open,current
M7FB,1998,0,Open,current
M7FB,1999,0,Open,current
M7FB,2000,0,Open,current
M7FB,2001,0,Open,current
M7FB,2002,0,Open,current
M7FB,2003,0,Open,current
M7FB,2004,0,Open,current
M7FB,2005,0,Open,current
M7FB,2006,0,Open,historical
M7FB,2007,0,Open,historical
M7FB,2008,0,Open,historical
M7FB,2009,0,Open,historical
M7FB,2010,0,Open,historical
M7FB,2011,0,Open,historical
M7FB,2012,0,Open,historical
M7FB,2013,0,Open,historical
M7FB,2014,0,Open,historical
M7FB,2015,0,Open,historical
M7FB,2016,0,Open,historical
M7FB,2017,0,Open,historical
M7FB,2018,0,Open,historical
M7FB,2019,0,Open,historical
M7FB,2020,0,Open,historical
M7FB,2021,0,Open,historical
M7FB,2022,0,Open,current
M7FB,2023,0,Open,current
M7FB,2024,0,Open,current
M7FB,2025,0,Open,current
M7FG,1975,0,Open,current
M7FG,1976,0,Open,current
M7FG,1977,0,Open,current
M7FG,1978,0,Open,current
M7FG,1979,0,Open,current
M7FG,1980,0,Open,current
M7FG,1981,0,Open,current
M7FG,1982,0,Open,current
M7FG,1983,0,Open,current
M7FG,1984,0,Open,current
M7FG,1985,0,Open,current
M7FG,1986,0,Open,current
M7FG,1987,0,Open,current
M7FG,1988,0,Open,current
M7FG,1989,0,Open,current
M7FG,1990,0,Open,current
M7FG,1991,0,Open,current
M7FG,1992,0,Open,current
M7FG,1993,0,Open,current
M7FG,1994,0,Open,current
M7FG,1995,0,Open,current
M7FG,1996,0,Open,current
M7FG,1997,0,Open,current
M7FG,1998,0,Open,current
M7FG,1999,0,Open,current
M7FG,2000,0,Open,current
M7FG,2001,0,Open,current
M7FG,2002,0,Open,current
M7FG,2003,0,Open,current
M7FG,2004,0,Open,current
M7FG,2005,0,Open,current
M7FG,2006,0,Open,historical
M7FG,2007,0,Open,historical
M7FG,2008,0,Open,historical
M7FG,2009,0,Open,historical
M7FG,2010,0,Open,historical
M7FG,2011,0,Open,historical
M7FG,2012,0,Open,historical
M7FG,2013,0,Open,historical
M7FG,2014,0,Open,historical
M7FG,2015,0,Open,historical
M7FG,2016,0,Open,historical
M7FG,2017,0,Open,historical
M7FG,2018,0,Open,historical
M7FG,2019,0,Open,historical
M7FG,2020,0,Open,historical
M7FG,2021,0,Open,historical
M7FG,2022,0,Open,current
M7FG,2023,0,Open,current
M7FG,2024,0,Open,current
M7FG,2025,0,Open,current
M7GB,1975,0,Open,current
M7GB,1976,0,Open,current
M7GB,1977,0,Open,current
M7GB,1978,0,Open,current
M7GB,1979,0,Open,current
M7GB,1980,0,Open,current
M7GB,1981,0,Open,current
M7GB,1982,0,Open,current
M7GB,1983,0,Open,current
M7GB,1984,0,Open,current
M7GB,1985,0,Open,current
M7GB,1986,0,Open,current
M7GB,1987,0,Open,current
M7GB,1988,0,Open,current
M7GB,1989,0,Open,current
M7GB,1990,0,Open,current
M7GB,1991,0,Open,current
M7GB,1992,0,Open,current
M7GB,1993,0,Open,current
M7GB,1994,0,Open,current
M7GB,1995,0,Open,current
M7GB,1996,0,Open,current
M7GB,1997,0,Open,current
M7GB,1998,0,Open,current
M7GB,1999,0,Open,current
M7GB,2000,0,Open,current
M7GB,2001,0,Open,current
M7GB,2002,0,Open,current
M7GB,2003,0,Open,current
M7GB,2004,0,Open,current
M7GB,2005,0,Open,current
M7GB,2006,0,Open,historical
M7GB,2007,0,Open,historical
M7GB,2008,0,Open,historical
M7GB,2009,0,Open,historical
M7GB,2010,0,Open,historical
M7GB,2011,0,Open,historical
M7GB,2012,0,Open,historical
M7GB,2013,0,Open,historical
M7GB,2014,0,Open,historical
M7GB,2015,0,Open,historical
M7GB,2016,0,Open,historical
M7GB,2017,0,Open,historical
M7GB,2018,0,Open,historical
M7GB,2019,0,Open,historical
M7GB,2020,0,Open,historical
M7GB,2021,0,Open,historical
M7GB,2022,0,Open,current
M7GB,2023,0,Open,current
M7GB,2024,0,Open,current
M7GB,2025,0,Open,current
M7GG,1975,0,Open,current
M7GG,1976,0,Open,current
M7GG,1977,0,Open,current
M7GG,1978,0,Open,current
M7GG,1979,0,Open,current
M7GG,1980,0,Open,current
M7GG,1981,0,Open,current
M7GG,1982,0,Open,current
M7GG,1983,0,Open,current
M7GG,1984,0,Open,current
M7GG,1985,0,Open,current
M7GG,1986,0,Open,current
M7GG,1987,0,Open,current
M7GG,1988,0,Open,current
M7GG,1989,0,Open,current
M7GG,1990,0,Open,current
M7GG,1991,0,Open,current
M7GG,1992,0,Open,current
M7GG,1993,0,Open,current
M7GG,1994,0,Open,current
M7GG,1995,0,Open,current
M7GG,1996,0,Open,current
M7GG,1997,0,Open,current
M7GG,1998,0,Open,current
M7GG,1999,0,Open,current
M7GG,2000,0,Open,current
M7GG,2001,0,Open,current
M7GG,2002,0,Open,current
M7GG,2003,0,Open,current
M7GG,2004,0,Open,current
M7GG,2005,0,Open,current
M7GG,2006,0,Open,historical
M7GG,2007,0,Open,historical
M7GG,2008,0,Open,historical
M7GG,2009,0,Open,historical
M7GG,2010,0,Open,historical
M7GG,2011,0,Open,historical
M7GG,2012,0,Open,historical
M7GG,2013,0,Open,historical
M7GG,2014,0,Open,historical
M7GG,2015,0,Open,historical
M7GG,2016,0,Open,historical
M7GG,2017,0,Open,historical
M7GG,2018,0,Open,historical
M7GG,2019,0,Open,historical
M7GG,2020,0,Open,historical
M7GG,2021,0,Open,historical
M7GG,2022,0,Open,current
M7GG,2023,0,Open,current
M7GG,2024,0,Open,current
M7GG,2025,0,Open,current
M7HB,1975,0,Open,current
M7HB,1976,0,Open,current
M7HB,1977,0,Open,current
M7HB,1978,0,Open,current
M7HB,1979,0,Open,current
M7HB,1980,0,Open,current
M7HB,1981,0,Open,current
M7HB,1982,0,Open,current
M7HB,1983,0,Open,current
M7HB,1984,0,Open,current
M7HB,1985,0,Open,current
M7HB,1986,0,Open,current
M7HB,1987,0,Open,current
M7HB,1988,0,Open,current
M7HB,1989,0,Open,current
M7HB,1990,0,Open,current
M7HB,1991,0,Open,current
M7HB,1992,0,Open,current
M7HB,1993,0,Open,current
M7HB,1994,0,Open,current
M7HB,1995,0,Open,current
M7HB,1996,0,Open,current
M7HB,1997,0,Open,current
M7HB,1998,0,Open,current
M7HB,1999,0,Open,current
M7HB,2000,0,Open,current
M7HB,2001,0,Open,current
M7HB,2002,0,Open,current
M7HB,2003,0,Open,current
M7HB,2004,0,Open,current
M7HB,2005,0,Open,current
M7HB,2006,0,Open,historical
M7HB,2007,0,Open,historical
M7HB,2008,0,Open,historical
M7HB,2009,0,Open,historical
M7HB,2010,0,Open,historical
M7HB,2011,0,Open,historical
M7HB,2012,0,Open,historical
M7HB,2013,0,Open,historical
M7HB,2014,0,Open,historical
M7HB,2015,0,Open,historical
M7HB,2016,0,Open,historical
M7HB,2017,0,Open,historical
M7HB,2018,0,Open,historical
M7HB,2019,0,Open,historical
M7HB,2020,0,Open,historical
M7HB,2021,0,Open,historical
M7HB,2022,0,Open,current
M7HB,2023,0,Open,current
M7HB,2024,0,Open,current
M7HB,2025,0,Open,current
M7HG,1975,0,Open,current
M7HG,1976,0,Open,current
M7HG,1977,0,Open,current
M7HG,1978,0,Open,current
M7HG,1979,0,Open,current
M7HG,1980,0,Open,current
M7HG,1981,0,Open,current
M7HG,1982,0,Open,current
M7HG,1983,0,Open,current
M7HG,1984,0,Open,current
M7HG,1985,0,Open,current
M7HG,1986,0,Open,current
M7HG,1987,0,Open,current
M7HG,1988,0,Open,current
M7HG,1989,0,Open,current
M7HG,1990,0,Open,current
M7HG,1991,0,Open,current
M7HG,1992,0,Open,current
M7HG,1993,0,Open,current
M7HG,1994,0,Open,current
M7HG,1995,0,Open,current
M7HG,1996,0,Open,current
M7HG,1997,0,Open,current
M7HG,1998,0,Open,current
M7HG,1999,0,Open,current
M7HG,2000,0,Open,current
M7HG,2001,0,Open,current
M7HG,2002,0,Open,current
M7HG,2003,0,Open,current
M7HG,2004,0,Open,current
M7HG,2005,0,Open,current
M7HG,2006,0,Open,historical
M7HG,2007,0,Open,historical
M7HG,2008,0,Open,historical
M7HG,2009,0,Open,historical
M7HG,2010,0,Open,historical
M7HG,2011,0,Open,historical
M7HG,2012,0,Open,historical
M7HG,2013,0,Open,historical
M7HG,2014,0,Open,historical
M7HG,2015,0,Open,historical
M7HG,2016,0,Open,historical
M7HG,2017,0,Open,historical
M7HG,2018,0,Open,historical
M7HG,2019,0,Open,historical
M7HG,2020,0,Open,historical
M7HG,2021,0,Open,historical
M7HG,2022,0,Open,current
M7HG,2023,0,Open,current
M7HG,2024,0,Open,current
M7HG,2025,0,Open,current
M7IB,1975,0,Open,current
M7IB,1976,0,Open,current
M7IB,1977,0,Open,current
M7IB,1978,0,Open,current
M7IB,1979,0,Open,current
M7IB,1980,0,Open,current
M7IB,1981,0,Open,current
M7IB,1982,0,Open,current
M7IB,1983,0,Open,current
M7IB,1984,0,Open,current
M7IB,1985,0,Open,current
M7IB,1986,0,Open,current
M7IB,1987,0,Open,current
M7IB,1988,0,Open,current
M7IB,1989,0,Open,current
M7IB,1990,0,Open,current
M7IB,1991,0,Open,current
M7IB,1992,0,Open,current
M7IB,1993,0,Open,current
M7IB,1994,0,Open,current
M7IB,1995,0,Open,current
M7IB,1996,0,Open,current
M7IB,1997,0,Open,current
M7IB,1998,0,Open,current
M7IB,1999,0,Open,current
M7IB,2000,0,Open,current
M7IB,2001,0,Open,current
M7IB,2002,0,Open,current
M7IB,2003,0,Open,current
M7IB,2004,0,Open,current
M7IB,2005,0,Open,current
M7IB,2006,0,Open,historical
M7IB,2007,0,Open,historical
M7IB,2008,0,Open,historical
M7IB,2009,0,Open,historical
M7IB,2010,0,Open,historical
M7IB,2011,0,Open,historical
M7IB,2012,0,Open,historical
M7IB,2013,0,Open,historical
M7IB,2014,0,Open,historical
M7IB,2015,0,Open,historical
M7IB,2016,0,Open,historical
M7IB,2017,0,Open,historical
M7IB,2018,0,Open,historical
M7IB,2019,0,Open,historical
M7IB,2020,0,Open,historical
M7IB,2021,0,Open,historical
M7IB,2022,0,Open,current
M7IB,2023,0,Open,current
M7IB,2024,0,Open,current
M7IB,2025,0,Open,current
M7IG,1975,0,Open,current
M7IG,1976,0,Open,current
M7IG,1977,0,Open,current
M7IG,1978,0,Open,current
M7IG,1979,0,Open,current
M7IG,1980,0,Open,current
M7IG,1981,0,Open,current
M7IG,1982,0,Open,current
M7IG,1983,0,Open,current
M7IG,1984,0,Open,current
M7IG,1985,0,Open,current
M7IG,1986,0,Open,current
M7IG,1987,0,Open,current
M7IG,1988,0,Open,current
M7IG,1989,0,Open,current
M7IG,1990,0,Open,current
M7IG,1991,0,Open,current
M7IG,1992,0,Open,current
M7IG,1993,0,Open,current
M7IG,1994,0,Open,current
M7IG,1995,0,Open,current
M7IG,1996,0,Open,current
M7IG,1997,0,Open,current
M7IG,1998,0,Open,current
M7IG,1999,0,Open,current
M7IG,2000,0,Open,current
M7IG,2001,0,Open,current
M7IG,2002,0,Open,current
M7IG,2003,0,Open,current
M7IG,2004,0,Open,current
M7IG,2005,0,Open,current
M7IG,2006,0,Open,historical
M7IG,2007,0,Open,historical
M7IG,2008,0,Open,historical
M7IG,2009,0,Open,historical
M7IG,2010,0,Open,historical
M7IG,2011,0,Open,historical
M7IG,2012,0,Open,historical
M7IG,2013,0,Open,historical
M7IG,2014,0,Open,historical
M7IG,2015,0,Open,historical
M7IG,2016,0,Open,historical
M7IG,2017,0,Open,historical
M7IG,2018,0,Open,historical
M7IG,2019,0,Open,historical
M7IG,2020,0,Open,historical
M7IG,2021,0,Open,historical
M7IG,2022,0,Open,current
M7IG,2023,0,Open,current
M7IG,2024,0,Open,current
M7IG,2025,0,Open,current
M91B,1975,0,Open,current
M91B,1976,0,Open,current
M91B,1977,0,Open,historical
M91B,1978,0,Open,historical
M91B,1979,0,Open,historical
M91B,1980,0,Open,historical
M91B,1981,0,Open,historical
M91B,1982,0,Open,historical
M91B,1983,0,Open,historical
M91B,1984,0,Open,historical
M91B,1985,0,Open,historical
M91B,1986,0,Open,historical
M91B,1987,0,Open,historical
M91B,1988,0,Open,historical
M91B,1989,0,Open,historical
M91B,1990,0,Open,historical
M91B,1991,0,Open,historical
M91B,1992,0,Open,historical
M91B,1993,0,Open,historical
M91B,1994,0,Open,historical
M91B,1995,0,Open,historical
M91B,1996,0,Open,current
M91B,1997,0,Open,current
M91B,1998,0,Open,current
M91B,1999,0,Open,current
M91B,2000,0,Open,current
M91B,2001,0,Open,current
M91B,2002,0,Open,current
M91B,2003,0,Open,current
M91B,2004,0,Open,current
M91B,2005,0,Open,current
M91B,2006,0,Open,current
M91B,2007,0,Open,current
M91B,2008,0,Open,current
M91B,2009,0,Open,current
M91B,2010,0,Open,current
M91B,2011,0,Open,current
M91B,2012,0,Open,current
M91B,2013,0,Open,current
M91B,2014,0,Open,current
M91B,2015,0,Open,current
M91B,2016,0,Open,current
M91B,2017,0,Open,current
M91B,2018,0,Open,current
M91B,2019,0,Open,current
M91B,2020,0,Open,current
M91B,2021,0,Open,current
M91B,2022,0,Open,current
M91B,2023,0,Open,current
M91B,2024,0,Open,current
M91B,2025,0,Open,current
M91G,1975,0,Open,current
M91G,1976,0,Open,current
M91G,1977,0,Open,current
M91G,1978,0,Open,current
M91G,1979,0,Open,current
M91G,1980,0,Open,current
M91G,1981,0,Open,current
M91G,1982,0,Open,current
M91G,1983,0,Open,current
M91G,1984,0,Open,current
M91G,1985,0,Open,current
M91G,1986,0,Open,current
M91G,1987,0,Open,current
M91G,1988,0,Open,current
M91G,1989,0,Open,current
M91G,1990,0,Open,current
M91G,1991,0,Open,current
M91G,1992,0,Open,current
M91G,1993,0,Open,current
M91G,1994,0,Open,current
M91G,1995,0,Open,current
M91G,1996,0,Open,current
M91G,1997,0,Open,current
M91G,1998,0,Open,current
M91G,1999,0,Open,current
M91G,2000,0,Open,current
M91G,2001,0,Open,current
M91G,2002,0,Open,current
M91G,2003,0,Open,current
M91G,2004,0,Open,current
M91G,2005,0,Open,current
M91G,2006,0,Open,historical
M91G,2007,0,Open,historical
M91G,2008,0,Open,historical
M91G,2009,0,Open,historical
M91G,2010,0,Open,historical
M91G,2011,0,Open,historical
M91G,2012,0,Open,historical
M91G,2013,0,Open,historical
M91G,2014,0,Open,historical
M91G,2015,0,Open,historical
M91G,2016,0,Open,historical
M91G,2017,0,Open,historical
M91G,2018,0,Open,historical
M91G,2019,0,Open,historical
M91G,2020,0,Open,historical
M91G,2021,0,Open,historical
M91G,2022,0,Open,current
M91G,2023,0,Open,current
M91G,2024,0,Open,current
M91G,2025,0,Open,current
M99B,1975,0,Open,current
M99B,1976,0,Open,current
M99B,1977,0,Open,current
M99B,1978,0,Open,current
M99B,1979,0,Open,current
M99B,1980,0,Open,current
M99B,1981,0,Open,current
M99B,1982,0,Open,current
M99B,1983,0,Open,current
M99B,1984,0,Open,current
M99B,1985,0,Open,current
M99B,1986,0,Open,current
M99B,1987,0,Open,current
M99B,1988,0,Open,current
M99B,1989,0,Open,current
M99B,1990,0,Open,current
M99B,1991,0,Open,current
M99B,1992,0,Open,current
M99B,1993,0,Open,current
M99B,1994,0,Open,current
M99B,1995,0,Open,current
M99B,1996,0,Open,current
M99B,1997,0,Open,current
M99B,1998,0,Open,current
M99B,1999,0,Open,current
M99B,2000,0,Open,current
M99B,2001,0,Open,current
M99B,2002,0,Open,current
M99B,2003,0,Open,current
M99B,2004,0,Open,current
M99B,2005,0,Open,current
M99B,2006,0,Open,current
M99B,2007,0,Open,current
M99B,2008,0,Open,current
M99B,2009,0,Open,current
M99B,2010,0,Open,current
M99B,2011,0,Open,current
M99B,2012,0,Open,current
M99B,2013,0,Open,current
M99B,2014,0,Open,current
M99B,2015,0,Open,current
M99B,2016,0,Open,current
M99B,2017,0,Open,current
M99B,2018,0,Open,current
M99B,2019,0,Open,current
M99B,2020,0,Open,current
M99B,2021,0,Open,current
M99B,2022,0,Open,current
M99B,2023,0,Open,current
M99B,2024,0,Open,current
M99B,2025,0,Open,current
N09B,1975,0,Open,current
N09B,1976,0,Open,current
N09B,1977,0,Open,current
N09B,1978,0,Open,current
N09B,1979,0,Open,current
N09B,1980,0,Open,current
N09B,1981,0,Open,current
N09B,1982,0,Open,current
N09B,1983,0,Open,current
N09B,1984,0,Open,current
N09B,1985,0,Open,current
N09B,1986,0,Open,current
N09B,1987,0,Open,current
N09B,1988,0,Open,current
N09B,1989,0,Open,current
N09B,1990,0,Open,historical
N09B,1991,0,Open,historical
N09B,1992,0,Open,historical
N09B,1993,0,Open,historical
N09B,1994,0,Open,historical
N09B,1995,0,Open,historical
N09B,1996,0,Open,current
N09B,1997,0,Open,current
N09B,1998,0,Open,current
N09B,1999,0,Open,current
N09B,2000,0,Open,current
N09B,2001,0,Open,current
N09B,2002,0,Open,current
N09B,2003,0,Open,current
N09B,2004,0,Open,current
N09B,2005,0,Open,current
N09B,2006,0,Open,current
N09B,2007,0,Open,current
N09B,2008,0,Open,current
N09B,2009,0,Open,current
N09B,2010,0,Open,current
N09B,2011,0,Open,current
N09B,2012,0,Open,current
N09B,2013,0,Open,current
N09B,2014,0,Open,current
N09B,2015,0,Open,current
N09B,2016,0,Open,current
N09B,2017,0,Open,current
N09B,2018,0,Open,current
N09B,2019,0,Open,current
N09B,2020,0,Open,current
N09B,2021,0,Open,current
N09B,2022,0,Open,current
N09B,2023,0,Open,current
N09B,2024,0,Open,current
N09B,2025,0,Open,current
N12B,1975,0,Open,historical-outside-range
N12B,1976,0,Open,historical-outside-range
N12B,1977,0,Open,historical-outside-range
N12B,1978,0,Open,historical-outside-range
N12B,1979,0,Open,historical-outside-range
N12B,1980,0,Open,historical-outside-range
N12B,1981,0,Open,historical-outside-range
N12B,1982,0,Open,historical-outside-range
N12B,1983,0,Open,historical-outside-range
N12B,1984,0,Open,historical-outside-range
N12B,1985,0,Open,historical-outside-range
N12B,1986,0,Open,historical-outside-range
N12B,1987,0,Open,historical-outside-range
N12B,1988,0,Open,historical-outside-range
N12B,1989,0,Open,historical-outside-range
N12B,1990,0,Open,historical
N12B,1991,0,Open,historical
N12B,1992,0,Open,historical
N12B,1993,0,Open,historical-outside-range
N12B,1994,0,Open,historical-outside-range
N12B,1995,0,Open,historical-outside-range
N12B,1996,0,Open,historical-outside-range
N12B,1997,0,Open,historical-outside-range
N12B,1998,0,Open,historical-outside-range
N12B,1999,0,Open,historical-outside-range
N12B,2000,0,Open,historical-outside-range
N12B,2001,0,Open,historical-outside-range
N12B,2002,0,Open,historical-outside-range
N12B,2003,0,Open,historical-outside-range
N12B,2004,0,Open,historical-outside-range
N12B,2005,0,Open,historical-outside-range
N12B,2006,0,Open,historical-outside-range
N12B,2007,0,Open,historical-outside-range
N12B,2008,0,Open,historical-outside-range
N12B,2009,0,Open,historical-outside-range
N12B,2010,0,Open,historical-outside-range
N12B,2011,0,Open,historical-outside-range
N12B,2012,0,Open,historical-outside-range
N12B,2013,0,Open,historical-outside-range
N12B,2014,0,Open,historical-outside-range
N12B,2015,0,Open,historical-outside-range
N12B,2016,0,Open,historical-outside-range
N12B,2017,0,Open,historical-outside-range
N12B,2018,0,Open,historical-outside-range
N12B,2019,0,Open,historical-outside-range
N12B,2020,0,Open,historical-outside-range
N12B,2021,0,Open,historical-outside-range
N12B,2022,0,Open,historical-outside-range
N12B,2023,0,Open,historical-outside-range
N12B,2024,0,Open,historical-outside-range
N12B,2025,0,Open,historical-outside-range
N91B,1975,0,Open,current
N91B,1976,0,Open,current
N91B,1977,0,Open,current
N91B,1978,0,Open,current
N91B,1979,0,Open,current
N91B,1980,0,Open,current
N91B,1981,0,Open,current
N91B,1982,0,Open,current
N91B,1983,0,Open,current
N91B,1984,0,Open,current
N91B,1985,0,Open,current
N91B,1986,0,Open,current
N91B,1987,0,Open,current
N91B,1988,0,Open,current
N91B,1989,0,Open,current
N91B,1990,0,Open,current
N91B,1991,0,Open,historical
N91B,1992,0,Open,historical
N91B,1993,0,Open,historical
N91B,1994,0,Open,historical
N91B,1995,0,Open,historical
N91B,1996,0,Open,current
N91B,1997,0,Open,current
N91B,1998,0,Open,current
N91B,1999,0,Open,current
N91B,2000,0,Open,current
N91B,2001,0,Open,current
N91B,2002,0,Open,current
N91B,2003,0,Open,current
N91B,2004,0,Open,current
N91B,2005,0,Open,current
N91B,2006,0,Open,current
N91B,2007,0,Open,current
N91B,2008,0,Open,current
N91B,2009,0,Open,current
N91B,2010,0,Open,current
N91B,2011,0,Open,current
N91B,2012,0,Open,current
N91B,2013,0,Open,current
N91B,2014,0,Open,current
N91B,2015,0,Open,current
N91B,2016,0,Open,current
N91B,2017,0,Open,current
N91B,2018,0,Open,current
N91B,2019,0,Open,current
N91B,2020,0,Open,current
N91B,2021,0,Open,current
N91B,2022,0,Open,current
N91B,2023,0,Open,current
N91B,2024,0,Open,current
N91B,2025,0,Open,current
N99B,1975,0,Open,current
N99B,1976,0,Open,current
N99B,1977,0,Open,current
N99B,1978,0,Open,current
N99B,1979,0,Open,current
N99B,1980,0,Open,current
N99B,1981,0,Open,current
N99B,1982,0,Open,current
N99B,1983,0,Open,current
N99B,1984,0,Open,current
N99B,1985,0,Open,current
N99B,1986,0,Open,current
N99B,1987,0,Open,current
N99B,1988,0,Open,current
N99B,1989,0,Open,current
N99B,1990,0,Open,current
N99B,1991,0,Open,current
N99B,1992,0,Open,current
N99B,1993,0,Open,current
N99B,1994,0,Open,current
N99B,1995,0,Open,current
N99B,1996,0,Open,current
N99B,1997,0,Open,current
N99B,1998,0,Open,current
N99B,1999,0,Open,current
N99B,2000,0,Open,current
N99B,2001,0,Open,current
N99B,2002,0,Open,current
N99B,2003,0,Open,current
N99B,2004,0,Open,current
N99B,2005,0,Open,current
N99B,2006,0,Open,current
N99B,2007,0,Open,current
N99B,2008,0,Open,current
N99B,2009,0,Open,current
N99B,2010,0,Open,current
N99B,2011,0,Open,current
N99B,2012,0,Open,current
N99B,2013,0,Open,current
N99B,2014,0,Open,current
N99B,2015,0,Open,current
N99B,2016,0,Open,current
N99B,2017,0,Open,current
N99B,2018,0,Open,current
N99B,2019,0,Open,current
N99B,2020,0,Open,current
N99B,2021,0,Open,current
N99B,2022,0,Open,current
N99B,2023,0,Open,current
N99B,2024,0,Open,current
N99B,2025,0,Open,current
O01A,1975,0,Open,historical-outside-range
O01A,1976,0,Open,historical-outside-range
O01A,1977,0,Open,historical-outside-range
O01A,1978,0,Open,historical-outside-range
O01A,1979,0,Open,historical-outside-range
O01A,1980,0,Open,historical-outside-range
O01A,1981,0,Open,historical-outside-range
O01A,1982,0,Open,historical-outside-range
O01A,1983,0,Open,historical-outside-range
O01A,1984,0,Open,historical-outside-range
O01A,1985,0,Open,historical-outside-range
O01A,1986,0,Open,historical-outside-range
O01A,1987,0,Open,historical-outside-range
O01A,1988,0,Open,historical-outside-range
O01A,1989,0,Open,historical-outside-range
O01A,1990,0,Open,historical-outside-range
O01A,1991,0,Open,historical-outside-range
O01A,1992,0,Open,historical-outside-range
O01A,1993,0,Open,historical-outside-range
O01A,1994,0,Open,historical-outside-range
O01A,1995,0,Open,historical-outside-range
O01A,1996,0,Open,historical-outside-range
O01A,1997,0,Open,historical-outside-range
O01A,1998,0,Open,historical-outside-range
O01A,1999,0,Open,historical-outside-range
O01A,2000,0,Open,historical-outside-range
O01A,2001,0,Open,historical-outside-range
O01A,2002,0,Open,historical-outside-range
O01A,2003,0,Open,historical-outside-range
O01A,2004,0,Open,historical-outside-range
O01A,2005,0,Open,historical-outside-range
O01A,2006,0,Open,historical-outside-range
O01A,2007,0,Open,historical-outside-range
O01A,2008,0,Open,historical-outside-range
O01A,2009,0,Open,historical-outside-range
O01A,2010,0,Open,historical-outside-range
O01A,2011,0,Open,historical-outside-range
O01A,2012,0,Open,historical-outside-range
O01A,2013,0,Open,historical-outside-range
O01A,2014,0,Open,historical-outside-range
O01A,2015,0,Open,historical-outside-range
O01A,2016,0,Open,historical-outside-range
O01A,2017,0,Open,historical-outside-range
O01A,2018,0,Open,historical-outside-range
O01A,2019,0,Open,historical-outside-range
O01A,2020,0,Open,historical-outside-range
O01A,2021,0,Open,historical-outside-range
O01A,2022,0,Open,historical-outside-range
O01A,2023,0,Open,historical-outside-range
O01A,2024,0,Open,historical-outside-range
O01A,2025,0,Open,historical-outside-range
O01B,1975,0,Open,historical-outside-range
O01B,1976,0,Open,historical-outside-range
O01B,1977,0,Open,historical-outside-range
O01B,1978,0,Open,historical-outside-range
O01B,1979,0,Open,historical-outside-range
O01B,1980,0,Open,historical-outside-range
O01B,1981,0,Open,historical-outside-range
O01B,1982,0,Open,historical-outside-range
O01B,1983,0,Open,historical-outside-range
O01B,1984,0,Open,historical-outside-range
O01B,1985,0,Open,historical-outside-range
O01B,1986,0,Open,historical-outside-range
O01B,1987,0,Open,historical-outside-range
O01B,1988,0,Open,historical-outside-range
O01B,1989,0,Open,historical-outside-range
O01B,1990,0,Open,historical-outside-range
O01B,1991,0,Open,historical-outside-range
O01B,1992,0,Open,historical-outside-range
O01B,1993,0,Open,historical
O01B,1994,0,Open,historical
O01B,1995,0,Open,historical
O01B,1996,0,Open,historical
O01B,1997,0,Open,historical
O01B,1998,0,Open,historical
O01B,1999,0,Open,historical
O01B,2000,0,Open,historical
O01B,2001,0,Open,historical
O01B,2002,0,Open,historical-outside-range
O01B,2003,0,Open,historical-outside-range
O01B,2004,0,Open,historical-outside-range
O01B,2005,0,Open,historical-outside-range
O01B,2006,0,Open,historical-outside-range
O01B,2007,0,Open,historical-outside-range
O01B,2008,0,Open,historical-outside-range
O01B,2009,0,Open,historical-outside-range
O01B,2010,0,Open,historical-outside-range
O01B,2011,0,Open,historical-outside-range
O01B,2012,0,Open,historical-outside-range
O01B,2013,0,Open,historical-outside-range
O01B,2014,0,Open,historical-outside-range
O01B,2015,0,Open,historical-outside-range
O01B,2016,0,Open,historical-outside-range
O01B,2017,0,Open,historical-outside-range
O01B,2018,0,Open,historical-outside-range
O01B,2019,0,Open,historical-outside-range
O01B,2020,0,Open,historical-outside-range
O01B,2021,0,Open,historical-outside-range
O01B,2022,0,Open,historical-outside-range
O01B,2023,0,Open,historical-outside-range
O01B,2024,0,Open,historical-outside-range
O01B,2025,0,Open,historical-outside-range
O05B,1975,0,Open,historical-outside-range
O05B,1976,0,Open,historical-outside-range
O05B,1977,0,Open,historical-outside-range
O05B,1978,0,Open,historical-outside-range
O05B,1979,0,Open,historical-outside-range
O05B,1980,0,Open,historical-outside-range
O05B,1981,0,Open,historical-outside-range
O05B,1982,0,Open,historical-outside-range
O05B,1983,0,Open,historical-outside-range
O05B,1984,0,Open,historical-outside-range
O05B,1985,0,Open,historical-outside-range
O05B,1986,0,Open,historical-outside-range
O05B,1987,0,Open,historical-outside-range
O05B,1988,0,Open,historical-outside-range
O05B,1989,0,Open,historical-outside-range
O05B,1990,0,Open,historical
O05B,1991,0,Open,historical
O05B,1992,0,Open,historical
O05B,1993,0,Open,historical
O05B,1994,0,Open,historical
O05B,1995,0,Open,historical
O05B,1996,0,Open,historical-outside-range
O05B,1997,0,Open,historical-outside-range
O05B,1998,0,Open,historical-outside-range
O05B,1999,0,Open,historical-outside-range
O05B,2000,0,Open,historical-outside-range
O05B,2001,0,Open,historical-outside-range
O05B,2002,0,Open,historical-outside-range
O05B,2003,0,Open,historical-outside-range
O05B,2004,0,Open,historical-outside-range
O05B,2005,0,Open,historical-outside-range
O05B,2006,0,Open,historical-outside-range
O05B,2007,0,Open,historical-outside-range
O05B,2008,0,Open,historical-outside-range
O05B,2009,0,Open,historical-outside-range
O05B,2010,0,Open,historical-outside-range
O05B,2011,0,Open,historical-outside-range
O05B,2012,0,Open,historical-outside-range
O05B,2013,0,Open,historical-outside-range
O05B,2014,0,Open,historical-outside-range
O05B,2015,0,Open,historical-outside-range
O05B,2016,0,Open,historical-outside-range
O05B,2017,0,Open,historical-outside-range
O05B,2018,0,Open,historical-outside-range
O05B,2019,0,Open,historical-outside-range
O05B,2020,0,Open,historical-outside-range
O05B,2021,0,Open,historical-outside-range
O05B,2022,0,Open,historical-outside-range
O05B,2023,0,Open,historical-outside-range
O05B,2024,0,Open,historical-outside-range
O05B,2025,0,Open,historical-outside-range
O06B,1975,0,Open,current
O06B,1976,0,Open,current
O06B,1977,0,Open,current
O06B,1978,0,Open,current
O06B,1979,0,Open,current
O06B,1980,0,Open,current
O06B,1981,0,Open,current
O06B,1982,0,Open,current
O06B,1983,0,Open,current
O06B,1984,0,Open,current
O06B,1985,0,Open,current
O06B,1986,0,Open,current
O06B,1987,0,Open,current
O06B,1988,0,Open,current
O06B,1989,0,Open,current
O06B,1990,0,Open,historical
O06B,1991,0,Open,historical
O06B,1992,0,Open,historical
O06B,1993,0,Open,current
O06B,1994,0,Open,current
O06B,1995,0,Open,current
O06B,1996,0,Open,current
O06B,1997,0,Open,current
O06B,1998,0,Open,current
O06B,1999,0,Open,current
O06B,2000,0,Open,current
O06B,2001,0,Open,current
O06B,2002,0,Open,current
O06B,2003,0,Open,current
O06B,2004,0,Open,current
O06B,2005,0,Open,current
O06B,2006,0,Open,current
O06B,2007,0,Open,current
O06B,2008,0,Open,current
O06B,2009,0,Open,current
O06B,2010,0,Open,current
O06B,2011,0,Open,current
O06B,2012,0,Open,current
O06B,2013,0,Open,current
O06B,2014,0,Open,current
O06B,2015,0,Open,current
O06B,2016,0,Open,current
O06B,2017,0,Open,current
O06B,2018,0,Open,current
O06B,2019,0,Open,current
O06B,2020,0,Open,current
O06B,2021,0,Open,current
O06B,2022,0,Open,current
O06B,2023,0,Open,current
O06B,2024,0,Open,current
O06B,2025,0,Open,current
O09B,1975,0,Open,current
O09B,1976,0,Open,current
O09B,1977,0,Open,current
O09B,1978,0,Open,current
O09B,1979,0,Open,current
O09B,1980,0,Open,current
O09B,1981,0,Open,current
O09B,1982,0,Open,current
O09B,1983,0,Open,current
O09B,1984,0,Open,current
O09B,1985,0,Open,current
O09B,1986,0,Open,current
O09B,1987,0,Open,current
O09B,1988,0,Open,current
O09B,1989,0,Open,current
O09B,1990,0,Open,historical
O09B,1991,0,Open,historical
O09B,1992,0,Open,historical
O09B,1993,0,Open,historical
O09B,1994,0,Open,historical
O09B,1995,0,Open,historical
O09B,1996,0,Open,current
O09B,1997,0,Open,current
O09B,1998,0,Open,current
O09B,1999,0,Open,current
O09B,2000,0,Open,current
O09B,2001,0,Open,current
O09B,2002,0,Open,current
O09B,2003,0,Open,current
O09B,2004,0,Open,current
O09B,2005,0,Open,current
O09B,2006,0,Open,current
O09B,2007,0,Open,current
O09B,2008,0,Open,current
O09B,2009,0,Open,current
O09B,2010,0,Open,current
O09B,2011,0,Open,current
O09B,2012,0,Open,current
O09B,2013,0,Open,current
O09B,2014,0,Open,current
O09B,2015,0,Open,current
O09B,2016,0,Open,current
O09B,2017,0,Open,current
O09B,2018,0,Open,current
O09B,2019,0,Open,current
O09B,2020,0,Open,current
O09B,2021,0,Open,current
O09B,2022,0,Open,current
O09B,2023,0,Open,current
O09B,2024,0,Open,current
O09B,2025,0,Open,current
O11B,1975,0,Open,historical-outside-range
O11B,1976,0,Open,historical-outside-range
O11B,1977,0,Open,historical-outside-range
O11B,1978,0,Open,historical-outside-range
O11B,1979,0,Open,historical-outside-range
O11B,1980,0,Open,historical-outside-range
O11B,1981,0,Open,historical-outside-range
O11B,1982,0,Open,historical-outside-range
O11B,1983,0,Open,historical-outside-range
O11B,1984,0,Open,historical-outside-range
O11B,1985,0,Open,historical-outside-range
O11B,1986,0,Open,historical-outside-range
O11B,1987,0,Open,historical-outside-range
O11B,1988,0,Open,historical-outside-range
O11B,1989,0,Open,historical-outside-range
O11B,1990,0,Open,historical-outside-range
O11B,1991,0,Open,historical-outside-range
O11B,1992,0,Open,historical-outside-range
O11B,1993,0,Open,historical-outside-range
O11B,1994,0,Open,historical
O11B,1995,0,Open,historical
O11B,1996,0,Open,historical
O11B,1997,0,Open,historical
O11B,1998,0,Open,historical
O11B,1999,0,Open,historical
O11B,2000,0,Open,historical
O11B,2001,0,Open,historical
O11B,2002,0,Open,historical-outside-range
O11B,2003,0,Open,historical-outside-range
O11B,2004,0,Open,historical-outside-range
O11B,2005,0,Open,historical-outside-range
O11B,2006,0,Open,historical-outside-range
O11B,2007,0,Open,historical-outside-range
O11B,2008,0,Open,historical-outside-range
O11B,2009,0,Open,historical-outside-range
O11B,2010,0,Open,historical-outside-range
O11B,2011,0,Open,historical-outside-range
O11B,2012,0,Open,historical-outside-range
O11B,2013,0,Open,historical-outside-range
O11B,2014,0,Open,historical-outside-range
O11B,2015,0,Open,historical-outside-range
O11B,2016,0,Open,historical-outside-range
O11B,2017,0,Open,historical-outside-range
O11B,2018,0,Open,historical-outside-range
O11B,2019,0,Open,historical-outside-range
O11B,2020,0,Open,historical-outside-range
O11B,2021,0,Open,historical-outside-range
O11B,2022,0,Open,historical-outside-range
O11B,2023,0,Open,historical-outside-range
O11B,2024,0,Open,historical-outside-range
O11B,2025,0,Open,historical-outside-range
O12B,1975,0,Open,historical-outside-range
O12B,1976,0,Open,historical-outside-range
O12B,1977,0,Open,historical-outside-range
O12B,1978,0,Open,historical-outside-range
O12B,1979,0,Open,historical-outside-range
O12B,1980,0,Open,historical-outside-range
O12B,1981,0,Open,historical-outside-range
O12B,1982,0,Open,historical-outside-range
O12B,1983,0,Open,historical-outside-range
O12B,1984,0,Open,historical-outside-range
O12B,1985,0,Open,historical-outside-range
O12B,1986,0,Open,historical-outside-range
O12B,1987,0,Open,historical-outside-range
O12B,1988,0,Open,historical-outside-range
O12B,1989,0,Open,historical-outside-range
O12B,1990,0,Open,historical
O12B,1991,0,Open,historical
O12B,1992,0,Open,historical
O12B,1993,0,Open,historical
O12B,1994,0,Open,historical-outside-range
O12B,1995,0,Open,historical-outside-range
O12B,1996,0,Open,historical-outside-range
O12B,1997,0,Open,historical-outside-range
O12B,1998,0,Open,historical-outside-range
O12B,1999,0,Open,historical-outside-range
O12B,2000,0,Open,historical-outside-range
O12B,2001,0,Open,historical-outside-range
O12B,2002,0,Open,historical-outside-range
O12B,2003,0,Open,historical-outside-range
O12B,2004,0,Open,historical-outside-range
O12B,2005,0,Open,historical-outside-range
O12B,2006,0,Open,historical-outside-range
O12B,2007,0,Open,historical-outside-range
O12B,2008,0,Open,historical-outside-range
O12B,2009,0,Open,historical-outside-range
O12B,2010,0,Open,historical-outside-range
O12B,2011,0,Open,historical-outside-range
O12B,2012,0,Open,historical-outside-range
O12B,2013,0,Open,historical-outside-range
O12B,2014,0,Open,historical-outside-range
O12B,2015,0,Open,historical-outside-range
O12B,2016,0,Open,historical-outside-range
O12B,2017,0,Open,historical-outside-range
O12B,2018,0,Open,historical-outside-range
O12B,2019,0,Open,historical-outside-range
O12B,2020,0,Open,historical-outside-range
O12B,2021,0,Open,historical-outside-range
O12B,2022,0,Open,historical-outside-range
O12B,2023,0,Open,historical-outside-range
O12B,2024,0,Open,historical-outside-range
O12B,2025,0,Open,historical-outside-range
O26B,1975,0,Open,current
O26B,1976,0,Open,current
O26B,1977,0,Open,current
O26B,1978,0,Open,current
O26B,1979,0,Open,current
O26B,1980,0,Open,current
O26B,1981,0,Open,current
O26B,1982,0,Open,current
O26B,1983,0,Open,current
O26B,1984,0,Open,current
O26B,1985,0,Open,current
O26B,1986,0,Open,current
O26B,1987,0,Open,current
O26B,1988,0,Open,current
O26B,1989,0,Open,current
O26B,1990,0,Open,current
O26B,1991,0,Open,current
O26B,1992,0,Open,current
O26B,1993,0,Open,current
O26B,1994,0,Open,current
O26B,1995,0,Open,current
O26B,1996,0,Open,historical
O26B,1997,0,Open,historical
O26B,1998,0,Open,historical
O26B,1999,0,Open,historical
O26B,2000,0,Open,historical
O26B,2001,0,Open,historical
O26B,2002,0,Open,historical
O26B,2003,0,Open,historical
O26B,2004,0,Open,historical
O26B,2005,0,Open,historical
O26B,2006,0,Open,historical
O26B,2007,0,Open,historical
O26B,2008,0,Open,historical
O26B,2009,0,Open,historical
O26B,2010,0,Open,historical
O26B,2011,0,Open,historical
O26B,2012,0,Open,historical
O26B,2013,0,Open,historical
O26B,2014,0,Open,historical
O26B,2015,0,Open,historical
O26B,2016,0,Open,historical
O26B,2017,0,Open,historical
O26B,2018,0,Open,historical
O26B,2019,0,Open,historical
O26B,2020,0,Open,historical
O26B,2021,0,Open,historical
O26B,2022,0,Open,current
O26B,2023,0,Open,current
O26B,2024,0,Open,current
O26B,2025,0,Open,current
O61B,1975,0,Open,current
O61B,1976,0,Open,current
O61B,1977,0,Open,current
O61B,1978,0,Open,current
O61B,1979,0,Open,current
O61B,1980,0,Open,current
O61B,1981,0,Open,current
O61B,1982,0,Open,current
O61B,1983,0,Open,current
O61B,1984,0,Open,current
O61B,1985,0,Open,current
O61B,1986,0,Open,current
O61B,1987,0,Open,current
O61B,1988,0,Open,current
O61B,1989,0,Open,current
O61B,1990,0,Open,historical
O61B,1991,0,Open,historical
O61B,1992,0,Open,historical
O61B,1993,0,Open,historical
O61B,1994,0,Open,historical
O61B,1995,0,Open,historical
O61B,1996,0,Open,current
O61B,1997,0,Open,current
O61B,1998,0,Open,current
O61B,1999,0,Open,current
O61B,2000,0,Open,current
O61B,2001,0,Open,current
O61B,2002,0,Open,current
O61B,2003,0,Open,current
O61B,2004,0,Open,current
O61B,2005,0,Open,current
O61B,2006,0,Open,current
O61B,2007,0,Open,current
O61B,2008,0,Open,current
O61B,2009,0,Open,current
O61B,2010,0,Open,current
O61B,2011,0,Open,current
O61B,2012,0,Open,current
O61B,2013,0,Open,current
O61B,2014,0,Open,current
O61B,2015,0,Open,current
O61B,2016,0,Open,current
O61B,2017,0,Open,current
O61B,2018,0,Open,current
O61B,2019,0,Open,current
O61B,2020,0,Open,current
O61B,2021,0,Open,current
O61B,2022,0,Open,current
O61B,2023,0,Open,current
O61B,2024,0,Open,current
O61B,2025,0,Open,current
O91B,1975,0,Open,current
O91B,1976,0,Open,current
O91B,1977,0,Open,current
O91B,1978,0,Open,current
O91B,1979,0,Open,current
O91B,1980,0,Open,current
O91B,1981,0,Open,current
O91B,1982,0,Open,current
O91B,1983,0,Open,current
O91B,1984,0,Open,current
O91B,1985,0,Open,current
O91B,1986,0,Open,current
O91B,1987,0,Open,current
O91B,1988,0,Open,current
O91B,1989,0,Open,current
O91B,1990,0,Open,historical
O91B,1991,0,Open,historical
O91B,1992,0,Open,historical
O91B,1993,0,Open,historical
O91B,1994,0,Open,historical
O91B,1995,0,Open,historical
O91B,1996,0,Open,current
O91B,1997,0,Open,current
O91B,1998,0,Open,current
O91B,1999,0,Open,current
O91B,2000,0,Open,current
O91B,2001,0,Open,current
O91B,2002,0,Open,current
O91B,2003,0,Open,current
O91B,2004,0,Open,current
O91B,2005,0,Open,current
O91B,2006,0,Open,current
O91B,2007,0,Open,current
O91B,2008,0,Open,current
O91B,2009,0,Open,current
O91B,2010,0,Open,current
O91B,2011,0,Open,current
O91B,2012,0,Open,current
O91B,2013,0,Open,current
O91B,2014,0,Open,current
O91B,2015,0,Open,current
O91B,2016,0,Open,current
O91B,2017,0,Open,current
O91B,2018,0,Open,current
O91B,2019,0,Open,current
O91B,2020,0,Open,current
O91B,2021,0,Open,current
O91B,2022,0,Open,current
O91B,2023,0,Open,current
O91B,2024,0,Open,current
O91B,2025,0,Open,current
O99B,1975,0,Open,current
O99B,1976,0,Open,current
O99B,1977,0,Open,current
O99B,1978,0,Open,current
O99B,1979,0,Open,current
O99B,1980,0,Open,current
O99B,1981,0,Open,current
O99B,1982,0,Open,current
O99B,1983,0,Open,current
O99B,1984,0,Open,current
O99B,1985,0,Open,current
O99B,1986,0,Open,current
O99B,1987,0,Open,current
O99B,1988,0,Open,current
O99B,1989,0,Open,current
O99B,1990,0,Open,current
O99B,1991,0,Open,current
O99B,1992,0,Open,current
O99B,1993,0,Open,current
O99B,1994,0,Open,current
O99B,1995,0,Open,current
O99B,1996,0,Open,current
O99B,1997,0,Open,current
O99B,1998,0,Open,current
O99B,1999,0,Open,current
O99B,2000,0,Open,current
O99B,2001,0,Open,current
O99B,2002,0,Open,current
O99B,2003,0,Open,current
O99B,2004,0,Open,current
O99B,2005,0,Open,current
O99B,2006,0,Open,current
O99B,2007,0,Open,current
O99B,2008,0,Open,current
O99B,2009,0,Open,current
O99B,2010,0,Open,current
O99B,2011,0,Open,current
O99B,2012,0,Open,current
O99B,2013,0,Open,current
O99B,2014,0,Open,current
O99B,2015,0,Open,current
O99B,2016,0,Open,current
O99B,2017,0,Open,current
O99B,2018,0,Open,current
O99B,2019,0,Open,current
O99B,2020,0,Open,current
O99B,2021,0,Open,current
O99B,2022,0,Open,current
O99B,2023,0,Open,current
O99B,2024,0,Open,current
O99B,2025,0,Open,current
P07A,1975,1,Limited,current
P07A,1976,1,Limited,current
P07A,1977,1,Limited,current
P07A,1978,1,Limited,current
P07A,1979,1,Limited,current
P07A,1980,1,Limited,current
P07A,1981,1,Limited,current
P07A,1982,1,Limited,current
P07A,1983,1,Limited,current
P07A,1984,1,Limited,current
P07A,1985,1,Limited,current
P07A,1986,1,Limited,current
P07A,1987,1,Limited,current
P07A,1988,1,Limited,current
P07A,1989,1,Limited,current
P07A,1990,1,Limited,current
P07A,1991,1,Limited,current
P07A,1992,1,Limited,current
P07A,1993,1,Limited,current
P07A,1994,1,Limited,current
P07A,1995,1,Limited,current
P07A,1996,1,Limited,historical
P07A,1997,1,Limited,historical
P07A,1998,1,Limited,historical
P07A,1999,1,Limited,historical
P07A,2000,1,Limited,historical
P07A,2001,1,Limited,historical
P07A,2002,1,Limited,historical
P07A,2003,1,Limited,historical
P07A,2004,1,Limited,historical
P07A,2005,1,Limited,historical
P07A,2006,1,Limited,historical
P07A,2007,1,Limited,historical
P07A,2008,1,Limited,historical
P07A,2009,1,Limited,historical
P07A,2010,1,Limited,historical
P07A,2011,1,Limited,historical
P07A,2012,1,Limited,historical
P07A,2013,1,Limited,historical
P07A,2014,1,Limited,historical
P07A,2015,1,Limited,historical
P07A,2016,1,Limited,historical
P07A,2017,1,Limited,historical
P07A,2018,1,Limited,historical
P07A,2019,1,Limited,historical
P07A,2020,1,Limited,historical
P07A,2021,1,Limited,historical
P07A,2022,1,Limited,current
P07A,2023,1,Limited,current
P07A,2024,1,Limited,current
P07A,2025,1,Limited,current
P07B,1975,0,Open,historical
P07B,1976,0,Open,historical
P07B,1977,0,Open,historical
P07B,1978,0,Open,historical
P07B,1979,0,Open,historical
P07B,1980,0,Open,historical
P07B,1981,0,Open,historical
P07B,1982,0,Open,historical
P07B,1983,0,Open,historical
P07B,1984,0,Open,historical
P07B,1985,0,Open,historical
P07B,1986,0,Open,historical
P07B,1987,0,Open,historical
P07B,1988,0,Open,historical
P07B,1989,0,Open,historical
P07B,1990,0,Open,historical
P07B,1991,0,Open,historical
P07B,1992,0,Open,historical
P07B,1993,0,Open,historical
P07B,1994,0,Open,historical
P07B,1995,0,Open,historical
P07B,1996,0,Open,historical-outside-range
P07B,1997,0,Open,historical-outside-range
P07B,1998,0,Open,historical-outside-range
P07B,1999,0,Open,historical-outside-range
P07B,2000,0,Open,historical-outside-range
P07B,2001,0,Open,historical-outside-range
P07B,2002,0,Open,historical-outside-range
P07B,2003,0,Open,historical-outside-range
P07B,2004,0,Open,historical-outside-range
P07B,2005,0,Open,historical-outside-range
P07B,2006,0,Open,historical-outside-range
P07B,2007,0,Open,historical-outside-range
P07B,2008,0,Open,historical-outside-range
P07B,2009,0,Open,historical-outside-range
P07B,2010,0,Open,historical-outside-range
P07B,2011,0,Open,historical-outside-range
P07B,2012,0,Open,historical-outside-range
P07B,2013,0,Open,historical-outside-range
P07B,2014,0,Open,historical-outside-range
P07B,2015,0,Open,historical-outside-range
P07B,2016,0,Open,historical-outside-range
P07B,2017,0,Open,historical-outside-range
P07B,2018,0,Open,historical-outside-range
P07B,2019,0,Open,historical-outside-range
P07B,2020,0,Open,historical-outside-range
P07B,2021,0,Open,historical-outside-range
P07B,2022,0,Open,historical-outside-range
P07B,2023,0,Open,historical-outside-range
P07B,2024,0,Open,historical-outside-range
P07B,2025,0,Open,historical-outside-range
P07D,1975,0,Open,current
P07D,1976,0,Open,current
P07D,1977,0,Open,current
P07D,1978,0,Open,current
P07D,1979,0,Open,current
P07D,1980,0,Open,current
P07D,1981,0,Open,current
P07D,1982,0,Open,current
P07D,1983,0,Open,current
P07D,1984,0,Open,current
P07D,1985,0,Open,current
P07D,1986,0,Open,current
P07D,1987,0,Open,current
P07D,1988,0,Open,current
P07D,1989,0,Open,current
P07D,1990,0,Open,current
P07D,1991,0,Open,current
P07D,1992,0,Open,current
P07D,1993,0,Open,current
P07D,1994,0,Open,current
P07D,1995,0,Open,current
P07D,1996,0,Open,current
P07D,1997,0,Open,historical
P07D,1998,0,Open,historical
P07D,1999,0,Open,historical
P07D,2000,0,Open,historical
P07D,2001,0,Open,historical
P07D,2002,0,Open,historical
P07D,2003,0,Open,historical
P07D,2004,0,Open,historical
P07D,2005,0,Open,historical
P07D,2006,0,Open,historical
P07D,2007,0,Open,historical
P07D,2008,0,Open,historical
P07D,2009,0,Open,historical
P07D,2010,0,Open,historical
P07D,2011,0,Open,historical
P07D,2012,0,Open,historical
P07D,2013,0,Open,historical
P07D,2014,0,Open,historical
P07D,2015,0,Open,historical
P07D,2016,0,Open,historical
P07D,2017,0,Open,historical
P07D,2018,0,Open,historical
P07D,2019,0,Open,historical
P07D,2020,0,Open,historical
P07D,2021,0,Open,historical
P07D,2022,0,Open,current
P07D,2023,0,Open,current
P07D,2024,0,Open,current
P07D,2025,0,Open,current
P07E,1975,0,Open,current
P07E,1976,0,Open,current
P07E,1977,0,Open,current
P07E,1978,0,Open,current
P07E,1979,0,Open,current
P07E,1980,0,Open,current
P07E,1981,0,Open,current
P07E,1982,0,Open,current
P07E,1983,0,Open,current
P07E,1984,0,Open,current
P07E,1985,0,Open,current
P07E,1986,0,Open,current
P07E,1987,0,Open,current
P07E,1988,0,Open,current
P07E,1989,0,Open,current
P07E,1990,0,Open,current
P07E,1991,0,Open,current
P07E,1992,0,Open,current
P07E,1993,0,Open,current
P07E,1994,0,Open,current
P07E,1995,0,Open,current
P07E,1996,0,Open,historical
P07E,1997,0,Open,historical
P07E,1998,0,Open,historical
P07E,1999,0,Open,historical
P07E,2000,0,Open,historical
P07E,2001,0,Open,historical
P07E,2002,0,Open,historical
P07E,2003,0,Open,historical
P07E,2004,0,Open,historical
P07E,2005,0,Open,historical
P07E,2006,0,Open,historical
P07E,2007,0,Open,historical
P07E,2008,0,Open,historical
P07E,2009,0,Open,historical
P07E,2010,0,Open,historical
P07E,2011,0,Open,historical
P07E,2012,0,Open,historical
P07E,2013,0,Open,historical
P07E,2014,0,Open,historical
P07E,2015,0,Open,historical
P07E,2016,0,Open,historical
P07E,2017,0,Open,historical
P07E,2018,0,Open,historical
P07E,2019,0,Open,historical
P07E,2020,0,Open,historical
P07E,2021,0,Open,historical
P07E,2022,0,Open,current
P07E,2023,0,Open,current
P07E,2024,0,Open,current
P07E,2025,0,Open,current
P07H,1975,0,Open,current
P07H,1976,0,Open,current
P07H,1977,0,Open,current
P07H,1978,0,Open,current
P07H,1979,0,Open,current
P07H,1980,0,Open,current
P07H,1981,0,Open,historical
P07H,1982,0,Open,historical
P07H,1983,0,Open,historical
P07H,1984,0,Open,historical
P07H,1985,0,Open,historical
P07H,1986,0,Open,historical
P07H,1987,0,Open,historical
P07H,1988,0,Open,historical
P07H,1989,0,Open,historical
P07H,1990,0,Open,historical
P07H,1991,0,Open,historical
P07H,1992,0,Open,historical
P07H,1993,0,Open,historical
P07H,1994,0,Open,historical
P07H,1995,0,Open,historical
P07H,1996,0,Open,historical
P07H,1997,0,Open,historical
P07H,1998,0,Open,historical
P07H,1999,0,Open,historical
P07H,2000,0,Open,historical
P07H,2001,0,Open,historical
P07H,2002,0,Open,historical
P07H,2003,0,Open,historical
P07H,2004,0,Open,historical
P07H,2005,0,Open,historical
P07H,2006,0,Open,historical
P07H,2007,0,Open,historical
P07H,2008,0,Open,historical
P07H,2009,0,Open,historical
P07H,2010,0,Open,historical
P07H,2011,0,Open,historical
P07H,2012,0,Open,historical
P07H,2013,0,Open,historical
P07H,2014,0,Open,historical
P07H,2015,0,Open,historical
P07H,2016,0,Open,historical
P07H,2017,0,Open,historical
P07H,2018,0,Open,historical
P07H,2019,0,Open,historical
P07H,2020,0,Open,historical
P07H,2021,0,Open,historical
P07H,2022,0,Open,current
P07H,2023,0,Open,current
P07H,2024,0,Open,current
P07H,2025,0,Open,current
P07J,1975,0,Open,current
P07J,1976,0,Open,current
P07J,1977,0,Open,current
P07J,1978,0,Open,current
P07J,1979,0,Open,current
P07J,1980,0,Open,current
P07J,1981,0,Open,current
P07J,1982,0,Open,current
P07J,1983,0,Open,current
P07J,1984,0,Open,current
P07J,1985,0,Open,current
P07J,1986,0,Open,current
P07J,1987,0,Open,current
P07J,1988,0,Open,current
P07J,1989,0,Open,current
P07J,1990,0,Open,current
P07J,1991,0,Open,current
P07J,1992,0,Open,current
P07J,1993,0,Open,current
P07J,1994,0,Open,current
P07J,1995,0,Open,current
P07J,1996,0,Open,historical
P07J,1997,0,Open,historical
P07J,1998,0,Open,historical
P07J,1999,0,Open,historical
P07J,2000,0,Open,historical
P07J,2001,0,Open,historical
P07J,2002,0,Open,historical
P07J,2003,0,Open,historical
P07J,2004,0,Open,historical
P07J,2005,0,Open,historical
P07J,2006,0,Open,historical
P07J,2007,0,Open,historical
P07J,2008,0,Open,historical
P07J,2009,0,Open,historical
P07J,2010,0,Open,historical
P07J,2011,0,Open,historical
P07J,2012,0,Open,historical
P07J,2013,0,Open,historical
P07J,2014,0,Open,historical
P07J,2015,0,Open,historical
P07J,2016,0,Open,historical
P07J,2017,0,Open,historical
P07J,2018,0,Open,historical
P07J,2019,0,Open,historical
P07J,2020,0,Open,historical
P07J,2021,0,Open,historical
P07J,2022,0,Open,current
P07J,2023,0,Open,current
P07J,2024,0,Open,current
P07J,2025,0,Open,current
P09A,1975,1,Limited,historical-outside-range
P09A,1976,1,Limited,historical-outside-range
P09A,1977,1,Limited,historical-outside-range
P09A,1978,1,Limited,historical-outside-range
P09A,1979,1,Limited,historical-outside-range
P09A,1980,1,Limited,historical-outside-range
P09A,1981,1,Limited,historical-outside-range
P09A,1982,1,Limited,historical-outside-range
P09A,1983,1,Limited,historical-outside-range
P09A,1984,1,Limited,historical-outside-range
P09A,1985,1,Limited,historical-outside-range
P09A,1986,1,Limited,historical-outside-range
P09A,1987,1,Limited,historical-outside-range
P09A,1988,1,Limited,historical-outside-range
P09A,1989,1,Limited,historical-outside-range
P09A,1990,1,Limited,historical-outside-range
P09A,1991,1,Limited,historical-outside-range
P09A,1992,1,Limited,historical-outside-range
P09A,1993,1,Limited,historical-outside-range
P09A,1994,1,Limited,historical-outside-range
P09A,1995,1,Limited,historical-outside-range
P09A,1996,1,Limited,historical
P09A,1997,1,Limited,historical
P09A,1998,1,Limited,historical
P09A,1999,1,Limited,historical
P09A,2000,1,Limited,historical
P09A,2001,1,Limited,historical
P09A,2002,1,Limited,historical-outside-range
P09A,2003,1,Limited,historical-outside-range
P09A,2004,1,Limited,historical-outside-range
P09A,2005,1,Limited,historical-outside-range
P09A,2006,1,Limited,historical-outside-range
P09A,2007,1,Limited,historical-outside-range
P09A,2008,1,Limited,historical-outside-range
P09A,2009,1,Limited,historical-outside-range
P09A,2010,1,Limited,historical-outside-range
P09A,2011,1,Limited,historical-outside-range
P09A,2012,1,Limited,historical-outside-range
P09A,2013,1,Limited,historical-outside-range
P09A,2014,1,Limited,historical-outside-range
P09A,2015,1,Limited,historical-outside-range
P09A,2016,1,Limited,historical-outside-range
P09A,2017,1,Limited,historical-outside-range
P09A,2018,1,Limited,historical-outside-range
P09A,2019,1,Limited,historical-outside-range
P09A,2020,1,Limited,historical-outside-range
P09A,2021,1,Limited,historical-outside-range
P09A,2022,1,Limited,historical-outside-range
P09A,2023,1,Limited,historical-outside-range
P09A,2024,1,Limited,historical-outside-range
P09A,2025,1,Limited,historical-outside-range
P09B,1975,0,Open,historical
P09B,1976,0,Open,historical
P09B,1977,0,Open,historical
P09B,1978,0,Open,historical
P09B,1979,0,Open,historical
P09B,1980,0,Open,historical
P09B,1981,0,Open,historical
P09B,1982,0,Open,historical
P09B,1983,0,Open,historical
P09B,1984,0,Open,historical
P09B,1985,0,Open,historical
P09B,1986,0,Open,historical
P09B,1987,0,Open,historical
P09B,1988,0,Open,historical
P09B,1989,0,Open,historical
P09B,1990,0,Open,historical
P09B,1991,0,Open,historical
P09B,1992,0,Open,historical
P09B,1993,0,Open,historical
P09B,1994,0,Open,historical-outside-range
P09B,1995,0,Open,historical-outside-range
P09B,1996,0,Open,historical-outside-range
P09B,1997,0,Open,historical-outside-range
P09B,1998,0,Open,historical-outside-range
P09B,1999,0,Open,historical-outside-range
P09B,2000,0,Open,historical-outside-range
P09B,2001,0,Open,historical-outside-range
P09B,2002,0,Open,historical-outside-range
P09B,2003,0,Open,historical-outside-range
P09B,2004,0,Open,historical-outside-range
P09B,2005,0,Open,historical-outside-range
P09B,2006,0,Open,historical-outside-range
P09B,2007,0,Open,historical-outside-range
P09B,2008,0,Open,historical-outside-range
P09B,2009,0,Open,historical-outside-range
P09B,2010,0,Open,historical-outside-range
P09B,2011,0,Open,historical-outside-range
P09B,2012,0,Open,historical-outside-range
P09B,2013,0,Open,historical-outside-range
P09B,2014,0,Open,historical-outside-range
P09B,2015,0,Open,historical-outside-range
P09B,2016,0,Open,historical-outside-range
P09B,2017,0,Open,historical-outside-range
P09B,2018,0,Open,historical-outside-range
P09B,2019,0,Open,historical-outside-range
P09B,2020,0,Open,historical-outside-range
P09B,2021,0,Open,historical-outside-range
P09B,2022,0,Open,historical-outside-range
P09B,2023,0,Open,historical-outside-range
P09B,2024,0,Open,historical-outside-range
P09B,2025,0,Open,historical-outside-range
P09D,1975,0,Open,current
P09D,1976,0,Open,current
P09D,1977,0,Open,current
P09D,1978,0,Open,current
P09D,1979,0,Open,current
P09D,1980,0,Open,current
P09D,1981,0,Open,current
P09D,1982,0,Open,current
P09D,1983,0,Open,current
P09D,1984,0,Open,current
P09D,1985,0,Open,current
P09D,1986,0,Open,current
P09D,1987,0,Open,current
P09D,1988,0,Open,current
P09D,1989,0,Open,current
P09D,1990,0,Open,current
P09D,1991,0,Open,current
P09D,1992,0,Open,current
P09D,1993,0,Open,current
P09D,1994,0,Open,current
P09D,1995,0,Open,current
P09D,1996,0,Open,historical
P09D,1997,0,Open,historical
P09D,1998,0,Open,historical
P09D,1999,0,Open,historical
P09D,2000,0,Open,historical
P09D,2001,0,Open,historical
P09D,2002,0,Open,historical
P09D,2003,0,Open,historical
P09D,2004,0,Open,historical
P09D,2005,0,Open,historical
P09D,2006,0,Open,historical
P09D,2007,0,Open,historical
P09D,2008,0,Open,historical
P09D,2009,0,Open,historical
P09D,2010,0,Open,historical
P09D,2011,0,Open,historical
P09D,2012,0,Open,historical
P09D,2013,0,Open,historical
P09D,2014,0,Open,historical
P09D,2015,0,Open,historical
P09D,2016,0,Open,historical
P09D,2017,0,Open,historical
P09D,2018,0,Open,historical
P09D,2019,0,Open,historical
P09D,2020,0,Open,historical
P09D,2021,0,Open,historical
P09D,2022,0,Open,current
P09D,2023,0,Open,current
P09D,2024,0,Open,current
P09D,2025,0,Open,current
P09E,1975,0,Open,current
P09E,1976,0,Open,current
P09E,1977,0,Open,current
P09E,1978,0,Open,current
P09E,1979,0,Open,current
P09E,1980,0,Open,current
P09E,1981,0,Open,current
P09E,1982,0,Open,current
P09E,1983,0,Open,current
P09E,1984,0,Open,current
P09E,1985,0,Open,historical
P09E,1986,0,Open,historical
P09E,1987,0,Open,historical
P09E,1988,0,Open,historical
P09E,1989,0,Open,historical
P09E,1990,0,Open,historical
P09E,1991,0,Open,historical
P09E,1992,0,Open,historical
P09E,1993,0,Open,historical
P09E,1994,0,Open,historical
P09E,1995,0,Open,historical
P09E,1996,0,Open,current
P09E,1997,0,Open,current
P09E,1998,0,Open,current
P09E,1999,0,Open,current
P09E,2000,0,Open,current
P09E,2001,0,Open,current
P09E,2002,0,Open,current
P09E,2003,0,Open,current
P09E,2004,0,Open,current
P09E,2005,0,Open,current
P09E,2006,0,Open,current
P09E,2007,0,Open,current
P09E,2008,0,Open,current
P09E,2009,0,Open,current
P09E,2010,0,Open,current
P09E,2011,0,Open,current
P09E,2012,0,Open,current
P09E,2013,0,Open,current
P09E,2014,0,Open,current
P09E,2015,0,Open,current
P09E,2016,0,Open,current
P09E,2017,0,Open,current
P09E,2018,0,Open,current
P09E,2019,0,Open,current
P09E,2020,0,Open,current
P09E,2021,0,Open,current
P09E,2022,0,Open,current
P09E,2023,0,Open,current
P09E,2024,0,Open,current
P09E,2025,0,Open,current
P09H,1975,0,Open,current
P09H,1976,0,Open,current
P09H,1977,0,Open,current
P09H,1978,0,Open,current
P09H,1979,0,Open,current
P09H,1980,0,Open,current
P09H,1981,0,Open,current
P09H,1982,0,Open,current
P09H,1983,0,Open,current
P09H,1984,0,Open,current
P09H,1985,0,Open,current
P09H,1986,0,Open,current
P09H,1987,0,Open,current
P09H,1988,0,Open,current
P09H,1989,0,Open,current
P09H,1990,0,Open,current
P09H,1991,0,Open,current
P09H,1992,0,Open,current
P09H,1993,0,Open,current
P09H,1994,0,Open,current
P09H,1995,0,Open,current
P09H,1996,0,Open,historical
P09H,1997,0,Open,historical
P09H,1998,0,Open,historical
P09H,1999,0,Open,historical
P09H,2000,0,Open,historical
P09H,2001,0,Open,historical
P09H,2002,0,Open,historical
P09H,2003,0,Open,historical
P09H,2004,0,Open,historical
P09H,2005,0,Open,historical
P09H,2006,0,Open,historical
P09H,2007,0,Open,historical
P09H,2008,0,Open,historical
P09H,2009,0,Open,historical
P09H,2010,0,Open,historical
P09H,2011,0,Open,historical
P09H,2012,0,Open,historical
P09H,2013,0,Open,historical
P09H,2014,0,Open,historical
P09H,2015,0,Open,historical
P09H,2016,0,Open,historical
P09H,2017,0,Open,historical
P09H,2018,0,Open,historical
P09H,2019,0,Open,historical
P09H,2020,0,Open,historical
P09H,2021,0,Open,historical
P09H,2022,0,Open,current
P09H,2023,0,Open,current
P09H,2024,0,Open,current
P09H,2025,0,Open,current
P09J,1975,0,Open,current
P09J,1976,0,Open,current
P09J,1977,0,Open,current
P09J,1978,0,Open,current
P09J,1979,0,Open,current
P09J,1980,0,Open,current
P09J,1981,0,Open,current
P09J,1982,0,Open,current
P09J,1983,0,Open,current
P09J,1984,0,Open,current
P09J,1985,0,Open,current
P09J,1986,0,Open,current
P09J,1987,0,Open,current
P09J,1988,0,Open,current
P09J,1989,0,Open,current
P09J,1990,0,Open,current
P09J,1991,0,Open,current
P09J,1992,0,Open,current
P09J,1993,0,Open,current
P09J,1994,0,Open,current
P09J,1995,0,Open,current
P09J,1996,0,Open,historical
P09J,1997,0,Open,historical
P09J,1998,0,Open,historical
P09J,1999,0,Open,historical
P09J,2000,0,Open,historical
P09J,2001,0,Open,historical
P09J,2002,0,Open,historical
P09J,2003,0,Open,historical
P09J,2004,0,Open,historical
P09J,2005,0,Open,historical
P09J,2006,0,Open,historical
P09J,2007,0,Open,historical
P09J,2008,0,Open,historical
P09J,2009,0,Open,historical
P09J,2010,0,Open,historical
P09J,2011,0,Open,historical
P09J,2012,0,Open,historical
P09J,2013,0,Open,historical
P09J,2014,0,Open,historical
P09J,2015,0,Open,historical
P09J,2016,0,Open,historical
P09J,2017,0,Open,historical
P09J,2018,0,Open,historical
P09J,2019,0,Open,historical
P09J,2020,0,Open,historical
P09J,2021,0,Open,historical
P09J,2022,0,Open,current
P09J,2023,0,Open,current
P09J,2024,0,Open,current
P09J,2025,0,Open,current
P17A,1975,1,Limited,current
P17A,1976,1,Limited,current
P17A,1977,1,Limited,current
P17A,1978,1,Limited,current
P17A,1979,1,Limited,current
P17A,1980,1,Limited,current
P17A,1981,1,Limited,current
P17A,1982,1,Limited,current
P17A,1983,1,Limited,current
P17A,1984,1,Limited,current
P17A,1985,1,Limited,current
P17A,1986,1,Limited,current
P17A,1987,1,Limited,current
P17A,1988,1,Limited,current
P17A,1989,1,Limited,current
P17A,1990,1,Limited,current
P17A,1991,1,Limited,current
P17A,1992,1,Limited,current
P17A,1993,1,Limited,current
P17A,1994,1,Limited,current
P17A,1995,1,Limited,current
P17A,1996,1,Limited,historical
P17A,1997,1,Limited,historical
P17A,1998,1,Limited,historical
P17A,1999,1,Limited,historical
P17A,2000,1,Limited,historical
P17A,2001,1,Limited,historical
P17A,2002,1,Limited,historical
P17A,2003,1,Limited,historical
P17A,2004,1,Limited,historical
P17A,2005,1,Limited,historical
P17A,2006,1,Limited,historical
P17A,2007,1,Limited,historical
P17A,2008,1,Limited,historical
P17A,2009,1,Limited,historical
P17A,2010,1,Limited,historical
P17A,2011,1,Limited,historical
P17A,2012,1,Limited,historical
P17A,2013,1,Limited,historical
P17A,2014,1,Limited,historical
P17A,2015,1,Limited,historical
P17A,2016,1,Limited,historical
P17A,2017,1,Limited,historical
P17A,2018,1,Limited,historical
P17A,2019,1,Limited,historical
P17A,2020,1,Limited,historical
P17A,2021,1,Limited,historical
P17A,2022,1,Limited,current
P17A,2023,1,Limited,current
P17A,2024,1,Limited,current
P17A,2025,1,Limited,current
P17B,1975,0,Open,historical
P17B,1976,0,Open,historical
P17B,1977,0,Open,historical
P17B,1978,0,Open,historical
P17B,1979,0,Open,historical
P17B,1980,0,Open,historical
P17B,1981,0,Open,historical
P17B,1982,0,Open,historical
P17B,1983,0,Open,historical
P17B,1984,0,Open,historical
P17B,1985,0,Open,historical
P17B,1986,0,Open,historical
P17B,1987,0,Open,historical
P17B,1988,0,Open,historical
P17B,1989,0,Open,historical
P17B,1990,0,Open,historical
P17B,1991,0,Open,historical
P17B,1992,0,Open,historical
P17B,1993,0,Open,historical
P17B,1994,0,Open,historical
P17B,1995,0,Open,historical
P17B,1996,0,Open,historical-outside-range
P17B,1997,0,Open,historical-outside-range
P17B,1998,0,Open,historical-outside-range
P17B,1999,0,Open,historical-outside-range
P17B,2000,0,Open,historical-outside-range
P17B,2001,0,Open,historical-outside-range
P17B,2002,0,Open,historical-outside-range
P17B,2003,0,Open,historical-outside-range
P17B,2004,0,Open,historical-outside-range
P17B,2005,0,Open,historical-outside-range
P17B,2006,0,Open,historical-outside-range
P17B,2007,0,Open,historical-outside-range
P17B,2008,0,Open,historical-outside-range
P17B,2009,0,Open,historical-outside-range
P17B,2010,0,Open,historical-outside-range
P17B,2011,0,Open,historical-outside-range
P17B,2012,0,Open,historical-outside-range
P17B,2013,0,Open,historical-outside-range
P17B,2014,0,Open,historical-outside-range
P17B,2015,0,Open,historical-outside-range
P17B,2016,0,Open,historical-outside-range
P17B,2017,0,Open,historical-outside-range
P17B,2018,0,Open,historical-outside-range
P17B,2019,0,Open,historical-outside-range
P17B,2020,0,Open,historical-outside-range
P17B,2021,0,Open,historical-outside-range
P17B,2022,0,Open,historical-outside-range
P17B,2023,0,Open,historical-outside-range
P17B,2024,0,Open,historical-outside-range
P17B,2025,0,Open,historical-outside-range
P17D,1975,0,Open,current
P17D,1976,0,Open,current
P17D,1977,0,Open,current
P17D,1978,0,Open,current
P17D,1979,0,Open,current
P17D,1980,0,Open,current
P17D,1981,0,Open,current
P17D,1982,0,Open,current
P17D,1983,0,Open,current
P17D,1984,0,Open,current
P17D,1985,0,Open,current
P17D,1986,0,Open,current
P17D,1987,0,Open,current
P17D,1988,0,Open,current
P17D,1989,0,Open,current
P17D,1990,0,Open,current
P17D,1991,0,Open,current
P17D,1992,0,Open,current
P17D,1993,0,Open,current
P17D,1994,0,Open,current
P17D,1995,0,Open,current
P17D,1996,0,Open,current
P17D,1997,0,Open,historical
P17D,1998,0,Open,historical
P17D,1999,0,Open,historical
P17D,2000,0,Open,historical
P17D,2001,0,Open,historical
P17D,2002,0,Open,historical
P17D,2003,0,Open,historical
P17D,2004,0,Open,historical
P17D,2005,0,Open,historical
P17D,2006,0,Open,historical
P17D,2007,0,Open,historical
P17D,2008,0,Open,historical
P17D,2009,0,Open,historical
P17D,2010,0,Open,historical
P17D,2011,0,Open,historical
P17D,2012,0,Open,historical
P17D,2013,0,Open,historical
P17D,2014,0,Open,historical
P17D,2015,0,Open,historical
P17D,2016,0,Open,historical
P17D,2017,0,Open,historical
P17D,2018,0,Open,historical
P17D,2019,0,Open,historical
P17D,2020,0,Open,historical
P17D,2021,0,Open,historical
P17D,2022,0,Open,current
P17D,2023,0,Open,current
P17D,2024,0,Open,current
P17D,2025,0,Open,current
P17E,1975,0,Open,current
P17E,1976,0,Open,current
P17E,1977,0,Open,current
P17E,1978,0,Open,current
P17E,1979,0,Open,current
P17E,1980,0,Open,current
P17E,1981,0,Open,current
P17E,1982,0,Open,current
P17E,1983,0,Open,current
P17E,1984,0,Open,current
P17E,1985,0,Open,current
P17E,1986,0,Open,current
P17E,1987,0,Open,current
P17E,1988,0,Open,current
P17E,1989,0,Open,current
P17E,1990,0,Open,current
P17E,1991,0,Open,current
P17E,1992,0,Open,current
P17E,1993,0,Open,current
P17E,1994,0,Open,current
P17E,1995,0,Open,current
P17E,1996,0,Open,historical
P17E,1997,0,Open,historical
P17E,1998,0,Open,historical
P17E,1999,0,Open,historical
P17E,2000,0,Open,historical
P17E,2001,0,Open,historical
P17E,2002,0,Open,historical
P17E,2003,0,Open,historical
P17E,2004,0,Open,historical
P17E,2005,0,Open,historical
P17E,2006,0,Open,historical
P17E,2007,0,Open,historical
P17E,2008,0,Open,historical
P17E,2009,0,Open,historical
P17E,2010,0,Open,historical
P17E,2011,0,Open,historical
P17E,2012,0,Open,historical
P17E,2013,0,Open,historical
P17E,2014,0,Open,historical
P17E,2015,0,Open,historical
P17E,2016,0,Open,historical
P17E,2017,0,Open,historical
P17E,2018,0,Open,historical
P17E,2019,0,Open,historical
P17E,2020,0,Open,historical
P17E,2021,0,Open,historical
P17E,2022,0,Open,current
P17E,2023,0,Open,current
P17E,2024,0,Open,current
P17E,2025,0,Open,current
P17H,1975,0,Open,current
P17H,1976,0,Open,current
P17H,1977,0,Open,current
P17H,1978,0,Open,current
P17H,1979,0,Open,current
P17H,1980,0,Open,current
P17H,1981,0,Open,historical
P17H,1982,0,Open,historical
P17H,1983,0,Open,historical
P17H,1984,0,Open,historical
P17H,1985,0,Open,historical
P17H,1986,0,Open,historical
P17H,1987,0,Open,historical
P17H,1988,0,Open,historical
P17H,1989,0,Open,historical
P17H,1990,0,Open,historical
P17H,1991,0,Open,historical
P17H,1992,0,Open,historical
P17H,1993,0,Open,historical
P17H,1994,0,Open,historical
P17H,1995,0,Open,historical
P17H,1996,0,Open,historical
P17H,1997,0,Open,historical
P17H,1998,0,Open,historical
P17H,1999,0,Open,historical
P17H,2000,0,Open,historical
P17H,2001,0,Open,historical
P17H,2002,0,Open,historical
P17H,2003,0,Open,historical
P17H,2004,0,Open,historical
P17H,2005,0,Open,historical
P17H,2006,0,Open,historical
P17H,2007,0,Open,historical
P17H,2008,0,Open,historical
P17H,2009,0,Open,historical
P17H,2010,0,Open,historical
P17H,2011,0,Open,historical
P17H,2012,0,Open,historical
P17H,2013,0,Open,historical
P17H,2014,0,Open,historical
P17H,2015,0,Open,historical
P17H,2016,0,Open,historical
P17H,2017,0,Open,historical
P17H,2018,0,Open,historical
P17H,2019,0,Open,historical
P17H,2020,0,Open,historical
P17H,2021,0,Open,historical
P17H,2022,0,Open,current
P17H,2023,0,Open,current
P17H,2024,0,Open,current
P17H,2025,0,Open,current
P17J,1975,0,Open,current
P17J,1976,0,Open,current
P17J,1977,0,Open,current
P17J,1978,0,Open,current
P17J,1979,0,Open,current
P17J,1980,0,Open,current
P17J,1981,0,Open,current
P17J,1982,0,Open,current
P17J,1983,0,Open,current
P17J,1984,0,Open,current
P17J,1985,0,Open,current
P17J,1986,0,Open,current
P17J,1987,0,Open,current
P17J,1988,0,Open,current
P17J,1989,0,Open,current
P17J,1990,0,Open,current
P17J,1991,0,Open,current
P17J,1992,0,Open,current
P17J,1993,0,Open,current
P17J,1994,0,Open,current
P17J,1995,0,Open,current
P17J,1996,0,Open,current
P17J,1997,0,Open,current
P17J,1998,0,Open,historical
P17J,1999,0,Open,historical
P17J,2000,0,Open,historical
P17J,2001,0,Open,historical
P17J,2002,0,Open,historical
P17J,2003,0,Open,historical
P17J,2004,0,Open,historical
P17J,2005,0,Open,historical
P17J,2006,0,Open,historical
P17J,2007,0,Open,historical
P17J,2008,0,Open,historical
P17J,2009,0,Open,historical
P17J,2010,0,Open,historical
P17J,2011,0,Open,historical
P17J,2012,0,Open,historical
P17J,2013,0,Open,historical
P17J,2014,0,Open,historical
P17J,2015,0,Open,historical
P17J,2016,0,Open,historical
P17J,2017,0,Open,historical
P17J,2018,0,Open,historical
P17J,2019,0,Open,historical
P17J,2020,0,Open,historical
P17J,2021,0,Open,historical
P17J,2022,0,Open,current
P17J,2023,0,Open,current
P17J,2024,0,Open,current
P17J,2025,0,Open,current
P37B,1975,0,Open,historical-outside-range
P37B,1976,0,Open,historical-outside-range
P37B,1977,0,Open,historical-outside-range
P37B,1978,0,Open,historical-outside-range
P37B,1979,0,Open,historical-outside-range
P37B,1980,0,Open,historical
P37B,1981,0,Open,historical
P37B,1982,0,Open,historical
P37B,1983,0,Open,historical
P37B,1984,0,Open,historical-outside-range
P37B,1985,0,Open,historical-outside-range
P37B,1986,0,Open,historical-outside-range
P37B,1987,0,Open,historical-outside-range
P37B,1988,0,Open,historical-outside-range
P37B,1989,0,Open,historical-outside-range
P37B,1990,0,Open,historical-outside-range
P37B,1991,0,Open,historical-outside-range
P37B,1992,0,Open,historical-outside-range
P37B,1993,0,Open,historical-outside-range
P37B,1994,0,Open,historical-outside-range
P37B,1995,0,Open,historical-outside-range
P37B,1996,0,Open,historical-outside-range
P37B,1997,0,Open,historical-outside-range
P37B,1998,0,Open,historical-outside-range
P37B,1999,0,Open,historical-outside-range
P37B,2000,0,Open,historical-outside-range
P37B,2001,0,Open,historical-outside-range
P37B,2002,0,Open,historical-outside-range
P37B,2003,0,Open,historical-outside-range
P37B,2004,0,Open,historical-outside-range
P37B,2005,0,Open,historical-outside-range
P37B,2006,0,Open,historical-outside-range
P37B,2007,0,Open,historical-outside-range
P37B,2008,0,Open,historical-outside-range
P37B,2009,0,Open,historical-outside-range
P37B,2010,0,Open,historical-outside-range
P37B,2011,0,Open,historical-outside-range
P37B,2012,0,Open,historical-outside-range
P37B,2013,0,Open,historical-outside-range
P37B,2014,0,Open,historical-outside-range
P37B,2015,0,Open,historical-outside-range
P37B,2016,0,Open,historical-outside-range
P37B,2017,0,Open,historical-outside-range
P37B,2018,0,Open,historical-outside-range
P37B,2019,0,Open,historical-outside-range
P37B,2020,0,Open,historical-outside-range
P37B,2021,0,Open,historical-outside-range
P37B,2022,0,Open,historical-outside-range
P37B,2023,0,Open,historical-outside-range
P37B,2024,0,Open,historical-outside-range
P37B,2025,0,Open,historical-outside-range
P37H,1975,0,Open,historical-outside-range
P37H,1976,0,Open,historical-outside-range
P37H,1977,0,Open,historical-outside-range
P37H,1978,0,Open,historical-outside-range
P37H,1979,0,Open,historical-outside-range
P37H,1980,0,Open,historical-outside-range
P37H,1981,0,Open,historical
P37H,1982,0,Open,historical
P37H,1983,0,Open,historical
P37H,1984,0,Open,historical-outside-range
P37H,1985,0,Open,historical-outside-range
P37H,1986,0,Open,historical-outside-range
P37H,1987,0,Open,historical-outside-range
P37H,1988,0,Open,historical-outside-range
P37H,1989,0,Open,historical-outside-range
P37H,1990,0,Open,historical-outside-range
P37H,1991,0,Open,historical-outside-range
P37H,1992,0,Open,historical-outside-range
P37H,1993,0,Open,historical-outside-range
P37H,1994,0,Open,historical-outside-range
P37H,1995,0,Open,historical-outside-range
P37H,1996,0,Open,historical-outside-range
P37H,1997,0,Open,historical-outside-range
P37H,1998,0,Open,historical-outside-range
P37H,1999,0,Open,historical-outside-range
P37H,2000,0,Open,historical-outside-range
P37H,2001,0,Open,historical-outside-range
P37H,2002,0,Open,historical-outside-range
P37H,2003,0,Open,historical-outside-range
P37H,2004,0,Open,historical-outside-range
P37H,2005,0,Open,historical-outside-range
P37H,2006,0,Open,historical-outside-range
P37H,2007,0,Open,historical-outside-range
P37H,2008,0,Open,historical-outside-range
P37H,2009,0,Open,historical-outside-range
P37H,2010,0,Open,historical-outside-range
P37H,2011,0,Open,historical-outside-range
P37H,2012,0,Open,historical-outside-range
P37H,2013,0,Open,historical-outside-range
P37H,2014,0,Open,historical-outside-range
P37H,2015,0,Open,historical-outside-range
P37H,2016,0,Open,historical-outside-range
P37H,2017,0,Open,historical-outside-range
P37H,2018,0,Open,historical-outside-range
P37H,2019,0,Open,historical-outside-range
P37H,2020,0,Open,historical-outside-range
P37H,2021,0,Open,historical-outside-range
P37H,2022,0,Open,historical-outside-range
P37H,2023,0,Open,historical-outside-range
P37H,2024,0,Open,historical-outside-range
P37H,2025,0,Open,historical-outside-range
P91A,1975,1,Limited,current
P91A,1976,1,Limited,current
P91A,1977,1,Limited,current
P91A,1978,1,Limited,current
P91A,1979,1,Limited,current
P91A,1980,1,Limited,current
P91A,1981,1,Limited,current
P91A,1982,1,Limited,current
P91A,1983,1,Limited,current
P91A,1984,1,Limited,current
P91A,1985,1,Limited,current
P91A,1986,1,Limited,current
P91A,1987,1,Limited,current
P91A,1988,1,Limited,current
P91A,1989,1,Limited,current
P91A,1990,1,Limited,current
P91A,1991,1,Limited,current
P91A,1992,1,Limited,current
P91A,1993,1,Limited,current
P91A,1994,1,Limited,current
P91A,1995,1,Limited,current
P91A,1996,1,Limited,historical
P91A,1997,1,Limited,historical
P91A,1998,1,Limited,historical
P91A,1999,1,Limited,historical
P91A,2000,1,Limited,historical
P91A,2001,1,Limited,historical
P91A,2002,1,Limited,historical
P91A,2003,1,Limited,historical
P91A,2004,1,Limited,historical
P91A,2005,1,Limited,historical
P91A,2006,1,Limited,historical
P91A,2007,1,Limited,historical
P91A,2008,1,Limited,historical
P91A,2009,1,Limited,historical
P91A,2010,1,Limited,historical
P91A,2011,1,Limited,historical
P91A,2012,1,Limited,historical
P91A,2013,1,Limited,historical
P91A,2014,1,Limited,historical
P91A,2015,1,Limited,historical
P91A,2016,1,Limited,historical
P91A,2017,1,Limited,historical
P91A,2018,1,Limited,historical
P91A,2019,1,Limited,historical
P91A,2020,1,Limited,historical
P91A,2021,1,Limited,historical
P91A,2022,1,Limited,current
P91A,2023,1,Limited,current
P91A,2024,1,Limited,current
P91A,2025,1,Limited,current
P91B,1975,0,Open,historical
P91B,1976,0,Open,historical
P91B,1977,0,Open,historical
P91B,1978,0,Open,historical
P91B,1979,0,Open,historical
P91B,1980,0,Open,historical
P91B,1981,0,Open,historical
P91B,1982,0,Open,historical
P91B,1983,0,Open,historical
P91B,1984,0,Open,historical
P91B,1985,0,Open,historical
P91B,1986,0,Open,historical
P91B,1987,0,Open,historical
P91B,1988,0,Open,historical
P91B,1989,0,Open,historical
P91B,1990,0,Open,historical
P91B,1991,0,Open,historical
P91B,1992,0,Open,historical
P91B,1993,0,Open,historical
P91B,1994,0,Open,historical
P91B,1995,0,Open,historical
P91B,1996,0,Open,historical-outside-range
P91B,1997,0,Open,historical-outside-range
P91B,1998,0,Open,historical-outside-range
P91B,1999,0,Open,historical-outside-range
P91B,2000,0,Open,historical-outside-range
P91B,2001,0,Open,historical-outside-range
P91B,2002,0,Open,historical-outside-range
P91B,2003,0,Open,historical-outside-range
P91B,2004,0,Open,historical-outside-range
P91B,2005,0,Open,historical-outside-range
P91B,2006,0,Open,historical-outside-range
P91B,2007,0,Open,historical-outside-range
P91B,2008,0,Open,historical-outside-range
P91B,2009,0,Open,historical-outside-range
P91B,2010,0,Open,historical-outside-range
P91B,2011,0,Open,historical-outside-range
P91B,2012,0,Open,historical-outside-range
P91B,2013,0,Open,historical-outside-range
P91B,2014,0,Open,historical-outside-range
P91B,2015,0,Open,historical-outside-range
P91B,2016,0,Open,historical-outside-range
P91B,2017,0,Open,historical-outside-range
P91B,2018,0,Open,historical-outside-range
P91B,2019,0,Open,historical-outside-range
P91B,2020,0,Open,historical-outside-range
P91B,2021,0,Open,historical-outside-range
P91B,2022,0,Open,historical-outside-range
P91B,2023,0,Open,historical-outside-range
P91B,2024,0,Open,historical-outside-range
P91B,2025,0,Open,historical-outside-range
P91D,1975,0,Open,current
P91D,1976,0,Open,current
P91D,1977,0,Open,current
P91D,1978,0,Open,current
P91D,1979,0,Open,current
P91D,1980,0,Open,current
P91D,1981,0,Open,current
P91D,1982,0,Open,current
P91D,1983,0,Open,current
P91D,1984,0,Open,current
P91D,1985,0,Open,current
P91D,1986,0,Open,current
P91D,1987,0,Open,current
P91D,1988,0,Open,current
P91D,1989,0,Open,current
P91D,1990,0,Open,current
P91D,1991,0,Open,current
P91D,1992,0,Open,current
P91D,1993,0,Open,current
P91D,1994,0,Open,current
P91D,1995,0,Open,current
P91D,1996,0,Open,historical
P91D,1997,0,Open,historical
P91D,1998,0,Open,historical
P91D,1999,0,Open,historical
P91D,2000,0,Open,historical
P91D,2001,0,Open,historical
P91D,2002,0,Open,historical
P91D,2003,0,Open,historical
P91D,2004,0,Open,historical
P91D,2005,0,Open,historical
P91D,2006,0,Open,historical
P91D,2007,0,Open,historical
P91D,2008,0,Open,historical
P91D,2009,0,Open,historical
P91D,2010,0,Open,historical
P91D,2011,0,Open,historical
P91D,2012,0,Open,historical
P91D,2013,0,Open,historical
P91D,2014,0,Open,historical
P91D,2015,0,Open,historical
P91D,2016,0,Open,historical
P91D,2017,0,Open,historical
P91D,2018,0,Open,historical
P91D,2019,0,Open,historical
P91D,2020,0,Open,historical
P91D,2021,0,Open,historical
P91D,2022,0,Open,current
P91D,2023,0,Open,current
P91D,2024,0,Open,current
P91D,2025,0,Open,current
P91E,1975,0,Open,current
P91E,1976,0,Open,current
P91E,1977,0,Open,current
P91E,1978,0,Open,current
P91E,1979,0,Open,current
P91E,1980,0,Open,current
P91E,1981,0,Open,current
P91E,1982,0,Open,current
P91E,1983,0,Open,current
P91E,1984,0,Open,current
P91E,1985,0,Open,current
P91E,1986,0,Open,historical
P91E,1987,0,Open,historical
P91E,1988,0,Open,historical
P91E,1989,0,Open,historical
P91E,1990,0,Open,historical
P91E,1991,0,Open,historical
P91E,1992,0,Open,historical
P91E,1993,0,Open,historical
P91E,1994,0,Open,historical
P91E,1995,0,Open,historical
P91E,1996,0,Open,current
P91E,1997,0,Open,current
P91E,1998,0,Open,current
P91E,1999,0,Open,current
P91E,2000,0,Open,current
P91E,2001,0,Open,current
P91E,2002,0,Open,current
P91E,2003,0,Open,current
P91E,2004,0,Open,current
P91E,2005,0,Open,current
P91E,2006,0,Open,current
P91E,2007,0,Open,current
P91E,2008,0,Open,current
P91E,2009,0,Open,current
P91E,2010,0,Open,current
P91E,2011,0,Open,current
P91E,2012,0,Open,current
P91E,2013,0,Open,current
P91E,2014,0,Open,current
P91E,2015,0,Open,current
P91E,2016,0,Open,current
P91E,2017,0,Open,current
P91E,2018,0,Open,current
P91E,2019,0,Open,current
P91E,2020,0,Open,current
P91E,2021,0,Open,current
P91E,2022,0,Open,current
P91E,2023,0,Open,current
P91E,2024,0,Open,current
P91E,2025,0,Open,current
P91H,1975,0,Open,current
P91H,1976,0,Open,current
P91H,1977,0,Open,current
P91H,1978,0,Open,current
P91H,1979,0,Open,current
P91H,1980,0,Open,current
P91H,1981,0,Open,current
P91H,1982,0,Open,current
P91H,1983,0,Open,current
P91H,1984,0,Open,current
P91H,1985,0,Open,current
P91H,1986,0,Open,current
P91H,1987,0,Open,current
P91H,1988,0,Open,current
P91H,1989,0,Open,current
P91H,1990,0,Open,current
P91H,1991,0,Open,current
P91H,1992,0,Open,current
P91H,1993,0,Open,current
P91H,1994,0,Open,current
P91H,1995,0,Open,current
P91H,1996,0,Open,historical
P91H,1997,0,Open,historical
P91H,1998,0,Open,historical
P91H,1999,0,Open,historical
P91H,2000,0,Open,historical
P91H,2001,0,Open,historical
P91H,2002,0,Open,historical
P91H,2003,0,Open,historical
P91H,2004,0,Open,historical
P91H,2005,0,Open,historical
P91H,2006,0,Open,historical
P91H,2007,0,Open,historical
P91H,2008,0,Open,historical
P91H,2009,0,Open,historical
P91H,2010,0,Open,historical
P91H,2011,0,Open,historical
P91H,2012,0,Open,historical
P91H,2013,0,Open,historical
P91H,2014,0,Open,historical
P91H,2015,0,Open,historical
P91H,2016,0,Open,historical
P91H,2017,0,Open,historical
P91H,2018,0,Open,historical
P91H,2019,0,Open,historical
P91H,2020,0,Open,historical
P91H,2021,0,Open,historical
P91H,2022,0,Open,current
P91H,2023,0,Open,current
P91H,2024,0,Open,current
P91H,2025,0,Open,current
P91J,1975,0,Open,current
P91J,1976,0,Open,current
P91J,1977,0,Open,current
P91J,1978,0,Open,current
P91J,1979,0,Open,current
P91J,1980,0,Open,current
P91J,1981,0,Open,current
P91J,1982,0,Open,current
P91J,1983,0,Open,current
P91J,1984,0,Open,current
P91J,1985,0,Open,current
P91J,1986,0,Open,current
P91J,1987,0,Open,current
P91J,1988,0,Open,current
P91J,1989,0,Open,current
P91J,1990,0,Open,current
P91J,1991,0,Open,current
P91J,1992,0,Open,current
P91J,1993,0,Open,current
P91J,1994,0,Open,current
P91J,1995,0,Open,current
P91J,1996,0,Open,historical
P91J,1997,0,Open,historical
P91J,1998,0,Open,historical
P91J,1999,0,Open,historical
P91J,2000,0,Open,historical
P91J,2001,0,Open,historical
P91J,2002,0,Open,historical
P91J,2003,0,Open,historical
P91J,2004,0,Open,historical
P91J,2005,0,Open,historical
P91J,2006,0,Open,historical
P91J,2007,0,Open,historical
P91J,2008,0,Open,historical
P91J,2009,0,Open,historical
P91J,2010,0,Open,historical
P91J,2011,0,Open,historical
P91J,2012,0,Open,historical
P91J,2013,0,Open,historical
P91J,2014,0,Open,historical
P91J,2015,0,Open,historical
P91J,2016,0,Open,historical
P91J,2017,0,Open,historical
P91J,2018,0,Open,historical
P91J,2019,0,Open,historical
P91J,2020,0,Open,historical
P91J,2021,0,Open,historical
P91J,2022,0,Open,current
P91J,2023,0,Open,current
P91J,2024,0,Open,current
P91J,2025,0,Open,current
P99A,1975,0,Open,historical-outside-range
P99A,1976,0,Open,historical-outside-range
P99A,1977,0,Open,historical-outside-range
P99A,1978,0,Open,historical-outside-range
P99A,1979,0,Open,historical-outside-range
P99A,1980,0,Open,historical-outside-range
P99A,1981,0,Open,historical-outside-range
P99A,1982,0,Open,historical-outside-range
P99A,1983,0,Open,historical-outside-range
P99A,1984,0,Open,historical-outside-range
P99A,1985,0,Open,historical-outside-range
P99A,1986,0,Open,historical-outside-range
P99A,1987,0,Open,historical-outside-range
P99A,1988,0,Open,historical-outside-range
P99A,1989,0,Open,historical-outside-range
P99A,1990,0,Open,historical-outside-range
P99A,1991,0,Open,historical-outside-range
P99A,1992,0,Open,historical-outside-range
P99A,1993,0,Open,historical-outside-range
P99A,1994,0,Open,historical-outside-range
P99A,1995,0,Open,historical-outside-range
P99A,1996,0,Open,historical-outside-range
P99A,1997,0,Open,historical-outside-range
P99A,1998,0,Open,historical-outside-range
P99A,1999,0,Open,historical-outside-range
P99A,2000,0,Open,historical-outside-range
P99A,2001,0,Open,historical-outside-range
P99A,2002,0,Open,historical-outside-range
P99A,2003,0,Open,historical-outside-range
P99A,2004,0,Open,historical-outside-range
P99A,2005,0,Open,historical-outside-range
P99A,2006,0,Open,historical-outside-range
P99A,2007,0,Open,historical-outside-range
P99A,2008,0,Open,historical-outside-range
P99A,2009,0,Open,historical-outside-range
P99A,2010,0,Open,historical-outside-range
P99A,2011,0,Open,historical-outside-range
P99A,2012,0,Open,historical-outside-range
P99A,2013,0,Open,historical-outside-range
P99A,2014,0,Open,historical-outside-range
P99A,2015,0,Open,historical-outside-range
P99A,2016,0,Open,historical-outside-range
P99A,2017,0,Open,historical-outside-range
P99A,2018,0,Open,historical-outside-range
P99A,2019,0,Open,historical-outside-range
P99A,2020,0,Open,historical-outside-range
P99A,2021,0,Open,historical-outside-range
P99A,2022,0,Open,historical-outside-range
P99A,2023,0,Open,historical-outside-range
P99A,2024,0,Open,historical-outside-range
P99A,2025,0,Open,historical-outside-range
Q11A,1975,1,Limited,current
Q11A,1976,1,Limited,current
Q11A,1977,1,Limited,current
Q11A,1978,1,Limited,current
Q11A,1979,1,Limited,current
Q11A,1980,1,Limited,current
Q11A,1981,1,Limited,current
Q11A,1982,1,Limited,current
Q11A,1983,1,Limited,current
Q11A,1984,1,Limited,current
Q11A,1985,1,Limited,current
Q11A,1986,1,Limited,current
Q11A,1987,1,Limited,current
Q11A,1988,1,Limited,current
Q11A,1989,1,Limited,current
Q11A,1990,1,Limited,current
Q11A,1991,1,Limited,current
Q11A,1992,1,Limited,current
Q11A,1993,1,Limited,current
Q11A,1994,1,Limited,current
Q11A,1995,1,Limited,current
Q11A,1996,1,Limited,historical
Q11A,1997,1,Limited,historical
Q11A,1998,1,Limited,historical
Q11A,1999,1,Limited,historical
Q11A,2000,1,Limited,historical
Q11A,2001,1,Limited,historical
Q11A,2002,1,Limited,historical
Q11A,2003,1,Limited,historical
Q11A,2004,1,Limited,historical
Q11A,2005,1,Limited,historical
Q11A,2006,1,Limited,historical
Q11A,2007,1,Limited,historical
Q11A,2008,1,Limited,historical
Q11A,2009,1,Limited,historical
Q11A,2010,1,Limited,historical
Q11A,2011,1,Limited,historical
Q11A,2012,1,Limited,historical
Q11A,2013,1,Limited,historical
Q11A,2014,1,Limited,historical
Q11A,2015,1,Limited,historical
Q11A,2016,1,Limited,historical
Q11A,2017,1,Limited,historical
Q11A,2018,1,Limited,historical
Q11A,2019,1,Limited,historical
Q11A,2020,1,Limited,historical
Q11A,2021,1,Limited,historical
Q11A,2022,1,Limited,current
Q11A,2023,1,Limited,current
Q11A,2024,1,Limited,current
Q11A,2025,1,Limited,current
Q11B,1975,0,Open,current
Q11B,1976,0,Open,current
Q11B,1977,0,Open,current
Q11B,1978,0,Open,current
Q11B,1979,0,Open,current
Q11B,1980,0,Open,current
Q11B,1981,0,Open,current
Q11B,1982,0,Open,current
Q11B,1983,0,Open,current
Q11B,1984,0,Open,current
Q11B,1985,0,Open,current
Q11B,1986,0,Open,current
Q11B,1987,0,Open,current
Q11B,1988,0,Open,current
Q11B,1989,0,Open,current
Q11B,1990,0,Open,current
Q11B,1991,0,Open,current
Q11B,1992,0,Open,current
Q11B,1993,0,Open,current
Q11B,1994,0,Open,historical
Q11B,1995,0,Open,historical
Q11B,1996,0,Open,historical
Q11B,1997,0,Open,historical
Q11B,1998,0,Open,historical
Q11B,1999,0,Open,historical
Q11B,2000,0,Open,historical
Q11B,2001,0,Open,historical
Q11B,2002,0,Open,historical
Q11B,2003,0,Open,historical
Q11B,2004,0,Open,historical
Q11B,2005,0,Open,historical
Q11B,2006,0,Open,historical
Q11B,2007,0,Open,historical
Q11B,2008,0,Open,historical
Q11B,2009,0,Open,historical
Q11B,2010,0,Open,historical
Q11B,2011,0,Open,historical
Q11B,2012,0,Open,historical
Q11B,2013,0,Open,historical
Q11B,2014,0,Open,historical
Q11B,2015,0,Open,historical
Q11B,2016,0,Open,historical
Q11B,2017,0,Open,historical
Q11B,2018,0,Open,historical
Q11B,2019,0,Open,historical
Q11B,2020,0,Open,historical
Q11B,2021,0,Open,historical
Q11B,2022,0,Open,current
Q11B,2023,0,Open,current
Q11B,2024,0,Open,current
Q11B,2025,0,Open,current
Q11K,1975,0,Open,current
Q11K,1976,0,Open,current
Q11K,1977,0,Open,current
Q11K,1978,0,Open,current
Q11K,1979,0,Open,current
Q11K,1980,0,Open,current
Q11K,1981,0,Open,current
Q11K,1982,0,Open,current
Q11K,1983,0,Open,current
Q11K,1984,0,Open,current
Q11K,1985,0,Open,current
Q11K,1986,0,Open,current
Q11K,1987,0,Open,current
Q11K,1988,0,Open,current
Q11K,1989,0,Open,current
Q11K,1990,0,Open,current
Q11K,1991,0,Open,current
Q11K,1992,0,Open,current
Q11K,1993,0,Open,current
Q11K,1994,0,Open,current
Q11K,1995,0,Open,current
Q11K,1996,0,Open,current
Q11K,1997,0,Open,current
Q11K,1998,0,Open,current
Q11K,1999,0,Open,current
Q11K,2000,0,Open,current
Q11K,2001,0,Open,current
Q11K,2002,0,Open,current
Q11K,2003,0,Open,current
Q11K,2004,0,Open,current
Q11K,2005,0,Open,historical
Q11K,2006,0,Open,historical
Q11K,2007,0,Open,historical
Q11K,2008,0,Open,historical
Q11K,2009,0,Open,historical
Q11K,2010,0,Open,historical
Q11K,2011,0,Open,historical
Q11K,2012,0,Open,historical
Q11K,2013,0,Open,historical
Q11K,2014,0,Open,historical
Q11K,2015,0,Open,historical
Q11K,2016,0,Open,historical
Q11K,2017,0,Open,historical
Q11K,2018,0,Open,historical
Q11K,2019,0,Open,historical
Q11K,2020,0,Open,historical
Q11K,2021,0,Open,historical
Q11K,2022,0,Open,current
Q11K,2023,0,Open,current
Q11K,2024,0,Open,current
Q11K,2025,0,Open,current
R12B,1975,0,Open,historical-outside-range
R12B,1976,0,Open,historical-outside-range
R12B,1977,0,Open,historical-outside-range
R12B,1978,0,Open,historical-outside-range
R12B,1979,0,Open,historical-outside-range
R12B,1980,0,Open,historical-outside-range
R12B,1981,0,Open,historical-outside-range
R12B,1982,0,Open,historical-outside-range
R12B,1983,0,Open,historical
R12B,1984,0,Open,historical
R12B,1985,0,Open,historical-outside-range
R12B,1986,0,Open,historical-outside-range
R12B,1987,0,Open,historical-outside-range
R12B,1988,0,Open,historical-outside-range
R12B,1989,0,Open,historical-outside-range
R12B,1990,0,Open,historical-outside-range
R12B,1991,0,Open,historical-outside-range
R12B,1992,0,Open,historical-outside-range
R12B,1993,0,Open,historical-outside-range
R12B,1994,0,Open,historical-outside-range
R12B,1995,0,Open,historical-outside-range
R12B,1996,0,Open,historical-outside-range
R12B,1997,0,Open,historical-outside-range
R12B,1998,0,Open,historical-outside-range
R12B,1999,0,Open,historical-outside-range
R12B,2000,0,Open,historical-outside-range
R12B,2001,0,Open,historical-outside-range
R12B,2002,0,Open,historical-outside-range
R12B,2003,0,Open,historical-outside-range
R12B,2004,0,Open,historical-outside-range
R12B,2005,0,Open,historical-outside-range
R12B,2006,0,Open,historical-outside-range
R12B,2007,0,Open,historical-outside-range
R12B,2008,0,Open,historical-outside-range
R12B,2009,0,Open,historical-outside-range
R12B,2010,0,Open,historical-outside-range
R12B,2011,0,Open,historical-outside-range
R12B,2012,0,Open,historical-outside-range
R12B,2013,0,Open,historical-outside-range
R12B,2014,0,Open,historical-outside-range
R12B,2015,0,Open,historical-outside-range
R12B,2016,0,Open,historical-outside-range
R12B,2017,0,Open,historical-outside-range
R12B,2018,0,Open,historical-outside-range
R12B,2019,0,Open,historical-outside-range
R12B,2020,0,Open,historical-outside-range
R12B,2021,0,Open,historical-outside-range
R12B,2022,0,Open,historical-outside-range
R12B,2023,0,Open,historical-outside-range
R12B,2024,0,Open,historical-outside-range
R12B,2025,0,Open,historical-outside-range
R18B,1975,0,Open,historical
R18B,1976,0,Open,historical
R18B,1977,0,Open,historical
R18B,1978,0,Open,historical
R18B,1979,0,Open,historical
R18B,1980,0,Open,historical
R18B,1981,0,Open,historical
R18B,1982,0,Open,historical
R18B,1983,0,Open,historical
R18B,1984,0,Open,historical
R18B,1985,0,Open,historical
R18B,1986,0,Open,historical
R18B,1987,0,Open,historical
R18B,1988,0,Open,historical
R18B,1989,0,Open,historical
R18B,1990,0,Open,historical
R18B,1991,0,Open,historical
R18B,1992,0,Open,historical
R18B,1993,0,Open,historical
R18B,1994,0,Open,historical
R18B,1995,0,Open,historical
R18B,1996,0,Open,historical
R18B,1997,0,Open,historical
R18B,1998,0,Open,historical
R18B,1999,0,Open,historical
R18B,2000,0,Open,historical
R18B,2001,0,Open,historical
R18B,2002,0,Open,historical
R18B,2003,0,Open,historical
R18B,2004,0,Open,historical
R18B,2005,0,Open,historical
R18B,2006,0,Open,historical
R18B,2007,0,Open,historical
R18B,2008,0,Open,historical
R18B,2009,0,Open,historical
R18B,2010,0,Open,historical
R18B,2011,0,Open,historical
R18B,2012,0,Open,historical
R18B,2013,0,Open,historical
R18B,2014,0,Open,historical
R18B,2015,0,Open,historical
R18B,2016,0,Open,historical
R18B,2017,0,Open,historical
R18B,2018,0,Open,historical
R18B,2019,0,Open,historical
R18B,2020,0,Open,historical
R18B,2021,0,Open,historical
R18B,2022,0,Open,current
R18B,2023,0,Open,current
R18B,2024,0,Open,current
R18B,2025,0,Open,current
R22B,1975,0,Open,historical
R22B,1976,0,Open,historical
R22B,1977,0,Open,historical
R22B,1978,0,Open,historical
R22B,1979,0,Open,historical
R22B,1980,0,Open,historical
R22B,1981,0,Open,historical
R22B,1982,0,Open,historical
R22B,1983,0,Open,historical-outside-range
R22B,1984,0,Open,historical-outside-range
R22B,1985,0,Open,historical-outside-range
R22B,1986,0,Open,historical-outside-range
R22B,1987,0,Open,historical-outside-range
R22B,1988,0,Open,historical-outside-range
R22B,1989,0,Open,historical-outside-range
R22B,1990,0,Open,historical-outside-range
R22B,1991,0,Open,historical-outside-range
R22B,1992,0,Open,historical-outside-range
R22B,1993,0,Open,historical-outside-range
R22B,1994,0,Open,historical-outside-range
R22B,1995,0,Open,historical-outside-range
R22B,1996,0,Open,historical-outside-range
R22B,1997,0,Open,historical-outside-range
R22B,1998,0,Open,historical-outside-range
R22B,1999,0,Open,historical-outside-range
R22B,2000,0,Open,historical-outside-range
R22B,2001,0,Open,historical-outside-range
R22B,2002,0,Open,historical-outside-range
R22B,2003,0,Open,historical-outside-range
R22B,2004,0,Open,historical-outside-range
R22B,2005,0,Open,historical-outside-range
R22B,2006,0,Open,historical-outside-range
R22B,2007,0,Open,historical-outside-range
R22B,2008,0,Open,historical-outside-range
R22B,2009,0,Open,historical-outside-range
R22B,2010,0,Open,historical-outside-range
R22B,2011,0,Open,historical-outside-range
R22B,2012,0,Open,historical-outside-range
R22B,2013,0,Open,historical-outside-range
R22B,2014,0,Open,historical-outside-range
R22B,2015,0,Open,historical-outside-range
R22B,2016,0,Open,historical-outside-range
R22B,2017,0,Open,historical-outside-range
R22B,2018,0,Open,historical-outside-range
R22B,2019,0,Open,historical-outside-range
R22B,2020,0,Open,historical-outside-range
R22B,2021,0,Open,historical-outside-range
R22B,2022,0,Open,historical-outside-range
R22B,2023,0,Open,historical-outside-range
R22B,2024,0,Open,historical-outside-range
R22B,2025,0,Open,historical-outside-range
R23B,1975,0,Open,current
R23B,1976,0,Open,current
R23B,1977,0,Open,current
R23B,1978,0,Open,current
R23B,1979,0,Open,current
R23B,1980,0,Open,current
R23B,1981,0,Open,current
R23B,1982,0,Open,current
R23B,1983,0,Open,historical
R23B,1984,0,Open,historical
R23B,1985,0,Open,historical
R23B,1986,0,Open,historical
R23B,1987,0,Open,historical
R23B,1988,0,Open,historical
R23B,1989,0,Open,historical
R23B,1990,0,Open,historical
R23B,1991,0,Open,historical
R23B,1992,0,Open,historical
R23B,1993,0,Open,historical
R23B,1994,0,Open,historical
R23B,1995,0,Open,historical
R23B,1996,0,Open,historical
R23B,1997,0,Open,historical
R23B,1998,0,Open,historical
R23B,1999,0,Open,historical
R23B,2000,0,Open,historical
R23B,2001,0,Open,historical
R23B,2002,0,Open,historical
R23B,2003,0,Open,historical
R23B,2004,0,Open,historical
R23B,2005,0,Open,historical
R23B,2006,0,Open,historical
R23B,2007,0,Open,historical
R23B,2008,0,Open,historical
R23B,2009,0,Open,historical
R23B,2010,0,Open,historical
R23B,2011,0,Open,historical
R23B,2012,0,Open,historical
R23B,2013,0,Open,historical
R23B,2014,0,Open,historical
R23B,2015,0,Open,historical
R23B,2016,0,Open,historical
R23B,2017,0,Open,historical
R23B,2018,0,Open,historical
R23B,2019,0,Open,historical
R23B,2020,0,Open,historical
R23B,2021,0,Open,historical
R23B,2022,0,Open,current
R23B,2023,0,Open,current
R23B,2024,0,Open,current
R23B,2025,0,Open,current
R99B,1975,0,Open,historical
R99B,1976,0,Open,historical
R99B,1977,0,Open,historical
R99B,1978,0,Open,historical
R99B,1979,0,Open,historical
R99B,1980,0,Open,historical
R99B,1981,0,Open,historical
R99B,1982,0,Open,historical
R99B,1983,0,Open,historical-outside-range
R99B,1984,0,Open,historical-outside-range
R99B,1985,0,Open,historical-outside-range
R99B,1986,0,Open,historical-outside-range
R99B,1987,0,Open,historical-outside-range
R99B,1988,0,Open,historical-outside-range
R99B,1989,0,Open,historical-outside-range
R99B,1990,0,Open,historical-outside-range
R99B,1991,0,Open,historical-outside-range
R99B,1992,0,Open,historical-outside-range
R99B,1993,0,Open,historical-outside-range
R99B,1994,0,Open,historical-outside-range
R99B,1995,0,Open,historical-outside-range
R99B,1996,0,Open,historical-outside-range
R99B,1997,0,Open,historical-outside-range
R99B,1998,0,Open,historical-outside-range
R99B,1999,0,Open,historical-outside-range
R99B,2000,0,Open,historical-outside-range
R99B,2001,0,Open,historical-outside-range
R99B,2002,0,Open,historical-outside-range
R99B,2003,0,Open,historical-outside-range
R99B,2004,0,Open,historical-outside-range
R99B,2005,0,Open,historical-outside-range
R99B,2006,0,Open,historical-outside-range
R99B,2007,0,Open,historical-outside-range
R99B,2008,0,Open,historical-outside-range
R99B,2009,0,Open,historical-outside-range
R99B,2010,0,Open,historical-outside-range
R99B,2011,0,Open,historical-outside-range
R99B,2012,0,Open,historical-outside-range
R99B,2013,0,Open,historical-outside-range
R99B,2014,0,Open,historical-outside-range
R99B,2015,0,Open,historical-outside-range
R99B,2016,0,Open,historical-outside-range
R99B,2017,0,Open,historical-outside-range
R99B,2018,0,Open,historical-outside-range
R99B,2019,0,Open,historical-outside-range
R99B,2020,0,Open,historical-outside-range
R99B,2021,0,Open,historical-outside-range
R99B,2022,0,Open,historical-outside-range
R99B,2023,0,Open,historical-outside-range
R99B,2024,0,Open,historical-outside-range
R99B,2025,0,Open,historical-outside-range
S01A,1975,1,Limited,historical
S01A,1976,1,Limited,historical
S01A,1977,1,Limited,historical
S01A,1978,1,Limited,historical
S01A,1979,1,Limited,historical
S01A,1980,1,Limited,historical
S01A,1981,1,Limited,historical
S01A,1982,1,Limited,historical
S01A,1983,1,Limited,historical
S01A,1984,1,Limited,historical
S01A,1985,1,Limited,historical
S01A,1986,1,Limited,historical
S01A,1987,1,Limited,historical
S01A,1988,1,Limited,historical
S01A,1989,1,Limited,historical
S01A,1990,1,Limited,historical
S01A,1991,1,Limited,historical
S01A,1992,1,Limited,historical
S01A,1993,1,Limited,historical
S01A,1994,1,Limited,historical
S01A,1995,1,Limited,historical
S01A,1996,1,Limited,historical
S01A,1997,1,Limited,historical
S01A,1998,1,Limited,historical
S01A,1999,1,Limited,historical
S01A,2000,1,Limited,historical
S01A,2001,1,Limited,historical
S01A,2002,1,Limited,historical
S01A,2003,1,Limited,historical
S01A,2004,1,Limited,historical
S01A,2005,1,Limited,historical
S01A,2006,1,Limited,historical
S01A,2007,1,Limited,historical
S01A,2008,1,Limited,historical
S01A,2009,1,Limited,historical
S01A,2010,1,Limited,historical
S01A,2011,1,Limited,historical
S01A,2012,1,Limited,historical
S01A,2013,1,Limited,historical
S01A,2014,1,Limited,historical
S01A,2015,1,Limited,historical
S01A,2016,1,Limited,historical
S01A,2017,1,Limited,historical
S01A,2018,1,Limited,historical
S01A,2019,1,Limited,historical
S01A,2020,1,Limited,historical
S01A,2021,1,Limited,historical
S01A,2022,1,Limited,current
S01A,2023,1,Limited,current
S01A,2024,1,Limited,current
S01A,2025,1,Limited,current
S01E,1975,1,Limited,historical
S01E,1976,1,Limited,historical
S01E,1977,1,Limited,historical
S01E,1978,1,Limited,historical
S01E,1979,1,Limited,historical
S01E,1980,1,Limited,historical
S01E,1981,1,Limited,historical
S01E,1982,1,Limited,historical
S01E,1983,1,Limited,historical
S01E,1984,1,Limited,historical
S01E,1985,1,Limited,historical
S01E,1986,1,Limited,historical
S01E,1987,1,Limited,historical
S01E,1988,1,Limited,historical
S01E,1989,1,Limited,historical
S01E,1990,1,Limited,historical
S01E,1991,1,Limited,historical
S01E,1992,1,Limited,historical
S01E,1993,1,Limited,historical
S01E,1994,1,Limited,historical
S01E,1995,1,Limited,historical
S01E,1996,1,Limited,historical
S01E,1997,1,Limited,historical
S01E,1998,1,Limited,historical
S01E,1999,1,Limited,historical
S01E,2000,1,Limited,historical
S01E,2001,1,Limited,historical
S01E,2002,1,Limited,historical
S01E,2003,1,Limited,historical
S01E,2004,1,Limited,historical
S01E,2005,1,Limited,historical
S01E,2006,1,Limited,historical
S01E,2007,1,Limited,historical
S01E,2008,1,Limited,historical
S01E,2009,1,Limited,historical
S01E,2010,1,Limited,historical
S01E,2011,1,Limited,historical
S01E,2012,1,Limited,historical
S01E,2013,1,Limited,historical
S01E,2014,1,Limited,historical
S01E,2015,1,Limited,historical
S01E,2016,1,Limited,historical
S01E,2017,1,Limited,historical
S01E,2018,1,Limited,historical
S01E,2019,1,Limited,historical
S01E,2020,1,Limited,historical
S01E,2021,1,Limited,historical
S01E,2022,1,Limited,current
S01E,2023,1,Limited,current
S01E,2024,1,Limited,current
S01E,2025,1,Limited,current
S01H,1975,1,Limited,historical
S01H,1976,1,Limited,historical
S01H,1977,1,Limited,historical
S01H,1978,1,Limited,historical
S01H,1979,1,Limited,historical
S01H,1980,1,Limited,historical
S01H,1981,1,Limited,historical
S01H,1982,1,Limited,historical
S01H,1983,1,Limited,historical
S01H,1984,1,Limited,historical
S01H,1985,1,Limited,historical
S01H,1986,1,Limited,historical
S01H,1987,1,Limited,historical
S01H,1988,1,Limited,historical
S01H,1989,1,Limited,historical
S01H,1990,1,Limited,historical
S01H,1991,1,Limited,historical
S01H,1992,1,Limited,historical
S01H,1993,1,Limited,historical
S01H,1994,1,Limited,historical
S01H,1995,1,Limited,historical
S01H,1996,1,Limited,historical
S01H,1997,1,Limited,historical
S01H,1998,1,Limited,historical
S01H,1999,1,Limited,historical
S01H,2000,1,Limited,historical
S01H,2001,1,Limited,historical
S01H,2002,1,Limited,historical
S01H,2003,1,Limited,historical
S01H,2004,1,Limited,historical
S01H,2005,1,Limited,historical
S01H,2006,1,Limited,historical
S01H,2007,1,Limited,historical
S01H,2008,1,Limited,historical
S01H,2009,1,Limited,historical
S01H,2010,1,Limited,historical
S01H,2011,1,Limited,historical
S01H,2012,1,Limited,historical
S01H,2013,1,Limited,historical
S01H,2014,1,Limited,historical
S01H,2015,1,Limited,historical
S01H,2016,1,Limited,historical
S01H,2017,1,Limited,historical
S01H,2018,1,Limited,historical
S01H,2019,1,Limited,historical
S01H,2020,1,Limited,historical
S01H,2021,1,Limited,historical
S01H,2022,1,Limited,current
S01H,2023,1,Limited,current
S01H,2024,1,Limited,current
S01H,2025,1,Limited,current
S01K,1975,1,Limited,historical
S01K,1976,1,Limited,historical
S01K,1977,1,Limited,historical
S01K,1978,1,Limited,historical
S01K,1979,1,Limited,historical
S01K,1980,1,Limited,historical
S01K,1981,1,Limited,historical
S01K,1982,1,Limited,historical
S01K,1983,1,Limited,historical
S01K,1984,1,Limited,historical
S01K,1985,1,Limited,historical
S01K,1986,1,Limited,historical
S01K,1987,1,Limited,historical
S01K,1988,1,Limited,historical
S01K,1989,1,Limited,historical
S01K,1990,1,Limited,historical
S01K,1991,1,Limited,historical
S01K,1992,1,Limited,historical
S01K,1993,1,Limited,historical
S01K,1994,1,Limited,historical
S01K,1995,1,Limited,historical
S01K,1996,1,Limited,historical
S01K,1997,1,Limited,historical
S01K,1998,1,Limited,historical
S01K,1999,1,Limited,historical
S01K,2000,1,Limited,historical
S01K,2001,1,Limited,historical
S01K,2002,1,Limited,historical
S01K,2003,1,Limited,historical
S01K,2004,1,Limited,historical
S01K,2005,1,Limited,historical
S01K,2006,1,Limited,historical
S01K,2007,1,Limited,historical
S01K,2008,1,Limited,historical
S01K,2009,1,Limited,historical
S01K,2010,1,Limited,historical
S01K,2011,1,Limited,historical
S01K,2012,1,Limited,historical
S01K,2013,1,Limited,historical
S01K,2014,1,Limited,historical
S01K,2015,1,Limited,historical
S01K,2016,1,Limited,historical
S01K,2017,1,Limited,historical
S01K,2018,1,Limited,historical
S01K,2019,1,Limited,historical
S01K,2020,1,Limited,historical
S01K,2021,1,Limited,historical
S01K,2022,1,Limited,current
S01K,2023,1,Limited,current
S01K,2024,1,Limited,current
S01K,2025,1,Limited,current
S01L,1975,1,Limited,historical
S01L,1976,1,Limited,historical
S01L,1977,1,Limited,historical
S01L,1978,1,Limited,historical
S01L,1979,1,Limited,historical
S01L,1980,1,Limited,historical
S01L,1981,1,Limited,historical
S01L,1982,1,Limited,historical
S01L,1983,1,Limited,historical
S01L,1984,1,Limited,historical
S01L,1985,1,Limited,historical
S01L,1986,1,Limited,historical
S01L,1987,1,Limited,historical
S01L,1988,1,Limited,historical
S01L,1989,1,Limited,historical
S01L,1990,1,Limited,historical
S01L,1991,1,Limited,historical
S01L,1992,1,Limited,historical
S01L,1993,1,Limited,historical
S01L,1994,1,Limited,historical
S01L,1995,1,Limited,historical
S01L,1996,1,Limited,historical
S01L,1997,1,Limited,historical
S01L,1998,1,Limited,historical
S01L,1999,1,Limited,historical
S01L,2000,1,Limited,historical
S01L,2001,1,Limited,historical
S01L,2002,1,Limited,historical
S01L,2003,1,Limited,historical
S01L,2004,1,Limited,historical
S01L,2005,1,Limited,historical
S01L,2006,1,Limited,historical
S01L,2007,1,Limited,historical
S01L,2008,1,Limited,historical
S01L,2009,1,Limited,historical
S01L,2010,1,Limited,historical
S01L,2011,1,Limited,historical
S01L,2012,1,Limited,historical
S01L,2013,1,Limited,historical
S01L,2014,1,Limited,historical
S01L,2015,1,Limited,historical
S01L,2016,1,Limited,historical
S01L,2017,1,Limited,historical
S01L,2018,1,Limited,historical
S01L,2019,1,Limited,historical
S01L,2020,1,Limited,historical
S01L,2021,1,Limited,historical
S01L,2022,1,Limited,current
S01L,2023,1,Limited,current
S01L,2024,1,Limited,current
S01L,2025,1,Limited,current
S01M,1975,1,Limited,historical
S01M,1976,1,Limited,historical
S01M,1977,1,Limited,historical
S01M,1978,1,Limited,historical
S01M,1979,1,Limited,historical
S01M,1980,1,Limited,historical
S01M,1981,1,Limited,historical
S01M,1982,1,Limited,historical
S01M,1983,1,Limited,historical
S01M,1984,1,Limited,historical
S01M,1985,1,Limited,historical
S01M,1986,1,Limited,historical
S01M,1987,1,Limited,historical
S01M,1988,1,Limited,historical
S01M,1989,1,Limited,historical
S01M,1990,1,Limited,historical
S01M,1991,1,Limited,historical
S01M,1992,1,Limited,historical
S01M,1993,1,Limited,historical
S01M,1994,1,Limited,historical
S01M,1995,1,Limited,historical
S01M,1996,1,Limited,historical
S01M,1997,1,Limited,historical
S01M,1998,1,Limited,historical
S01M,1999,1,Limited,historical
S01M,2000,1,Limited,historical
S01M,2001,1,Limited,historical
S01M,2002,1,Limited,historical
S01M,2003,1,Limited,historical
S01M,2004,1,Limited,historical
S01M,2005,1,Limited,historical
S01M,2006,1,Limited,historical
S01M,2007,1,Limited,historical
S01M,2008,1,Limited,historical
S01M,2009,1,Limited,historical
S01M,2010,1,Limited,historical
S01M,2011,1,Limited,historical
S01M,2012,1,Limited,historical
S01M,2013,1,Limited,historical
S01M,2014,1,Limited,historical
S01M,2015,1,Limited,historical
S01M,2016,1,Limited,historical
S01M,2017,1,Limited,historical
S01M,2018,1,Limited,historical
S01M,2019,1,Limited,historical
S01M,2020,1,Limited,historical
S01M,2021,1,Limited,historical
S01M,2022,1,Limited,current
S01M,2023,1,Limited,current
S01M,2024,1,Limited,current
S01M,2025,1,Limited,current
S02A,1975,0,Open,historical-outside-range
S02A,1976,0,Open,historical-outside-range
S02A,1977,0,Open,historical-outside-range
S02A,1978,0,Open,historical-outside-range
S02A,1979,0,Open,historical-outside-range
S02A,1980,0,Open,historical-outside-range
S02A,1981,0,Open,historical-outside-range
S02A,1982,0,Open,historical-outside-range
S02A,1983,0,Open,historical-outside-range
S02A,1984,0,Open,historical-outside-range
S02A,1985,0,Open,historical-outside-range
S02A,1986,0,Open,historical-outside-range
S02A,1987,0,Open,historical-outside-range
S02A,1988,0,Open,historical-outside-range
S02A,1989,0,Open,historical-outside-range
S02A,1990,0,Open,historical-outside-range
S02A,1991,0,Open,historical-outside-range
S02A,1992,0,Open,historical-outside-range
S02A,1993,0,Open,historical-outside-range
S02A,1994,0,Open,historical-outside-range
S02A,1995,0,Open,historical-outside-range
S02A,1996,0,Open,historical-outside-range
S02A,1997,0,Open,historical-outside-range
S02A,1998,0,Open,historical-outside-range
S02A,1999,0,Open,historical-outside-range
S02A,2000,0,Open,historical-outside-range
S02A,2001,0,Open,historical-outside-range
S02A,2002,0,Open,historical-outside-range
S02A,2003,0,Open,historical-outside-range
S02A,2004,0,Open,historical-outside-range
S02A,2005,0,Open,historical-outside-range
S02A,2006,0,Open,historical-outside-range
S02A,2007,0,Open,historical-outside-range
S02A,2008,0,Open,historical-outside-range
S02A,2009,0,Open,historical-outside-range
S02A,2010,0,Open,historical-outside-range
S02A,2011,0,Open,historical-outside-range
S02A,2012,0,Open,historical-outside-range
S02A,2013,0,Open,historical-outside-range
S02A,2014,0,Open,historical-outside-range
S02A,2015,0,Open,historical-outside-range
S02A,2016,0,Open,historical-outside-range
S02A,2017,0,Open,historical-outside-range
S02A,2018,0,Open,historical-outside-range
S02A,2019,0,Open,historical-outside-range
S02A,2020,0,Open,historical-outside-range
S02A,2021,0,Open,historical-outside-range
S02A,2022,0,Open,historical-outside-range
S02A,2023,0,Open,historical-outside-range
S02A,2024,0,Open,historical-outside-range
S02A,2025,0,Open,historical-outside-range
S02E,1975,1,Limited,historical-outside-range
S02E,1976,1,Limited,historical-outside-range
S02E,1977,1,Limited,historical-outside-range
S02E,1978,1,Limited,historical
S02E,1979,1,Limited,historical
S02E,1980,1,Limited,historical
S02E,1981,1,Limited,historical
S02E,1982,1,Limited,historical
S02E,1983,1,Limited,historical-outside-range
S02E,1984,1,Limited,historical-outside-range
S02E,1985,1,Limited,historical-outside-range
S02E,1986,1,Limited,historical-outside-range
S02E,1987,1,Limited,historical-outside-range
S02E,1988,1,Limited,historical-outside-range
S02E,1989,1,Limited,historical-outside-range
S02E,1990,1,Limited,historical-outside-range
S02E,1991,1,Limited,historical-outside-range
S02E,1992,1,Limited,historical-outside-range
S02E,1993,1,Limited,historical-outside-range
S02E,1994,1,Limited,historical-outside-range
S02E,1995,1,Limited,historical-outside-range
S02E,1996,1,Limited,historical-outside-range
S02E,1997,1,Limited,historical-outside-range
S02E,1998,1,Limited,historical-outside-range
S02E,1999,1,Limited,historical-outside-range
S02E,2000,1,Limited,historical-outside-range
S02E,2001,1,Limited,historical-outside-range
S02E,2002,1,Limited,historical-outside-range
S02E,2003,1,Limited,historical-outside-range
S02E,2004,1,Limited,historical-outside-range
S02E,2005,1,Limited,historical-outside-range
S02E,2006,1,Limited,historical-outside-range
S02E,2007,1,Limited,historical-outside-range
S02E,2008,1,Limited,historical-outside-range
S02E,2009,1,Limited,historical-outside-range
S02E,2010,1,Limited,historical-outside-range
S02E,2011,1,Limited,historical-outside-range
S02E,2012,1,Limited,historical-outside-range
S02E,2013,1,Limited,historical-outside-range
S02E,2014,1,Limited,historical-outside-range
S02E,2015,1,Limited,historical-outside-range
S02E,2016,1,Limited,historical-outside-range
S02E,2017,1,Limited,historical-outside-range
S02E,2018,1,Limited,historical-outside-range
S02E,2019,1,Limited,historical-outside-range
S02E,2020,1,Limited,historical-outside-range
S02E,2021,1,Limited,historical-outside-range
S02E,2022,1,Limited,historical-outside-range
S02E,2023,1,Limited,historical-outside-range
S02E,2024,1,Limited,historical-outside-range
S02E,2025,1,Limited,historical-outside-range
S02H,1975,0,Open,historical-outside-range
S02H,1976,0,Open,historical-outside-range
S02H,1977,0,Open,historical-outside-range
S02H,1978,0,Open,historical-outside-range
S02H,1979,0,Open,historical-outside-range
S02H,1980,0,Open,historical-outside-range
S02H,1981,0,Open,historical-outside-range
S02H,1982,0,Open,historical-outside-range
S02H,1983,0,Open,historical-outside-range
S02H,1984,0,Open,historical-outside-range
S02H,1985,0,Open,historical-outside-range
S02H,1986,0,Open,historical-outside-range
S02H,1987,0,Open,historical-outside-range
S02H,1988,0,Open,historical-outside-range
S02H,1989,0,Open,historical-outside-range
S02H,1990,0,Open,historical-outside-range
S02H,1991,0,Open,historical-outside-range
S02H,1992,0,Open,historical-outside-range
S02H,1993,0,Open,historical-outside-range
S02H,1994,0,Open,historical-outside-range
S02H,1995,0,Open,historical-outside-range
S02H,1996,0,Open,historical-outside-range
S02H,1997,0,Open,historical-outside-range
S02H,1998,0,Open,historical-outside-range
S02H,1999,0,Open,historical-outside-range
S02H,2000,0,Open,historical-outside-range
S02H,2001,0,Open,historical-outside-range
S02H,2002,0,Open,historical-outside-range
S02H,2003,0,Open,historical-outside-range
S02H,2004,0,Open,historical-outside-range
S02H,2005,0,Open,historical-outside-range
S02H,2006,0,Open,historical-outside-range
S02H,2007,0,Open,historical-outside-range
S02H,2008,0,Open,historical-outside-range
S02H,2009,0,Open,historical-outside-range
S02H,2010,0,Open,historical-outside-range
S02H,2011,0,Open,historical-outside-range
S02H,2012,0,Open,historical-outside-range
S02H,2013,0,Open,historical-outside-range
S02H,2014,0,Open,historical-outside-range
S02H,2015,0,Open,historical-outside-range
S02H,2016,0,Open,historical-outside-range
S02H,2017,0,Open,historical-outside-range
S02H,2018,0,Open,historical-outside-range
S02H,2019,0,Open,historical-outside-range
S02H,2020,0,Open,historical-outside-range
S02H,2021,0,Open,historical-outside-range
S02H,2022,0,Open,historical-outside-range
S02H,2023,0,Open,historical-outside-range
S02H,2024,0,Open,historical-outside-range
S02H,2025,0,Open,historical-outside-range
S02K,1975,1,Limited,historical
S02K,1976,1,Limited,historical
S02K,1977,1,Limited,historical
S02K,1978,1,Limited,historical
S02K,1979,1,Limited,historical
S02K,1980,1,Limited,historical
S02K,1981,1,Limited,historical
S02K,1982,1,Limited,historical
S02K,1983,1,Limited,historical
S02K,1984,1,Limited,historical
S02K,1985,1,Limited,historical
S02K,1986,1,Limited,historical
S02K,1987,1,Limited,historical
S02K,1988,1,Limited,historical
S02K,1989,1,Limited,historical
S02K,1990,1,Limited,historical
S02K,1991,1,Limited,historical
S02K,1992,1,Limited,historical
S02K,1993,1,Limited,historical
S02K,1994,1,Limited,historical
S02K,1995,1,Limited,historical
S02K,1996,1,Limited,historical
S02K,1997,1,Limited,historical
S02K,1998,1,Limited,historical
S02K,1999,1,Limited,historical
S02K,2000,1,Limited,historical
S02K,2001,1,Limited,historical
S02K,2002,1,Limited,historical
S02K,2003,1,Limited,historical
S02K,2004,1,Limited,historical
S02K,2005,1,Limited,historical
S02K,2006,1,Limited,historical
S02K,2007,1,Limited,historical
S02K,2008,1,Limited,historical
S02K,2009,1,Limited,historical
S02K,2010,1,Limited,historical
S02K,2011,1,Limited,historical
S02K,2012,1,Limited,historical
S02K,2013,1,Limited,historical
S02K,2014,1,Limited,historical
S02K,2015,1,Limited,historical
S02K,2016,1,Limited,historical
S02K,2017,1,Limited,historical
S02K,2018,1,Limited,historical
S02K,2019,1,Limited,historical
S02K,2020,1,Limited,historical
S02K,2021,1,Limited,historical
S02K,2022,1,Limited,current
S02K,2023,1,Limited,current
S02K,2024,1,Limited,current
S02K,2025,1,Limited,current
S02L,1975,0,Open,historical-outside-range
S02L,1976,0,Open,historical-outside-range
S02L,1977,0,Open,historical-outside-range
S02L,1978,0,Open,historical-outside-range
S02L,1979,0,Open,historical-outside-range
S02L,1980,0,Open,historical-outside-range
S02L,1981,0,Open,historical-outside-range
S02L,1982,0,Open,historical-outside-range
S02L,1983,0,Open,historical-outside-range
S02L,1984,0,Open,historical-outside-range
S02L,1985,0,Open,historical-outside-range
S02L,1986,0,Open,historical-outside-range
S02L,1987,0,Open,historical-outside-range
S02L,1988,0,Open,historical-outside-range
S02L,1989,0,Open,historical-outside-range
S02L,1990,0,Open,historical-outside-range
S02L,1991,0,Open,historical-outside-range
S02L,1992,0,Open,historical-outside-range
S02L,1993,0,Open,historical-outside-range
S02L,1994,0,Open,historical-outside-range
S02L,1995,0,Open,historical-outside-range
S02L,1996,0,Open,historical-outside-range
S02L,1997,0,Open,historical-outside-range
S02L,1998,0,Open,historical-outside-range
S02L,1999,0,Open,historical-outside-range
S02L,2000,0,Open,historical-outside-range
S02L,2001,0,Open,historical-outside-range
S02L,2002,0,Open,historical-outside-range
S02L,2003,0,Open,historical-outside-range
S02L,2004,0,Open,historical-outside-range
S02L,2005,0,Open,historical-outside-range
S02L,2006,0,Open,historical-outside-range
S02L,2007,0,Open,historical-outside-range
S02L,2008,0,Open,historical-outside-range
S02L,2009,0,Open,historical-outside-range
S02L,2010,0,Open,historical-outside-range
S02L,2011,0,Open,historical-outside-range
S02L,2012,0,Open,historical-outside-range
S02L,2013,0,Open,historical-outside-range
S02L,2014,0,Open,historical-outside-range
S02L,2015,0,Open,historical-outside-range
S02L,2016,0,Open,historical-outside-range
S02L,2017,0,Open,historical-outside-range
S02L,2018,0,Open,historical-outside-range
S02L,2019,0,Open,historical-outside-range
S02L,2020,0,Open,historical-outside-range
S02L,2021,0,Open,historical-outside-range
S02L,2022,0,Open,historical-outside-range
S02L,2023,0,Open,historical-outside-range
S02L,2024,0,Open,historical-outside-range
S02L,2025,0,Open,historical-outside-range
S02M,1975,0,Open,historical-outside-range
S02M,1976,0,Open,historical-outside-range
S02M,1977,0,Open,historical-outside-range
S02M,1978,0,Open,historical-outside-range
S02M,1979,0,Open,historical-outside-range
S02M,1980,0,Open,historical-outside-range
S02M,1981,0,Open,historical-outside-range
S02M,1982,0,Open,historical-outside-range
S02M,1983,0,Open,historical-outside-range
S02M,1984,0,Open,historical-outside-range
S02M,1985,0,Open,historical-outside-range
S02M,1986,0,Open,historical-outside-range
S02M,1987,0,Open,historical-outside-range
S02M,1988,0,Open,historical-outside-range
S02M,1989,0,Open,historical-outside-range
S02M,1990,0,Open,historical-outside-range
S02M,1991,0,Open,historical-outside-range
S02M,1992,0,Open,historical-outside-range
S02M,1993,0,Open,historical-outside-range
S02M,1994,0,Open,historical-outside-range
S02M,1995,0,Open,historical-outside-range
S02M,1996,0,Open,historical-outside-range
S02M,1997,0,Open,historical-outside-range
S02M,1998,0,Open,historical-outside-range
S02M,1999,0,Open,historical-outside-range
S02M,2000,0,Open,historical-outside-range
S02M,2001,0,Open,historical-outside-range
S02M,2002,0,Open,historical-outside-range
S02M,2003,0,Open,historical-outside-range
S02M,2004,0,Open,historical-outside-range
S02M,2005,0,Open,historical-outside-range
S02M,2006,0,Open,historical-outside-range
S02M,2007,0,Open,historical-outside-range
S02M,2008,0,Open,historical-outside-range
S02M,2009,0,Open,historical-outside-range
S02M,2010,0,Open,historical-outside-range
S02M,2011,0,Open,historical-outside-range
S02M,2012,0,Open,historical-outside-range
S02M,2013,0,Open,historical-outside-range
S02M,2014,0,Open,historical-outside-range
S02M,2015,0,Open,historical-outside-range
S02M,2016,0,Open,historical-outside-range
S02M,2017,0,Open,historical-outside-range
S02M,2018,0,Open,historical-outside-range
S02M,2019,0,Open,historical-outside-range
S02M,2020,0,Open,historical-outside-range
S02M,2021,0,Open,historical-outside-range
S02M,2022,0,Open,historical-outside-range
S02M,2023,0,Open,historical-outside-range
S02M,2024,0,Open,historical-outside-range
S02M,2025,0,Open,historical-outside-range
S03A,1975,1,Limited,historical
S03A,1976,1,Limited,historical
S03A,1977,1,Limited,historical
S03A,1978,1,Limited,historical
S03A,1979,1,Limited,historical
S03A,1980,1,Limited,historical
S03A,1981,1,Limited,historical
S03A,1982,1,Limited,historical
S03A,1983,1,Limited,historical
S03A,1984,1,Limited,historical
S03A,1985,1,Limited,historical
S03A,1986,1,Limited,historical
S03A,1987,1,Limited,historical
S03A,1988,1,Limited,historical
S03A,1989,1,Limited,historical
S03A,1990,1,Limited,historical
S03A,1991,1,Limited,historical
S03A,1992,1,Limited,historical
S03A,1993,1,Limited,historical
S03A,1994,1,Limited,historical
S03A,1995,1,Limited,historical
S03A,1996,1,Limited,historical
S03A,1997,1,Limited,historical
S03A,1998,1,Limited,historical
S03A,1999,1,Limited,historical
S03A,2000,1,Limited,historical
S03A,2001,1,Limited,historical
S03A,2002,1,Limited,historical
S03A,2003,1,Limited,historical
S03A,2004,1,Limited,historical
S03A,2005,1,Limited,historical
S03A,2006,1,Limited,historical
S03A,2007,1,Limited,historical
S03A,2008,1,Limited,historical
S03A,2009,1,Limited,historical
S03A,2010,1,Limited,historical
S03A,2011,1,Limited,historical
S03A,2012,1,Limited,historical
S03A,2013,1,Limited,historical
S03A,2014,1,Limited,historical
S03A,2015,1,Limited,historical
S03A,2016,1,Limited,historical
S03A,2017,1,Limited,historical
S03A,2018,1,Limited,historical
S03A,2019,1,Limited,historical
S03A,2020,1,Limited,historical
S03A,2021,1,Limited,historical
S03A,2022,1,Limited,current
S03A,2023,1,Limited,current
S03A,2024,1,Limited,current
S03A,2025,1,Limited,current
S03B,1975,0,Open,historical-outside-range
S03B,1976,0,Open,historical-outside-range
S03B,1977,0,Open,historical-outside-range
S03B,1978,0,Open,historical-outside-range
S03B,1979,0,Open,historical-outside-range
S03B,1980,0,Open,historical-outside-range
S03B,1981,0,Open,historical-outside-range
S03B,1982,0,Open,historical-outside-range
S03B,1983,0,Open,historical-outside-range
S03B,1984,0,Open,historical-outside-range
S03B,1985,0,Open,historical-outside-range
S03B,1986,0,Open,historical-outside-range
S03B,1987,0,Open,historical-outside-range
S03B,1988,0,Open,historical-outside-range
S03B,1989,0,Open,historical-outside-range
S03B,1990,0,Open,historical-outside-range
S03B,1991,0,Open,historical-outside-range
S03B,1992,0,Open,historical-outside-range
S03B,1993,0,Open,historical-outside-range
S03B,1994,0,Open,historical-outside-range
S03B,1995,0,Open,historical-outside-range
S03B,1996,0,Open,historical-outside-range
S03B,1997,0,Open,historical-outside-range
S03B,1998,0,Open,historical-outside-range
S03B,1999,0,Open,historical-outside-range
S03B,2000,0,Open,historical-outside-range
S03B,2001,0,Open,historical-outside-range
S03B,2002,0,Open,historical-outside-range
S03B,2003,0,Open,historical-outside-range
S03B,2004,0,Open,historical-outside-range
S03B,2005,0,Open,historical-outside-range
S03B,2006,0,Open,historical-outside-range
S03B,2007,0,Open,historical-outside-range
S03B,2008,0,Open,historical-outside-range
S03B,2009,0,Open,historical-outside-range
S03B,2010,0,Open,historical-outside-range
S03B,2011,0,Open,historical-outside-range
S03B,2012,0,Open,historical-outside-range
S03B,2013,0,Open,historical-outside-range
S03B,2014,0,Open,historical-outside-range
S03B,2015,0,Open,historical-outside-range
S03B,2016,0,Open,historical-outside-range
S03B,2017,0,Open,historical-outside-range
S03B,2018,0,Open,historical-outside-range
S03B,2019,0,Open,historical-outside-range
S03B,2020,0,Open,historical-outside-range
S03B,2021,0,Open,historical-outside-range
S03B,2022,0,Open,historical-outside-range
S03B,2023,0,Open,historical-outside-range
S03B,2024,0,Open,historical-outside-range
S03B,2025,0,Open,historical-outside-range
S03E,1975,1,Limited,historical
S03E,1976,1,Limited,historical
S03E,1977,1,Limited,historical
S03E,1978,1,Limited,historical
S03E,1979,1,Limited,historical
S03E,1980,1,Limited,historical
S03E,1981,1,Limited,historical
S03E,1982,1,Limited,historical
S03E,1983,1,Limited,historical
S03E,1984,1,Limited,historical
S03E,1985,1,Limited,historical
S03E,1986,1,Limited,historical
S03E,1987,1,Limited,historical
S03E,1988,1,Limited,historical
S03E,1989,1,Limited,historical
S03E,1990,1,Limited,historical
S03E,1991,1,Limited,historical
S03E,1992,1,Limited,historical
S03E,1993,1,Limited,historical
S03E,1994,1,Limited,historical
S03E,1995,1,Limited,historical
S03E,1996,1,Limited,historical
S03E,1997,1,Limited,historical
S03E,1998,1,Limited,historical
S03E,1999,1,Limited,historical
S03E,2000,1,Limited,historical
S03E,2001,1,Limited,historical
S03E,2002,1,Limited,historical
S03E,2003,1,Limited,historical
S03E,2004,1,Limited,historical
S03E,2005,1,Limited,historical
S03E,2006,1,Limited,historical
S03E,2007,1,Limited,historical
S03E,2008,1,Limited,historical
S03E,2009,1,Limited,historical
S03E,2010,1,Limited,historical
S03E,2011,1,Limited,historical
S03E,2012,1,Limited,historical
S03E,2013,1,Limited,historical
S03E,2014,1,Limited,historical
S03E,2015,1,Limited,historical
S03E,2016,1,Limited,historical
S03E,2017,1,Limited,historical
S03E,2018,1,Limited,historical
S03E,2019,1,Limited,historical
S03E,2020,1,Limited,historical
S03E,2021,1,Limited,historical
S03E,2022,1,Limited,current
S03E,2023,1,Limited,current
S03E,2024,1,Limited,current
S03E,2025,1,Limited,current
S03H,1975,1,Limited,historical
S03H,1976,1,Limited,historical
S03H,1977,1,Limited,historical
S03H,1978,1,Limited,historical
S03H,1979,1,Limited,historical
S03H,1980,1,Limited,historical
S03H,1981,1,Limited,historical
S03H,1982,1,Limited,historical
S03H,1983,1,Limited,historical
S03H,1984,1,Limited,historical
S03H,1985,1,Limited,historical
S03H,1986,1,Limited,historical
S03H,1987,1,Limited,historical
S03H,1988,1,Limited,historical
S03H,1989,1,Limited,historical
S03H,1990,1,Limited,historical
S03H,1991,1,Limited,historical
S03H,1992,1,Limited,historical
S03H,1993,1,Limited,historical
S03H,1994,1,Limited,historical
S03H,1995,1,Limited,historical
S03H,1996,1,Limited,historical
S03H,1997,1,Limited,historical
S03H,1998,1,Limited,historical
S03H,1999,1,Limited,historical
S03H,2000,1,Limited,historical
S03H,2001,1,Limited,historical
S03H,2002,1,Limited,historical
S03H,2003,1,Limited,historical
S03H,2004,1,Limited,historical
S03H,2005,1,Limited,historical
S03H,2006,1,Limited,historical
S03H,2007,1,Limited,historical
S03H,2008,1,Limited,historical
S03H,2009,1,Limited,historical
S03H,2010,1,Limited,historical
S03H,2011,1,Limited,historical
S03H,2012,1,Limited,historical
S03H,2013,1,Limited,historical
S03H,2014,1,Limited,historical
S03H,2015,1,Limited,historical
S03H,2016,1,Limited,historical
S03H,2017,1,Limited,historical
S03H,2018,1,Limited,historical
S03H,2019,1,Limited,historical
S03H,2020,1,Limited,historical
S03H,2021,1,Limited,historical
S03H,2022,1,Limited,current
S03H,2023,1,Limited,current
S03H,2024,1,Limited,current
S03H,2025,1,Limited,current
S03M,1975,1,Limited,historical
S03M,1976,1,Limited,historical
S03M,1977,1,Limited,historical
S03M,1978,1,Limited,historical
S03M,1979,1,Limited,historical
S03M,1980,1,Limited,historical
S03M,1981,1,Limited,historical
S03M,1982,1,Limited,historical
S03M,1983,1,Limited,historical
S03M,1984,1,Limited,historical
S03M,1985,1,Limited,historical
S03M,1986,1,Limited,historical
S03M,1987,1,Limited,historical
S03M,1988,1,Limited,historical
S03M,1989,1,Limited,historical
S03M,1990,1,Limited,historical
S03M,1991,1,Limited,historical
S03M,1992,1,Limited,historical
S03M,1993,1,Limited,historical
S03M,1994,1,Limited,historical
S03M,1995,1,Limited,historical
S03M,1996,1,Limited,historical
S03M,1997,1,Limited,historical
S03M,1998,1,Limited,historical
S03M,1999,1,Limited,historical
S03M,2000,1,Limited,historical
S03M,2001,1,Limited,historical
S03M,2002,1,Limited,historical
S03M,2003,1,Limited,historical
S03M,2004,1,Limited,historical
S03M,2005,1,Limited,historical
S03M,2006,1,Limited,historical
S03M,2007,1,Limited,historical
S03M,2008,1,Limited,historical
S03M,2009,1,Limited,historical
S03M,2010,1,Limited,historical
S03M,2011,1,Limited,historical
S03M,2012,1,Limited,historical
S03M,2013,1,Limited,historical
S03M,2014,1,Limited,historical
S03M,2015,1,Limited,historical
S03M,2016,1,Limited,historical
S03M,2017,1,Limited,historical
S03M,2018,1,Limited,historical
S03M,2019,1,Limited,historical
S03M,2020,1,Limited,historical
S03M,2021,1,Limited,historical
S03M,2022,1,Limited,current
S03M,2023,1,Limited,current
S03M,2024,1,Limited,current
S03M,2025,1,Limited,current
S03T,1975,1,Limited,historical
S03T,1976,1,Limited,historical
S03T,1977,1,Limited,historical
S03T,1978,1,Limited,historical
S03T,1979,1,Limited,historical
S03T,1980,1,Limited,historical
S03T,1981,1,Limited,historical
S03T,1982,1,Limited,historical
S03T,1983,1,Limited,historical
S03T,1984,1,Limited,historical
S03T,1985,1,Limited,historical
S03T,1986,1,Limited,historical
S03T,1987,1,Limited,historical
S03T,1988,1,Limited,historical
S03T,1989,1,Limited,historical
S03T,1990,1,Limited,historical
S03T,1991,1,Limited,historical
S03T,1992,1,Limited,historical
S03T,1993,1,Limited,historical
S03T,1994,1,Limited,historical
S03T,1995,1,Limited,historical
S03T,1996,1,Limited,historical
S03T,1997,1,Limited,historical
S03T,1998,1,Limited,historical
S03T,1999,1,Limited,historical
S03T,2000,1,Limited,historical
S03T,2001,1,Limited,historical
S03T,2002,1,Limited,historical
S03T,2003,1,Limited,historical
S03T,2004,1,Limited,historical
S03T,2005,1,Limited,historical
S03T,2006,1,Limited,historical
S03T,2007,1,Limited,historical
S03T,2008,1,Limited,historical
S03T,2009,1,Limited,historical
S03T,2010,1,Limited,historical
S03T,2011,1,Limited,historical
S03T,2012,1,Limited,historical
S03T,2013,1,Limited,historical
S03T,2014,1,Limited,historical
S03T,2015,1,Limited,historical
S03T,2016,1,Limited,historical
S03T,2017,1,Limited,historical
S03T,2018,1,Limited,historical
S03T,2019,1,Limited,historical
S03T,2020,1,Limited,historical
S03T,2021,1,Limited,historical
S03T,2022,1,Limited,current
S03T,2023,1,Limited,current
S03T,2024,1,Limited,current
S03T,2025,1,Limited,current
S03W,1975,0,Open,historical
S03W,1976,0,Open,historical-outside-range
S03W,1977,0,Open,historical-outside-range
S03W,1978,0,Open,historical-outside-range
S03W,1979,0,Open,historical-outside-range
S03W,1980,0,Open,historical-outside-range
S03W,1981,0,Open,historical-outside-range
S03W,1982,0,Open,historical-outside-range
S03W,1983,0,Open,historical-outside-range
S03W,1984,0,Open,historical-outside-range
S03W,1985,0,Open,historical-outside-range
S03W,1986,0,Open,historical-outside-range
S03W,1987,0,Open,historical-outside-range
S03W,1988,0,Open,historical-outside-range
S03W,1989,0,Open,historical-outside-range
S03W,1990,0,Open,historical-outside-range
S03W,1991,0,Open,historical-outside-range
S03W,1992,0,Open,historical-outside-range
S03W,1993,0,Open,historical-outside-range
S03W,1994,0,Open,historical-outside-range
S03W,1995,0,Open,historical-outside-range
S03W,1996,0,Open,historical-outside-range
S03W,1997,0,Open,historical-outside-range
S03W,1998,0,Open,historical-outside-range
S03W,1999,0,Open,historical-outside-range
S03W,2000,0,Open,historical-outside-range
S03W,2001,0,Open,historical-outside-range
S03W,2002,0,Open,historical-outside-range
S03W,2003,0,Open,historical-outside-range
S03W,2004,0,Open,historical-outside-range
S03W,2005,0,Open,historical-outside-range
S03W,2006,0,Open,historical-outside-range
S03W,2007,0,Open,historical-outside-range
S03W,2008,0,Open,historical-outside-range
S03W,2009,0,Open,historical-outside-range
S03W,2010,0,Open,historical-outside-range
S03W,2011,0,Open,historical-outside-range
S03W,2012,0,Open,historical-outside-range
S03W,2013,0,Open,historical-outside-range
S03W,2014,0,Open,historical-outside-range
S03W,2015,0,Open,historical-outside-range
S03W,2016,0,Open,historical-outside-range
S03W,2017,0,Open,historical-outside-range
S03W,2018,0,Open,historical-outside-range
S03W,2019,0,Open,historical-outside-range
S03W,2020,0,Open,historical-outside-range
S03W,2021,0,Open,historical-outside-range
S03W,2022,0,Open,historical-outside-range
S03W,2023,0,Open,historical-outside-range
S03W,2024,0,Open,historical-outside-range
S03W,2025,0,Open,historical-outside-range
S03Y,1975,0,Open,historical
S03Y,1976,0,Open,historical-outside-range
S03Y,1977,0,Open,historical-outside-range
S03Y,1978,0,Open,historical-outside-range
S03Y,1979,0,Open,historical-outside-range
S03Y,1980,0,Open,historical-outside-range
S03Y,1981,0,Open,historical-outside-range
S03Y,1982,0,Open,historical-outside-range
S03Y,1983,0,Open,historical-outside-range
S03Y,1984,0,Open,historical-outside-range
S03Y,1985,0,Open,historical-outside-range
S03Y,1986,0,Open,historical-outside-range
S03Y,1987,0,Open,historical-outside-range
S03Y,1988,0,Open,historical-outside-range
S03Y,1989,0,Open,historical-outside-range
S03Y,1990,0,Open,historical-outside-range
S03Y,1991,0,Open,historical-outside-range
S03Y,1992,0,Open,historical-outside-range
S03Y,1993,0,Open,historical-outside-range
S03Y,1994,0,Open,historical-outside-range
S03Y,1995,0,Open,historical-outside-range
S03Y,1996,0,Open,historical-outside-range
S03Y,1997,0,Open,historical-outside-range
S03Y,1998,0,Open,historical-outside-range
S03Y,1999,0,Open,historical-outside-range
S03Y,2000,0,Open,historical-outside-range
S03Y,2001,0,Open,historical-outside-range
S03Y,2002,0,Open,historical-outside-range
S03Y,2003,0,Open,historical-outside-range
S03Y,2004,0,Open,historical-outside-range
S03Y,2005,0,Open,historical-outside-range
S03Y,2006,0,Open,historical-outside-range
S03Y,2007,0,Open,historical-outside-range
S03Y,2008,0,Open,historical-outside-range
S03Y,2009,0,Open,historical-outside-range
S03Y,2010,0,Open,historical-outside-range
S03Y,2011,0,Open,historical-outside-range
S03Y,2012,0,Open,historical-outside-range
S03Y,2013,0,Open,historical-outside-range
S03Y,2014,0,Open,historical-outside-range
S03Y,2015,0,Open,historical-outside-range
S03Y,2016,0,Open,historical-outside-range
S03Y,2017,0,Open,historical-outside-range
S03Y,2018,0,Open,historical-outside-range
S03Y,2019,0,Open,historical-outside-range
S03Y,2020,0,Open,historical-outside-range
S03Y,2021,0,Open,historical-outside-range
S03Y,2022,0,Open,historical-outside-range
S03Y,2023,0,Open,historical-outside-range
S03Y,2024,0,Open,historical-outside-range
S03Y,2025,0,Open,historical-outside-range
S04D,1975,1,Limited,historical
S04D,1976,1,Limited,historical
S04D,1977,1,Limited,historical
S04D,1978,1,Limited,historical
S04D,1979,1,Limited,historical
S04D,1980,1,Limited,historical
S04D,1981,1,Limited,historical
S04D,1982,1,Limited,historical
S04D,1983,1,Limited,historical
S04D,1984,1,Limited,historical
S04D,1985,1,Limited,historical
S04D,1986,1,Limited,historical
S04D,1987,1,Limited,historical
S04D,1988,1,Limited,historical
S04D,1989,1,Limited,historical
S04D,1990,1,Limited,historical
S04D,1991,1,Limited,historical
S04D,1992,1,Limited,historical
S04D,1993,1,Limited,historical
S04D,1994,1,Limited,historical
S04D,1995,1,Limited,historical
S04D,1996,1,Limited,historical
S04D,1997,1,Limited,historical
S04D,1998,1,Limited,historical
S04D,1999,1,Limited,historical
S04D,2000,1,Limited,historical
S04D,2001,1,Limited,historical
S04D,2002,1,Limited,historical
S04D,2003,1,Limited,historical
S04D,2004,1,Limited,historical
S04D,2005,1,Limited,historical
S04D,2006,1,Limited,historical
S04D,2007,1,Limited,historical
S04D,2008,1,Limited,historical
S04D,2009,1,Limited,historical
S04D,2010,1,Limited,historical
S04D,2011,1,Limited,historical
S04D,2012,1,Limited,historical
S04D,2013,1,Limited,historical
S04D,2014,1,Limited,historical
S04D,2015,1,Limited,historical
S04D,2016,1,Limited,historical
S04D,2017,1,Limited,historical
S04D,2018,1,Limited,historical
S04D,2019,1,Limited,historical
S04D,2020,1,Limited,historical
S04D,2021,1,Limited,historical
S04D,2022,1,Limited,current
S04D,2023,1,Limited,current
S04D,2024,1,Limited,current
S04D,2025,1,Limited,current
S04E,1975,1,Limited,historical
S04E,1976,1,Limited,historical
S04E,1977,1,Limited,historical
S04E,1978,1,Limited,historical
S04E,1979,1,Limited,historical
S04E,1980,1,Limited,historical
S04E,1981,1,Limited,historical
S04E,1982,1,Limited,historical
S04E,1983,1,Limited,historical
S04E,1984,1,Limited,historical
S04E,1985,1,Limited,historical
S04E,1986,1,Limited,historical
S04E,1987,1,Limited,historical
S04E,1988,1,Limited,historical
S04E,1989,1,Limited,historical
S04E,1990,1,Limited,historical
S04E,1991,1,Limited,historical
S04E,1992,1,Limited,historical
S04E,1993,1,Limited,historical
S04E,1994,1,Limited,historical
S04E,1995,1,Limited,historical
S04E,1996,1,Limited,historical
S04E,1997,1,Limited,historical
S04E,1998,1,Limited,historical
S04E,1999,1,Limited,historical
S04E,2000,1,Limited,historical
S04E,2001,1,Limited,historical
S04E,2002,1,Limited,historical
S04E,2003,1,Limited,historical
S04E,2004,1,Limited,historical
S04E,2005,1,Limited,historical
S04E,2006,1,Limited,historical
S04E,2007,1,Limited,historical
S04E,2008,1,Limited,historical
S04E,2009,1,Limited,historical
S04E,2010,1,Limited,historical
S04E,2011,1,Limited,historical
S04E,2012,1,Limited,historical
S04E,2013,1,Limited,historical
S04E,2014,1,Limited,historical
S04E,2015,1,Limited,historical
S04E,2016,1,Limited,historical
S04E,2017,1,Limited,historical
S04E,2018,1,Limited,historical
S04E,2019,1,Limited,historical
S04E,2020,1,Limited,historical
S04E,2021,1,Limited,historical
S04E,2022,1,Limited,current
S04E,2023,1,Limited,current
S04E,2024,1,Limited,current
S04E,2025,1,Limited,current
S04F,1975,0,Open,current
S04F,1976,0,Open,current
S04F,1977,0,Open,current
S04F,1978,0,Open,current
S04F,1979,0,Open,current
S04F,1980,0,Open,current
S04F,1981,0,Open,current
S04F,1982,0,Open,current
S04F,1983,0,Open,current
S04F,1984,0,Open,current
S04F,1985,0,Open,current
S04F,1986,0,Open,current
S04F,1987,0,Open,current
S04F,1988,0,Open,current
S04F,1989,0,Open,current
S04F,1990,0,Open,current
S04F,1991,0,Open,current
S04F,1992,0,Open,historical
S04F,1993,0,Open,historical
S04F,1994,0,Open,historical
S04F,1995,0,Open,historical
S04F,1996,0,Open,historical
S04F,1997,0,Open,historical
S04F,1998,0,Open,historical
S04F,1999,0,Open,historical
S04F,2000,0,Open,historical
S04F,2001,0,Open,historical
S04F,2002,0,Open,historical
S04F,2003,0,Open,historical
S04F,2004,0,Open,historical
S04F,2005,0,Open,historical
S04F,2006,0,Open,historical
S04F,2007,0,Open,historical
S04F,2008,0,Open,historical
S04F,2009,0,Open,historical
S04F,2010,0,Open,historical
S04F,2011,0,Open,historical
S04F,2012,0,Open,historical
S04F,2013,0,Open,historical
S04F,2014,0,Open,historical
S04F,2015,0,Open,historical
S04F,2016,0,Open,historical
S04F,2017,0,Open,historical
S04F,2018,0,Open,historical
S04F,2019,0,Open,historical
S04F,2020,0,Open,historical
S04F,2021,0,Open,historical
S04F,2022,0,Open,current
S04F,2023,0,Open,current
S04F,2024,0,Open,current
S04F,2025,0,Open,current
S04H,1975,1,Limited,historical
S04H,1976,1,Limited,historical
S04H,1977,1,Limited,historical
S04H,1978,1,Limited,historical
S04H,1979,1,Limited,historical
S04H,1980,1,Limited,historical
S04H,1981,1,Limited,historical
S04H,1982,1,Limited,historical
S04H,1983,1,Limited,historical
S04H,1984,1,Limited,historical
S04H,1985,1,Limited,historical
S04H,1986,1,Limited,historical
S04H,1987,1,Limited,historical
S04H,1988,1,Limited,historical
S04H,1989,1,Limited,historical
S04H,1990,1,Limited,historical
S04H,1991,1,Limited,historical
S04H,1992,1,Limited,historical
S04H,1993,1,Limited,historical
S04H,1994,1,Limited,historical
S04H,1995,1,Limited,historical
S04H,1996,1,Limited,historical
S04H,1997,1,Limited,historical
S04H,1998,1,Limited,historical
S04H,1999,1,Limited,historical
S04H,2000,1,Limited,historical
S04H,2001,1,Limited,historical
S04H,2002,1,Limited,historical
S04H,2003,1,Limited,historical
S04H,2004,1,Limited,historical
S04H,2005,1,Limited,historical
S04H,2006,1,Limited,historical
S04H,2007,1,Limited,historical
S04H,2008,1,Limited,historical
S04H,2009,1,Limited,historical
S04H,2010,1,Limited,historical
S04H,2011,1,Limited,historical
S04H,2012,1,Limited,historical
S04H,2013,1,Limited,historical
S04H,2014,1,Limited,historical
S04H,2015,1,Limited,historical
S04H,2016,1,Limited,historical
S04H,2017,1,Limited,historical
S04H,2018,1,Limited,historical
S04H,2019,1,Limited,historical
S04H,2020,1,Limited,historical
S04H,2021,1,Limited,historical
S04H,2022,1,Limited,current
S04H,2023,1,Limited,current
S04H,2024,1,Limited,current
S04H,2025,1,Limited,current
S04K,1975,1,Limited,historical
S04K,1976,1,Limited,historical
S04K,1977,1,Limited,historical
S04K,1978,1,Limited,historical
S04K,1979,1,Limited,historical
S04K,1980,1,Limited,historical
S04K,1981,1,Limited,historical
S04K,1982,1,Limited,historical
S04K,1983,1,Limited,historical
S04K,1984,1,Limited,historical
S04K,1985,1,Limited,historical
S04K,1986,1,Limited,historical
S04K,1987,1,Limited,historical
S04K,1988,1,Limited,historical
S04K,1989,1,Limited,historical
S04K,1990,1,Limited,historical
S04K,1991,1,Limited,historical
S04K,1992,1,Limited,historical
S04K,1993,1,Limited,historical
S04K,1994,1,Limited,historical
S04K,1995,1,Limited,historical
S04K,1996,1,Limited,historical
S04K,1997,1,Limited,historical
S04K,1998,1,Limited,historical
S04K,1999,1,Limited,historical
S04K,2000,1,Limited,historical
S04K,2001,1,Limited,historical
S04K,2002,1,Limited,historical
S04K,2003,1,Limited,historical
S04K,2004,1,Limited,historical
S04K,2005,1,Limited,historical
S04K,2006,1,Limited,historical
S04K,2007,1,Limited,historical
S04K,2008,1,Limited,historical
S04K,2009,1,Limited,historical
S04K,2010,1,Limited,historical
S04K,2011,1,Limited,historical
S04K,2012,1,Limited,historical
S04K,2013,1,Limited,historical
S04K,2014,1,Limited,historical
S04K,2015,1,Limited,historical
S04K,2016,1,Limited,historical
S04K,2017,1,Limited,historical
S04K,2018,1,Limited,historical
S04K,2019,1,Limited,historical
S04K,2020,1,Limited,historical
S04K,2021,1,Limited,historical
S04K,2022,1,Limited,current
S04K,2023,1,Limited,current
S04K,2024,1,Limited,current
S04K,2025,1,Limited,current
S04M,1975,1,Limited,historical
S04M,1976,1,Limited,historical
S04M,1977,1,Limited,historical
S04M,1978,1,Limited,historical
S04M,1979,1,Limited,historical
S04M,1980,1,Limited,historical
S04M,1981,1,Limited,historical
S04M,1982,1,Limited,historical
S04M,1983,1,Limited,historical
S04M,1984,1,Limited,historical
S04M,1985,1,Limited,historical
S04M,1986,1,Limited,historical
S04M,1987,1,Limited,historical
S04M,1988,1,Limited,historical
S04M,1989,1,Limited,historical
S04M,1990,1,Limited,historical
S04M,1991,1,Limited,historical
S04M,1992,1,Limited,historical
S04M,1993,1,Limited,historical
S04M,1994,1,Limited,historical
S04M,1995,1,Limited,historical
S04M,1996,1,Limited,historical
S04M,1997,1,Limited,historical
S04M,1998,1,Limited,historical
S04M,1999,1,Limited,historical
S04M,2000,1,Limited,historical
S04M,2001,1,Limited,historical
S04M,2002,1,Limited,historical
S04M,2003,1,Limited,historical
S04M,2004,1,Limited,historical
S04M,2005,1,Limited,historical
S04M,2006,1,Limited,historical
S04M,2007,1,Limited,historical
S04M,2008,1,Limited,historical
S04M,2009,1,Limited,historical
S04M,2010,1,Limited,historical
S04M,2011,1,Limited,historical
S04M,2012,1,Limited,historical
S04M,2013,1,Limited,historical
S04M,2014,1,Limited,historical
S04M,2015,1,Limited,historical
S04M,2016,1,Limited,historical
S04M,2017,1,Limited,historical
S04M,2018,1,Limited,historical
S04M,2019,1,Limited,historical
S04M,2020,1,Limited,historical
S04M,2021,1,Limited,historical
S04M,2022,1,Limited,current
S04M,2023,1,Limited,current
S04M,2024,1,Limited,current
S04M,2025,1,Limited,current
S04P,1975,1,Limited,current
S04P,1976,1,Limited,historical
S04P,1977,1,Limited,historical
S04P,1978,1,Limited,historical
S04P,1979,1,Limited,historical
S04P,1980,1,Limited,historical
S04P,1981,1,Limited,historical
S04P,1982,1,Limited,historical
S04P,1983,1,Limited,historical
S04P,1984,1,Limited,historical
S04P,1985,1,Limited,historical
S04P,1986,1,Limited,historical
S04P,1987,1,Limited,historical
S04P,1988,1,Limited,historical
S04P,1989,1,Limited,historical
S04P,1990,1,Limited,historical
S04P,1991,1,Limited,historical
S04P,1992,1,Limited,historical
S04P,1993,1,Limited,historical
S04P,1994,1,Limited,historical
S04P,1995,1,Limited,historical
S04P,1996,1,Limited,historical
S04P,1997,1,Limited,historical
S04P,1998,1,Limited,historical
S04P,1999,1,Limited,historical
S04P,2000,1,Limited,historical
S04P,2001,1,Limited,historical
S04P,2002,1,Limited,historical
S04P,2003,1,Limited,historical
S04P,2004,1,Limited,historical
S04P,2005,1,Limited,historical
S04P,2006,1,Limited,historical
S04P,2007,1,Limited,historical
S04P,2008,1,Limited,historical
S04P,2009,1,Limited,historical
S04P,2010,1,Limited,historical
S04P,2011,1,Limited,historical
S04P,2012,1,Limited,historical
S04P,2013,1,Limited,historical
S04P,2014,1,Limited,historical
S04P,2015,1,Limited,historical
S04P,2016,1,Limited,historical
S04P,2017,1,Limited,historical
S04P,2018,1,Limited,historical
S04P,2019,1,Limited,historical
S04P,2020,1,Limited,historical
S04P,2021,1,Limited,historical
S04P,2022,1,Limited,current
S04P,2023,1,Limited,current
S04P,2024,1,Limited,current
S04P,2025,1,Limited,current
S04T,1975,1,Limited,historical
S04T,1976,1,Limited,historical
S04T,1977,1,Limited,historical
S04T,1978,1,Limited,historical
S04T,1979,1,Limited,historical
S04T,1980,1,Limited,historical
S04T,1981,1,Limited,historical
S04T,1982,1,Limited,historical
S04T,1983,1,Limited,historical
S04T,1984,1,Limited,historical
S04T,1985,1,Limited,historical
S04T,1986,1,Limited,historical
S04T,1987,1,Limited,historical
S04T,1988,1,Limited,historical
S04T,1989,1,Limited,historical
S04T,1990,1,Limited,historical
S04T,1991,1,Limited,historical
S04T,1992,1,Limited,historical
S04T,1993,1,Limited,historical
S04T,1994,1,Limited,historical
S04T,1995,1,Limited,historical
S04T,1996,1,Limited,historical
S04T,1997,1,Limited,historical
S04T,1998,1,Limited,historical
S04T,1999,1,Limited,historical
S04T,2000,1,Limited,historical
S04T,2001,1,Limited,historical
S04T,2002,1,Limited,historical
S04T,2003,1,Limited,historical
S04T,2004,1,Limited,historical
S04T,2005,1,Limited,historical
S04T,2006,1,Limited,historical
S04T,2007,1,Limited,historical
S04T,2008,1,Limited,historical
S04T,2009,1,Limited,historical
S04T,2010,1,Limited,historical
S04T,2011,1,Limited,historical
S04T,2012,1,Limited,historical
S04T,2013,1,Limited,historical
S04T,2014,1,Limited,historical
S04T,2015,1,Limited,historical
S04T,2016,1,Limited,historical
S04T,2017,1,Limited,historical
S04T,2018,1,Limited,historical
S04T,2019,1,Limited,historical
S04T,2020,1,Limited,historical
S04T,2021,1,Limited,historical
S04T,2022,1,Limited,current
S04T,2023,1,Limited,current
S04T,2024,1,Limited,current
S04T,2025,1,Limited,current
S04W,1975,1,Limited,historical
S04W,1976,1,Limited,historical
S04W,1977,1,Limited,historical
S04W,1978,1,Limited,historical
S04W,1979,1,Limited,historical
S04W,1980,1,Limited,historical
S04W,1981,1,Limited,historical
S04W,1982,1,Limited,historical
S04W,1983,1,Limited,historical
S04W,1984,1,Limited,historical
S04W,1985,1,Limited,historical
S04W,1986,1,Limited,historical
S04W,1987,1,Limited,historical
S04W,1988,1,Limited,historical
S04W,1989,1,Limited,historical
S04W,1990,1,Limited,historical
S04W,1991,1,Limited,historical
S04W,1992,1,Limited,historical
S04W,1993,1,Limited,historical
S04W,1994,1,Limited,historical
S04W,1995,1,Limited,historical
S04W,1996,1,Limited,historical
S04W,1997,1,Limited,historical
S04W,1998,1,Limited,historical
S04W,1999,1,Limited,historical
S04W,2000,1,Limited,historical
S04W,2001,1,Limited,historical
S04W,2002,1,Limited,historical
S04W,2003,1,Limited,historical
S04W,2004,1,Limited,historical
S04W,2005,1,Limited,historical
S04W,2006,1,Limited,historical
S04W,2007,1,Limited,historical
S04W,2008,1,Limited,historical
S04W,2009,1,Limited,historical
S04W,2010,1,Limited,historical
S04W,2011,1,Limited,historical
S04W,2012,1,Limited,historical
S04W,2013,1,Limited,historical
S04W,2014,1,Limited,historical
S04W,2015,1,Limited,historical
S04W,2016,1,Limited,historical
S04W,2017,1,Limited,historical
S04W,2018,1,Limited,historical
S04W,2019,1,Limited,historical
S04W,2020,1,Limited,historical
S04W,2021,1,Limited,historical
S04W,2022,1,Limited,current
S04W,2023,1,Limited,current
S04W,2024,1,Limited,current
S04W,2025,1,Limited,current
S04X,1975,1,Limited,historical
S04X,1976,1,Limited,historical
S04X,1977,1,Limited,historical
S04X,1978,1,Limited,historical
S04X,1979,1,Limited,historical
S04X,1980,1,Limited,historical
S04X,1981,1,Limited,historical
S04X,1982,1,Limited,historical
S04X,1983,1,Limited,historical
S04X,1984,1,Limited,historical
S04X,1985,1,Limited,historical
S04X,1986,1,Limited,historical
S04X,1987,1,Limited,historical
S04X,1988,1,Limited,historical
S04X,1989,1,Limited,historical
S04X,1990,1,Limited,historical
S04X,1991,1,Limited,historical
S04X,1992,1,Limited,historical
S04X,1993,1,Limited,historical
S04X,1994,1,Limited,historical
S04X,1995,1,Limited,historical
S04X,1996,1,Limited,historical
S04X,1997,1,Limited,historical
S04X,1998,1,Limited,historical
S04X,1999,1,Limited,historical
S04X,2000,1,Limited,historical
S04X,2001,1,Limited,historical
S04X,2002,1,Limited,historical
S04X,2003,1,Limited,historical
S04X,2004,1,Limited,historical
S04X,2005,1,Limited,historical
S04X,2006,1,Limited,historical
S04X,2007,1,Limited,historical
S04X,2008,1,Limited,historical
S04X,2009,1,Limited,historical
S04X,2010,1,Limited,historical
S04X,2011,1,Limited,historical
S04X,2012,1,Limited,historical
S04X,2013,1,Limited,historical
S04X,2014,1,Limited,historical
S04X,2015,1,Limited,historical
S04X,2016,1,Limited,historical
S04X,2017,1,Limited,historical
S04X,2018,1,Limited,historical
S04X,2019,1,Limited,historical
S04X,2020,1,Limited,historical
S04X,2021,1,Limited,historical
S04X,2022,1,Limited,current
S04X,2023,1,Limited,current
S04X,2024,1,Limited,current
S04X,2025,1,Limited,current
S04Y,1975,1,Limited,historical
S04Y,1976,1,Limited,historical
S04Y,1977,1,Limited,historical
S04Y,1978,1,Limited,historical
S04Y,1979,1,Limited,historical
S04Y,1980,1,Limited,historical
S04Y,1981,1,Limited,historical
S04Y,1982,1,Limited,historical
S04Y,1983,1,Limited,historical
S04Y,1984,1,Limited,historical
S04Y,1985,1,Limited,historical
S04Y,1986,1,Limited,historical
S04Y,1987,1,Limited,historical
S04Y,1988,1,Limited,historical
S04Y,1989,1,Limited,historical
S04Y,1990,1,Limited,historical
S04Y,1991,1,Limited,historical
S04Y,1992,1,Limited,historical
S04Y,1993,1,Limited,historical
S04Y,1994,1,Limited,historical
S04Y,1995,1,Limited,historical
S04Y,1996,1,Limited,historical
S04Y,1997,1,Limited,historical
S04Y,1998,1,Limited,historical
S04Y,1999,1,Limited,historical
S04Y,2000,1,Limited,historical
S04Y,2001,1,Limited,historical
S04Y,2002,1,Limited,historical
S04Y,2003,1,Limited,historical
S04Y,2004,1,Limited,historical
S04Y,2005,1,Limited,historical
S04Y,2006,1,Limited,historical
S04Y,2007,1,Limited,historical
S04Y,2008,1,Limited,historical
S04Y,2009,1,Limited,historical
S04Y,2010,1,Limited,historical
S04Y,2011,1,Limited,historical
S04Y,2012,1,Limited,historical
S04Y,2013,1,Limited,historical
S04Y,2014,1,Limited,historical
S04Y,2015,1,Limited,historical
S04Y,2016,1,Limited,historical
S04Y,2017,1,Limited,historical
S04Y,2018,1,Limited,historical
S04Y,2019,1,Limited,historical
S04Y,2020,1,Limited,historical
S04Y,2021,1,Limited,historical
S04Y,2022,1,Limited,current
S04Y,2023,1,Limited,current
S04Y,2024,1,Limited,current
S04Y,2025,1,Limited,current
S04Z,1975,1,Limited,historical
S04Z,1976,1,Limited,historical
S04Z,1977,1,Limited,historical
S04Z,1978,1,Limited,historical
S04Z,1979,1,Limited,historical
S04Z,1980,1,Limited,historical
S04Z,1981,1,Limited,historical
S04Z,1982,1,Limited,historical
S04Z,1983,1,Limited,historical
S04Z,1984,1,Limited,historical
S04Z,1985,1,Limited,historical
S04Z,1986,1,Limited,historical
S04Z,1987,1,Limited,historical
S04Z,1988,1,Limited,historical
S04Z,1989,1,Limited,historical
S04Z,1990,1,Limited,historical
S04Z,1991,1,Limited,historical
S04Z,1992,1,Limited,historical
S04Z,1993,1,Limited,historical
S04Z,1994,1,Limited,historical
S04Z,1995,1,Limited,historical
S04Z,1996,1,Limited,historical
S04Z,1997,1,Limited,historical
S04Z,1998,1,Limited,historical
S04Z,1999,1,Limited,historical
S04Z,2000,1,Limited,historical
S04Z,2001,1,Limited,historical
S04Z,2002,1,Limited,historical
S04Z,2003,1,Limited,historical
S04Z,2004,1,Limited,historical
S04Z,2005,1,Limited,historical
S04Z,2006,1,Limited,historical
S04Z,2007,1,Limited,historical
S04Z,2008,1,Limited,historical
S04Z,2009,1,Limited,historical
S04Z,2010,1,Limited,historical
S04Z,2011,1,Limited,historical
S04Z,2012,1,Limited,historical
S04Z,2013,1,Limited,historical
S04Z,2014,1,Limited,historical
S04Z,2015,1,Limited,historical
S04Z,2016,1,Limited,historical
S04Z,2017,1,Limited,historical
S04Z,2018,1,Limited,historical
S04Z,2019,1,Limited,historical
S04Z,2020,1,Limited,historical
S04Z,2021,1,Limited,historical
S04Z,2022,1,Limited,current
S04Z,2023,1,Limited,current
S04Z,2024,1,Limited,current
S04Z,2025,1,Limited,current
S05A,1975,0,Open,historical-outside-range
S05A,1976,0,Open,historical-outside-range
S05A,1977,0,Open,historical-outside-range
S05A,1978,0,Open,historical-outside-range
S05A,1979,0,Open,historical-outside-range
S05A,1980,0,Open,historical-outside-range
S05A,1981,0,Open,historical-outside-range
S05A,1982,0,Open,historical-outside-range
S05A,1983,0,Open,historical-outside-range
S05A,1984,0,Open,historical-outside-range
S05A,1985,0,Open,historical-outside-range
S05A,1986,0,Open,historical-outside-range
S05A,1987,0,Open,historical-outside-range
S05A,1988,0,Open,historical-outside-range
S05A,1989,0,Open,historical-outside-range
S05A,1990,0,Open,historical-outside-range
S05A,1991,0,Open,historical-outside-range
S05A,1992,0,Open,historical-outside-range
S05A,1993,0,Open,historical-outside-range
S05A,1994,0,Open,historical-outside-range
S05A,1995,0,Open,historical-outside-range
S05A,1996,0,Open,historical-outside-range
S05A,1997,0,Open,historical-outside-range
S05A,1998,0,Open,historical-outside-range
S05A,1999,0,Open,historical-outside-range
S05A,2000,0,Open,historical-outside-range
S05A,2001,0,Open,historical-outside-range
S05A,2002,0,Open,historical-outside-range
S05A,2003,0,Open,historical-outside-range
S05A,2004,0,Open,historical-outside-range
S05A,2005,0,Open,historical-outside-range
S05A,2006,0,Open,historical-outside-range
S05A,2007,0,Open,historical-outside-range
S05A,2008,0,Open,historical-outside-range
S05A,2009,0,Open,historical-outside-range
S05A,2010,0,Open,historical-outside-range
S05A,2011,0,Open,historical-outside-range
S05A,2012,0,Open,historical-outside-range
S05A,2013,0,Open,historical-outside-range
S05A,2014,0,Open,historical-outside-range
S05A,2015,0,Open,historical-outside-range
S05A,2016,0,Open,historical-outside-range
S05A,2017,0,Open,historical-outside-range
S05A,2018,0,Open,historical-outside-range
S05A,2019,0,Open,historical-outside-range
S05A,2020,0,Open,historical-outside-range
S05A,2021,0,Open,historical-outside-range
S05A,2022,0,Open,historical-outside-range
S05A,2023,0,Open,historical-outside-range
S05A,2024,0,Open,historical-outside-range
S05A,2025,0,Open,historical-outside-range
S05B,1975,1,Limited,historical
S05B,1976,1,Limited,historical
S05B,1977,1,Limited,historical
S05B,1978,1,Limited,historical
S05B,1979,1,Limited,historical
S05B,1980,1,Limited,historical
S05B,1981,1,Limited,historical
S05B,1982,1,Limited,historical
S05B,1983,1,Limited,historical
S05B,1984,1,Limited,historical
S05B,1985,1,Limited,historical
S05B,1986,1,Limited,historical
S05B,1987,1,Limited,historical
S05B,1988,1,Limited,historical
S05B,1989,1,Limited,historical
S05B,1990,1,Limited,historical
S05B,1991,1,Limited,historical
S05B,1992,1,Limited,historical
S05B,1993,1,Limited,historical
S05B,1994,1,Limited,historical
S05B,1995,1,Limited,historical
S05B,1996,1,Limited,historical
S05B,1997,1,Limited,historical
S05B,1998,1,Limited,historical
S05B,1999,1,Limited,historical
S05B,2000,1,Limited,historical
S05B,2001,1,Limited,historical
S05B,2002,1,Limited,historical
S05B,2003,1,Limited,historical
S05B,2004,1,Limited,historical
S05B,2005,1,Limited,historical
S05B,2006,1,Limited,historical
S05B,2007,1,Limited,historical
S05B,2008,1,Limited,historical
S05B,2009,1,Limited,historical
S05B,2010,1,Limited,historical
S05B,2011,1,Limited,historical
S05B,2012,1,Limited,historical
S05B,2013,1,Limited,historical
S05B,2014,1,Limited,historical
S05B,2015,1,Limited,historical
S05B,2016,1,Limited,historical
S05B,2017,1,Limited,historical
S05B,2018,1,Limited,historical
S05B,2019,1,Limited,historical
S05B,2020,1,Limited,historical
S05B,2021,1,Limited,historical
S05B,2022,1,Limited,current
S05B,2023,1,Limited,current
S05B,2024,1,Limited,current
S05B,2025,1,Limited,current
S06B,1975,0,Open,historical-outside-range
S06B,1976,0,Open,historical-outside-range
S06B,1977,0,Open,historical-outside-range
S06B,1978,0,Open,historical-outside-range
S06B,1979,0,Open,historical-outside-range
S06B,1980,0,Open,historical-outside-range
S06B,1981,0,Open,historical-outside-range
S06B,1982,0,Open,historical-outside-range
S06B,1983,0,Open,historical-outside-range
S06B,1984,0,Open,historical-outside-range
S06B,1985,0,Open,historical-outside-range
S06B,1986,0,Open,historical-outside-range
S06B,1987,0,Open,historical-outside-range
S06B,1988,0,Open,historical-outside-range
S06B,1989,0,Open,historical-outside-range
S06B,1990,0,Open,historical-outside-range
S06B,1991,0,Open,historical-outside-range
S06B,1992,0,Open,historical-outside-range
S06B,1993,0,Open,historical-outside-range
S06B,1994,0,Open,historical-outside-range
S06B,1995,0,Open,historical-outside-range
S06B,1996,0,Open,historical-outside-range
S06B,1997,0,Open,historical-outside-range
S06B,1998,0,Open,historical-outside-range
S06B,1999,0,Open,historical-outside-range
S06B,2000,0,Open,historical-outside-range
S06B,2001,0,Open,historical-outside-range
S06B,2002,0,Open,historical-outside-range
S06B,2003,0,Open,historical-outside-range
S06B,2004,0,Open,historical-outside-range
S06B,2005,0,Open,historical-outside-range
S06B,2006,0,Open,historical-outside-range
S06B,2007,0,Open,historical-outside-range
S06B,2008,0,Open,historical-outside-range
S06B,2009,0,Open,historical-outside-range
S06B,2010,0,Open,historical-outside-range
S06B,2011,0,Open,historical-outside-range
S06B,2012,0,Open,historical-outside-range
S06B,2013,0,Open,historical-outside-range
S06B,2014,0,Open,historical-outside-range
S06B,2015,0,Open,historical-outside-range
S06B,2016,0,Open,historical-outside-range
S06B,2017,0,Open,historical-outside-range
S06B,2018,0,Open,historical-outside-range
S06B,2019,0,Open,historical-outside-range
S06B,2020,0,Open,historical-outside-range
S06B,2021,0,Open,historical-outside-range
S06B,2022,0,Open,historical-outside-range
S06B,2023,0,Open,historical-outside-range
S06B,2024,0,Open,historical-outside-range
S06B,2025,0,Open,historical-outside-range
S08P,1975,1,Limited,current
S08P,1976,1,Limited,historical
S08P,1977,1,Limited,historical
S08P,1978,1,Limited,historical
S08P,1979,1,Limited,historical
S08P,1980,1,Limited,historical
S08P,1981,1,Limited,historical
S08P,1982,1,Limited,historical
S08P,1983,1,Limited,historical
S08P,1984,1,Limited,historical
S08P,1985,1,Limited,historical
S08P,1986,1,Limited,historical
S08P,1987,1,Limited,historical
S08P,1988,1,Limited,historical
S08P,1989,1,Limited,historical
S08P,1990,1,Limited,historical
S08P,1991,1,Limited,historical
S08P,1992,1,Limited,historical
S08P,1993,1,Limited,historical
S08P,1994,1,Limited,historical
S08P,1995,1,Limited,historical
S08P,1996,1,Limited,historical
S08P,1997,1,Limited,historical
S08P,1998,1,Limited,historical
S08P,1999,1,Limited,historical
S08P,2000,1,Limited,historical
S08P,2001,1,Limited,historical
S08P,2002,1,Limited,historical
S08P,2003,1,Limited,historical
S08P,2004,1,Limited,historical
S08P,2005,1,Limited,historical
S08P,2006,1,Limited,historical
S08P,2007,1,Limited,historical
S08P,2008,1,Limited,historical
S08P,2009,1,Limited,historical
S08P,2010,1,Limited,historical
S08P,2011,1,Limited,historical
S08P,2012,1,Limited,historical
S08P,2013,1,Limited,historical
S08P,2014,1,Limited,historical
S08P,2015,1,Limited,historical
S08P,2016,1,Limited,historical
S08P,2017,1,Limited,historical
S08P,2018,1,Limited,historical
S08P,2019,1,Limited,historical
S08P,2020,1,Limited,historical
S08P,2021,1,Limited,historical
S08P,2022,1,Limited,current
S08P,2023,1,Limited,current
S08P,2024,1,Limited,current
S08P,2025,1,Limited,current
S08Y,1975,0,Open,historical-outside-range
S08Y,1976,0,Open,historical-outside-range
S08Y,1977,0,Open,historical-outside-range
S08Y,1978,0,Open,historical-outside-range
S08Y,1979,0,Open,historical-outside-range
S08Y,1980,0,Open,historical-outside-range
S08Y,1981,0,Open,historical-outside-range
S08Y,1982,0,Open,historical-outside-range
S08Y,1983,0,Open,historical-outside-range
S08Y,1984,0,Open,historical-outside-range
S08Y,1985,0,Open,historical-outside-range
S08Y,1986,0,Open,historical-outside-range
S08Y,1987,0,Open,historical-outside-range
S08Y,1988,0,Open,historical-outside-range
S08Y,1989,0,Open,historical-outside-range
S08Y,1990,0,Open,historical-outside-range
S08Y,1991,0,Open,historical-outside-range
S08Y,1992,0,Open,historical-outside-range
S08Y,1993,0,Open,historical-outside-range
S08Y,1994,0,Open,historical-outside-range
S08Y,1995,0,Open,historical-outside-range
S08Y,1996,0,Open,historical-outside-range
S08Y,1997,0,Open,historical-outside-range
S08Y,1998,0,Open,historical-outside-range
S08Y,1999,0,Open,historical-outside-range
S08Y,2000,0,Open,historical-outside-range
S08Y,2001,0,Open,historical-outside-range
S08Y,2002,0,Open,historical-outside-range
S08Y,2003,0,Open,historical-outside-range
S08Y,2004,0,Open,historical-outside-range
S08Y,2005,0,Open,historical-outside-range
S08Y,2006,0,Open,historical-outside-range
S08Y,2007,0,Open,historical-outside-range
S08Y,2008,0,Open,historical-outside-range
S08Y,2009,0,Open,historical-outside-range
S08Y,2010,0,Open,historical-outside-range
S08Y,2011,0,Open,historical-outside-range
S08Y,2012,0,Open,historical-outside-range
S08Y,2013,0,Open,historical-outside-range
S08Y,2014,0,Open,historical-outside-range
S08Y,2015,0,Open,historical-outside-range
S08Y,2016,0,Open,historical-outside-range
S08Y,2017,0,Open,historical-outside-range
S08Y,2018,0,Open,historical-outside-range
S08Y,2019,0,Open,historical-outside-range
S08Y,2020,0,Open,historical-outside-range
S08Y,2021,0,Open,historical-outside-range
S08Y,2022,0,Open,historical-outside-range
S08Y,2023,0,Open,historical-outside-range
S08Y,2024,0,Open,historical-outside-range
S08Y,2025,0,Open,historical-outside-range
S08Z,1975,0,Open,historical-outside-range
S08Z,1976,0,Open,historical-outside-range
S08Z,1977,0,Open,historical-outside-range
S08Z,1978,0,Open,historical-outside-range
S08Z,1979,0,Open,historical-outside-range
S08Z,1980,0,Open,historical-outside-range
S08Z,1981,0,Open,historical-outside-range
S08Z,1982,0,Open,historical-outside-range
S08Z,1983,0,Open,historical-outside-range
S08Z,1984,0,Open,historical-outside-range
S08Z,1985,0,Open,historical-outside-range
S08Z,1986,0,Open,historical-outside-range
S08Z,1987,0,Open,historical-outside-range
S08Z,1988,0,Open,historical-outside-range
S08Z,1989,0,Open,historical-outside-range
S08Z,1990,0,Open,historical-outside-range
S08Z,1991,0,Open,historical-outside-range
S08Z,1992,0,Open,historical-outside-range
S08Z,1993,0,Open,historical-outside-range
S08Z,1994,0,Open,historical-outside-range
S08Z,1995,0,Open,historical-outside-range
S08Z,1996,0,Open,historical-outside-range
S08Z,1997,0,Open,historical-outside-range
S08Z,1998,0,Open,historical-outside-range
S08Z,1999,0,Open,historical-outside-range
S08Z,2000,0,Open,historical-outside-range
S08Z,2001,0,Open,historical-outside-range
S08Z,2002,0,Open,historical-outside-range
S08Z,2003,0,Open,historical-outside-range
S08Z,2004,0,Open,historical-outside-range
S08Z,2005,0,Open,historical-outside-range
S08Z,2006,0,Open,historical-outside-range
S08Z,2007,0,Open,historical-outside-range
S08Z,2008,0,Open,historical-outside-range
S08Z,2009,0,Open,historical-outside-range
S08Z,2010,0,Open,historical-outside-range
S08Z,2011,0,Open,historical-outside-range
S08Z,2012,0,Open,historical-outside-range
S08Z,2013,0,Open,historical-outside-range
S08Z,2014,0,Open,historical-outside-range
S08Z,2015,0,Open,historical-outside-range
S08Z,2016,0,Open,historical-outside-range
S08Z,2017,0,Open,historical-outside-range
S08Z,2018,0,Open,historical-outside-range
S08Z,2019,0,Open,historical-outside-range
S08Z,2020,0,Open,historical-outside-range
S08Z,2021,0,Open,historical-outside-range
S08Z,2022,0,Open,historical-outside-range
S08Z,2023,0,Open,historical-outside-range
S08Z,2024,0,Open,historical-outside-range
S08Z,2025,0,Open,historical-outside-range
S13A,1975,0,Open,historical-outside-range
S13A,1976,0,Open,historical-outside-range
S13A,1977,0,Open,historical-outside-range
S13A,1978,0,Open,historical-outside-range
S13A,1979,0,Open,historical-outside-range
S13A,1980,0,Open,historical-outside-range
S13A,1981,0,Open,historical-outside-range
S13A,1982,0,Open,historical-outside-range
S13A,1983,0,Open,historical-outside-range
S13A,1984,0,Open,historical-outside-range
S13A,1985,0,Open,historical-outside-range
S13A,1986,0,Open,historical-outside-range
S13A,1987,0,Open,historical-outside-range
S13A,1988,0,Open,historical-outside-range
S13A,1989,0,Open,historical-outside-range
S13A,1990,0,Open,historical-outside-range
S13A,1991,0,Open,historical-outside-range
S13A,1992,0,Open,historical-outside-range
S13A,1993,0,Open,historical-outside-range
S13A,1994,0,Open,historical-outside-range
S13A,1995,0,Open,historical-outside-range
S13A,1996,0,Open,historical-outside-range
S13A,1997,0,Open,historical-outside-range
S13A,1998,0,Open,historical-outside-range
S13A,1999,0,Open,historical-outside-range
S13A,2000,0,Open,historical-outside-range
S13A,2001,0,Open,historical-outside-range
S13A,2002,0,Open,historical-outside-range
S13A,2003,0,Open,historical-outside-range
S13A,2004,0,Open,historical-outside-range
S13A,2005,0,Open,historical-outside-range
S13A,2006,0,Open,historical-outside-range
S13A,2007,0,Open,historical-outside-range
S13A,2008,0,Open,historical-outside-range
S13A,2009,0,Open,historical-outside-range
S13A,2010,0,Open,historical-outside-range
S13A,2011,0,Open,historical-outside-range
S13A,2012,0,Open,historical-outside-range
S13A,2013,0,Open,historical-outside-range
S13A,2014,0,Open,historical-outside-range
S13A,2015,0,Open,historical-outside-range
S13A,2016,0,Open,historical-outside-range
S13A,2017,0,Open,historical-outside-range
S13A,2018,0,Open,historical-outside-range
S13A,2019,0,Open,historical-outside-range
S13A,2020,0,Open,historical-outside-range
S13A,2021,0,Open,historical-outside-range
S13A,2022,0,Open,historical-outside-range
S13A,2023,0,Open,historical-outside-range
S13A,2024,0,Open,historical-outside-range
S13A,2025,0,Open,historical-outside-range
S15B,1975,1,Limited,historical
S15B,1976,1,Limited,historical
S15B,1977,1,Limited,historical
S15B,1978,1,Limited,historical
S15B,1979,1,Limited,historical
S15B,1980,1,Limited,historical
S15B,1981,1,Limited,historical
S15B,1982,1,Limited,historical
S15B,1983,1,Limited,historical
S15B,1984,1,Limited,historical
S15B,1985,1,Limited,historical
S15B,1986,1,Limited,historical
S15B,1987,1,Limited,historical
S15B,1988,1,Limited,historical
S15B,1989,1,Limited,historical
S15B,1990,1,Limited,historical
S15B,1991,1,Limited,historical
S15B,1992,1,Limited,historical
S15B,1993,1,Limited,historical
S15B,1994,1,Limited,historical
S15B,1995,1,Limited,historical
S15B,1996,1,Limited,historical
S15B,1997,1,Limited,historical
S15B,1998,1,Limited,historical
S15B,1999,1,Limited,historical
S15B,2000,1,Limited,historical
S15B,2001,1,Limited,historical
S15B,2002,1,Limited,historical
S15B,2003,1,Limited,historical
S15B,2004,1,Limited,historical
S15B,2005,1,Limited,historical
S15B,2006,1,Limited,historical
S15B,2007,1,Limited,historical
S15B,2008,1,Limited,historical
S15B,2009,1,Limited,historical
S15B,2010,1,Limited,historical
S15B,2011,1,Limited,historical
S15B,2012,1,Limited,historical
S15B,2013,1,Limited,historical
S15B,2014,1,Limited,historical
S15B,2015,1,Limited,historical
S15B,2016,1,Limited,historical
S15B,2017,1,Limited,historical
S15B,2018,1,Limited,historical
S15B,2019,1,Limited,historical
S15B,2020,1,Limited,historical
S15B,2021,1,Limited,historical
S15B,2022,1,Limited,current
S15B,2023,1,Limited,current
S15B,2024,1,Limited,current
S15B,2025,1,Limited,current
S77A,1975,0,Open,current
S77A,1976,0,Open,current
S77A,1977,0,Open,current
S77A,1978,0,Open,current
S77A,1979,0,Open,current
S77A,1980,0,Open,current
S77A,1981,0,Open,current
S77A,1982,0,Open,current
S77A,1983,0,Open,current
S77A,1984,0,Open,current
S77A,1985,0,Open,current
S77A,1986,0,Open,current
S77A,1987,0,Open,current
S77A,1988,0,Open,current
S77A,1989,0,Open,current
S77A,1990,0,Open,current
S77A,1991,0,Open,current
S77A,1992,0,Open,current
S77A,1993,0,Open,current
S77A,1994,0,Open,current
S77A,1995,0,Open,current
S77A,1996,0,Open,current
S77A,1997,0,Open,current
S77A,1998,0,Open,current
S77A,1999,0,Open,current
S77A,2000,0,Open,current
S77A,2001,0,Open,current
S77A,2002,0,Open,current
S77A,2003,0,Open,current
S77A,2004,0,Open,current
S77A,2005,0,Open,current
S77A,2006,0,Open,current
S77A,2007,0,Open,current
S77A,2008,0,Open,current
S77A,2009,0,Open,current
S77A,2010,0,Open,current
S77A,2011,0,Open,current
S77A,2012,0,Open,current
S77A,2013,0,Open,current
S77A,2014,0,Open,current
S77A,2015,0,Open,current
S77A,2016,0,Open,current
S77A,2017,0,Open,current
S77A,2018,0,Open,current
S77A,2019,0,Open,current
S77A,2020,0,Open,current
S77A,2021,0,Open,current
S77A,2022,0,Open,current
S77A,2023,0,Open,current
S77A,2024,0,Open,current
S77A,2025,0,Open,current
S77E,1975,0,Open,current
S77E,1976,0,Open,current
S77E,1977,0,Open,current
S77E,1978,0,Open,current
S77E,1979,0,Open,current
S77E,1980,0,Open,current
S77E,1981,0,Open,current
S77E,1982,0,Open,current
S77E,1983,0,Open,current
S77E,1984,0,Open,current
S77E,1985,0,Open,current
S77E,1986,0,Open,current
S77E,1987,0,Open,current
S77E,1988,0,Open,current
S77E,1989,0,Open,current
S77E,1990,0,Open,current
S77E,1991,0,Open,current
S77E,1992,0,Open,current
S77E,1993,0,Open,current
S77E,1994,0,Open,current
S77E,1995,0,Open,current
S77E,1996,0,Open,current
S77E,1997,0,Open,current
S77E,1998,0,Open,current
S77E,1999,0,Open,current
S77E,2000,0,Open,current
S77E,2001,0,Open,current
S77E,2002,0,Open,current
S77E,2003,0,Open,current
S77E,2004,0,Open,current
S77E,2005,0,Open,current
S77E,2006,0,Open,current
S77E,2007,0,Open,current
S77E,2008,0,Open,current
S77E,2009,0,Open,current
S77E,2010,0,Open,current
S77E,2011,0,Open,current
S77E,2012,0,Open,current
S77E,2013,0,Open,current
S77E,2014,0,Open,current
S77E,2015,0,Open,current
S77E,2016,0,Open,current
S77E,2017,0,Open,current
S77E,2018,0,Open,current
S77E,2019,0,Open,current
S77E,2020,0,Open,current
S77E,2021,0,Open,current
S77E,2022,0,Open,current
S77E,2023,0,Open,current
S77E,2024,0,Open,current
S77E,2025,0,Open,current
S77H,1975,0,Open,current
S77H,1976,0,Open,current
S77H,1977,0,Open,current
S77H,1978,0,Open,current
S77H,1979,0,Open,current
S77H,1980,0,Open,current
S77H,1981,0,Open,current
S77H,1982,0,Open,current
S77H,1983,0,Open,current
S77H,1984,0,Open,current
S77H,1985,0,Open,current
S77H,1986,0,Open,current
S77H,1987,0,Open,current
S77H,1988,0,Open,current
S77H,1989,0,Open,current
S77H,1990,0,Open,current
S77H,1991,0,Open,current
S77H,1992,0,Open,current
S77H,1993,0,Open,current
S77H,1994,0,Open,current
S77H,1995,0,Open,current
S77H,1996,0,Open,current
S77H,1997,0,Open,current
S77H,1998,0,Open,current
S77H,1999,0,Open,current
S77H,2000,0,Open,current
S77H,2001,0,Open,current
S77H,2002,0,Open,current
S77H,2003,0,Open,current
S77H,2004,0,Open,current
S77H,2005,0,Open,current
S77H,2006,0,Open,current
S77H,2007,0,Open,current
S77H,2008,0,Open,current
S77H,2009,0,Open,current
S77H,2010,0,Open,current
S77H,2011,0,Open,current
S77H,2012,0,Open,current
S77H,2013,0,Open,current
S77H,2014,0,Open,current
S77H,2015,0,Open,current
S77H,2016,0,Open,current
S77H,2017,0,Open,current
S77H,2018,0,Open,current
S77H,2019,0,Open,current
S77H,2020,0,Open,current
S77H,2021,0,Open,current
S77H,2022,0,Open,current
S77H,2023,0,Open,current
S77H,2024,0,Open,current
S77H,2025,0,Open,current
S77K,1975,0,Open,current
S77K,1976,0,Open,current
S77K,1977,0,Open,current
S77K,1978,0,Open,current
S77K,1979,0,Open,current
S77K,1980,0,Open,current
S77K,1981,0,Open,current
S77K,1982,0,Open,current
S77K,1983,0,Open,current
S77K,1984,0,Open,current
S77K,1985,0,Open,current
S77K,1986,0,Open,current
S77K,1987,0,Open,current
S77K,1988,0,Open,current
S77K,1989,0,Open,current
S77K,1990,0,Open,current
S77K,1991,0,Open,current
S77K,1992,0,Open,current
S77K,1993,0,Open,current
S77K,1994,0,Open,current
S77K,1995,0,Open,current
S77K,1996,0,Open,current
S77K,1997,0,Open,current
S77K,1998,0,Open,current
S77K,1999,0,Open,current
S77K,2000,0,Open,current
S77K,2001,0,Open,current
S77K,2002,0,Open,current
S77K,2003,0,Open,current
S77K,2004,0,Open,current
S77K,2005,0,Open,current
S77K,2006,0,Open,current
S77K,2007,0,Open,current
S77K,2008,0,Open,current
S77K,2009,0,Open,current
S77K,2010,0,Open,current
S77K,2011,0,Open,current
S77K,2012,0,Open,current
S77K,2013,0,Open,current
S77K,2014,0,Open,current
S77K,2015,0,Open,current
S77K,2016,0,Open,current
S77K,2017,0,Open,current
S77K,2018,0,Open,current
S77K,2019,0,Open,current
S77K,2020,0,Open,current
S77K,2021,0,Open,current
S77K,2022,0,Open,current
S77K,2023,0,Open,current
S77K,2024,0,Open,current
S77K,2025,0,Open,current
S77T,1975,0,Open,current
S77T,1976,0,Open,current
S77T,1977,0,Open,current
S77T,1978,0,Open,current
S77T,1979,0,Open,current
S77T,1980,0,Open,current
S77T,1981,0,Open,current
S77T,1982,0,Open,current
S77T,1983,0,Open,current
S77T,1984,0,Open,current
S77T,1985,0,Open,current
S77T,1986,0,Open,current
S77T,1987,0,Open,current
S77T,1988,0,Open,current
S77T,1989,0,Open,current
S77T,1990,0,Open,current
S77T,1991,0,Open,current
S77T,1992,0,Open,current
S77T,1993,0,Open,current
S77T,1994,0,Open,current
S77T,1995,0,Open,current
S77T,1996,0,Open,current
S77T,1997,0,Open,current
S77T,1998,0,Open,current
S77T,1999,0,Open,current
S77T,2000,0,Open,current
S77T,2001,0,Open,current
S77T,2002,0,Open,current
S77T,2003,0,Open,current
S77T,2004,0,Open,current
S77T,2005,0,Open,current
S77T,2006,0,Open,current
S77T,2007,0,Open,current
S77T,2008,0,Open,current
S77T,2009,0,Open,current
S77T,2010,0,Open,current
S77T,2011,0,Open,current
S77T,2012,0,Open,current
S77T,2013,0,Open,current
S77T,2014,0,Open,current
S77T,2015,0,Open,current
S77T,2016,0,Open,current
S77T,2017,0,Open,current
S77T,2018,0,Open,current
S77T,2019,0,Open,current
S77T,2020,0,Open,current
S77T,2021,0,Open,current
S77T,2022,0,Open,current
S77T,2023,0,Open,current
S77T,2024,0,Open,current
S77T,2025,0,Open,current
S77W,1975,0,Open,current
S77W,1976,0,Open,current
S77W,1977,0,Open,current
S77W,1978,0,Open,current
S77W,1979,0,Open,current
S77W,1980,0,Open,current
S77W,1981,0,Open,current
S77W,1982,0,Open,current
S77W,1983,0,Open,current
S77W,1984,0,Open,current
S77W,1985,0,Open,current
S77W,1986,0,Open,current
S77W,1987,0,Open,current
S77W,1988,0,Open,current
S77W,1989,0,Open,current
S77W,1990,0,Open,current
S77W,1991,0,Open,current
S77W,1992,0,Open,current
S77W,1993,0,Open,current
S77W,1994,0,Open,current
S77W,1995,0,Open,current
S77W,1996,0,Open,current
S77W,1997,0,Open,current
S77W,1998,0,Open,current
S77W,1999,0,Open,current
S77W,2000,0,Open,current
S77W,2001,0,Open,current
S77W,2002,0,Open,current
S77W,2003,0,Open,current
S77W,2004,0,Open,current
S77W,2005,0,Open,current
S77W,2006,0,Open,current
S77W,2007,0,Open,current
S77W,2008,0,Open,current
S77W,2009,0,Open,current
S77W,2010,0,Open,current
S77W,2011,0,Open,current
S77W,2012,0,Open,current
S77W,2013,0,Open,current
S77W,2014,0,Open,current
S77W,2015,0,Open,current
S77W,2016,0,Open,current
S77W,2017,0,Open,current
S77W,2018,0,Open,current
S77W,2019,0,Open,current
S77W,2020,0,Open,current
S77W,2021,0,Open,current
S77W,2022,0,Open,current
S77W,2023,0,Open,current
S77W,2024,0,Open,current
S77W,2025,0,Open,current
S77Y,1975,0,Open,current
S77Y,1976,0,Open,current
S77Y,1977,0,Open,current
S77Y,1978,0,Open,current
S77Y,1979,0,Open,current
S77Y,1980,0,Open,current
S77Y,1981,0,Open,current
S77Y,1982,0,Open,current
S77Y,1983,0,Open,current
S77Y,1984,0,Open,current
S77Y,1985,0,Open,current
S77Y,1986,0,Open,current
S77Y,1987,0,Open,current
S77Y,1988,0,Open,current
S77Y,1989,0,Open,current
S77Y,1990,0,Open,current
S77Y,1991,0,Open,current
S77Y,1992,0,Open,current
S77Y,1993,0,Open,current
S77Y,1994,0,Open,current
S77Y,1995,0,Open,current
S77Y,1996,0,Open,current
S77Y,1997,0,Open,current
S77Y,1998,0,Open,current
S77Y,1999,0,Open,current
S77Y,2000,0,Open,current
S77Y,2001,0,Open,current
S77Y,2002,0,Open,current
S77Y,2003,0,Open,current
S77Y,2004,0,Open,current
S77Y,2005,0,Open,current
S77Y,2006,0,Open,current
S77Y,2007,0,Open,current
S77Y,2008,0,Open,current
S77Y,2009,0,Open,current
S77Y,2010,0,Open,current
S77Y,2011,0,Open,current
S77Y,2012,0,Open,current
S77Y,2013,0,Open,current
S77Y,2014,0,Open,current
S77Y,2015,0,Open,current
S77Y,2016,0,Open,current
S77Y,2017,0,Open,current
S77Y,2018,0,Open,current
S77Y,2019,0,Open,current
S77Y,2020,0,Open,current
S77Y,2021,0,Open,current
S77Y,2022,0,Open,current
S77Y,2023,0,Open,current
S77Y,2024,0,Open,current
S77Y,2025,0,Open,current
S99A,1975,0,Open,historical-outside-range
S99A,1976,0,Open,historical-outside-range
S99A,1977,0,Open,historical-outside-range
S99A,1978,0,Open,historical-outside-range
S99A,1979,0,Open,historical-outside-range
S99A,1980,0,Open,historical-outside-range
S99A,1981,0,Open,historical-outside-range
S99A,1982,0,Open,historical-outside-range
S99A,1983,0,Open,historical-outside-range
S99A,1984,0,Open,historical-outside-range
S99A,1985,0,Open,historical-outside-range
S99A,1986,0,Open,historical-outside-range
S99A,1987,0,Open,historical-outside-range
S99A,1988,0,Open,historical-outside-range
S99A,1989,0,Open,historical-outside-range
S99A,1990,0,Open,historical-outside-range
S99A,1991,0,Open,historical-outside-range
S99A,1992,0,Open,historical-outside-range
S99A,1993,0,Open,historical-outside-range
S99A,1994,0,Open,historical-outside-range
S99A,1995,0,Open,historical-outside-range
S99A,1996,0,Open,historical-outside-range
S99A,1997,0,Open,historical-outside-range
S99A,1998,0,Open,historical-outside-range
S99A,1999,0,Open,historical-outside-range
S99A,2000,0,Open,historical-outside-range
S99A,2001,0,Open,historical-outside-range
S99A,2002,0,Open,historical-outside-range
S99A,2003,0,Open,historical-outside-range
S99A,2004,0,Open,historical-outside-range
S99A,2005,0,Open,historical-outside-range
S99A,2006,0,Open,historical-outside-range
S99A,2007,0,Open,historical-outside-range
S99A,2008,0,Open,historical-outside-range
S99A,2009,0,Open,historical-outside-range
S99A,2010,0,Open,historical-outside-range
S99A,2011,0,Open,historical-outside-range
S99A,2012,0,Open,historical-outside-range
S99A,2013,0,Open,historical-outside-range
S99A,2014,0,Open,historical-outside-range
S99A,2015,0,Open,historical-outside-range
S99A,2016,0,Open,historical-outside-range
S99A,2017,0,Open,historical-outside-range
S99A,2018,0,Open,historical-outside-range
S99A,2019,0,Open,historical-outside-range
S99A,2020,0,Open,historical-outside-range
S99A,2021,0,Open,historical-outside-range
S99A,2022,0,Open,historical-outside-range
S99A,2023,0,Open,historical-outside-range
S99A,2024,0,Open,historical-outside-range
S99A,2025,0,Open,historical-outside-range
S99H,1975,0,Open,current
S99H,1976,0,Open,current
S99H,1977,0,Open,current
S99H,1978,0,Open,current
S99H,1979,0,Open,current
S99H,1980,0,Open,current
S99H,1981,0,Open,current
S99H,1982,0,Open,current
S99H,1983,0,Open,current
S99H,1984,0,Open,current
S99H,1985,0,Open,current
S99H,1986,0,Open,current
S99H,1987,0,Open,current
S99H,1988,0,Open,current
S99H,1989,0,Open,current
S99H,1990,0,Open,current
S99H,1991,0,Open,current
S99H,1992,0,Open,current
S99H,1993,0,Open,current
S99H,1994,0,Open,current
S99H,1995,0,Open,current
S99H,1996,0,Open,current
S99H,1997,0,Open,current
S99H,1998,0,Open,current
S99H,1999,0,Open,current
S99H,2000,0,Open,current
S99H,2001,0,Open,current
S99H,2002,0,Open,current
S99H,2003,0,Open,current
S99H,2004,0,Open,current
S99H,2005,0,Open,current
S99H,2006,0,Open,current
S99H,2007,0,Open,current
S99H,2008,0,Open,current
S99H,2009,0,Open,current
S99H,2010,0,Open,current
S99H,2011,0,Open,current
S99H,2012,0,Open,current
S99H,2013,0,Open,current
S99H,2014,0,Open,current
S99H,2015,0,Open,current
S99H,2016,0,Open,current
S99H,2017,0,Open,current
S99H,2018,0,Open,current
S99H,2019,0,Open,current
S99H,2020,0,Open,current
S99H,2021,0,Open,current
S99H,2022,0,Open,current
S99H,2023,0,Open,current
S99H,2024,0,Open,current
S99H,2025,0,Open,current
T09B,1975,0,Open,historical
T09B,1976,0,Open,historical
T09B,1977,0,Open,historical
T09B,1978,0,Open,historical
T09B,1979,0,Open,historical
T09B,1980,0,Open,historical
T09B,1981,0,Open,historical
T09B,1982,0,Open,historical
T09B,1983,0,Open,historical
T09B,1984,0,Open,historical
T09B,1985,0,Open,historical-outside-range
T09B,1986,0,Open,historical-outside-range
T09B,1987,0,Open,historical-outside-range
T09B,1988,0,Open,historical-outside-range
T09B,1989,0,Open,historical-outside-range
T09B,1990,0,Open,historical-outside-range
T09B,1991,0,Open,historical-outside-range
T09B,1992,0,Open,historical-outside-range
T09B,1993,0,Open,historical-outside-range
T09B,1994,0,Open,historical-outside-range
T09B,1995,0,Open,historical-outside-range
T09B,1996,0,Open,historical-outside-range
T09B,1997,0,Open,historical-outside-range
T09B,1998,0,Open,historical-outside-range
T09B,1999,0,Open,historical-outside-range
T09B,2000,0,Open,historical-outside-range
T09B,2001,0,Open,historical-outside-range
T09B,2002,0,Open,historical-outside-range
T09B,2003,0,Open,historical-outside-range
T09B,2004,0,Open,historical-outside-range
T09B,2005,0,Open,historical-outside-range
T09B,2006,0,Open,historical-outside-range
T09B,2007,0,Open,historical-outside-range
T09B,2008,0,Open,historical-outside-range
T09B,2009,0,Open,historical-outside-range
T09B,2010,0,Open,historical-outside-range
T09B,2011,0,Open,historical-outside-range
T09B,2012,0,Open,historical-outside-range
T09B,2013,0,Open,historical-outside-range
T09B,2014,0,Open,historical-outside-range
T09B,2015,0,Open,historical-outside-range
T09B,2016,0,Open,historical-outside-range
T09B,2017,0,Open,historical-outside-range
T09B,2018,0,Open,historical-outside-range
T09B,2019,0,Open,historical-outside-range
T09B,2020,0,Open,historical-outside-range
T09B,2021,0,Open,historical-outside-range
T09B,2022,0,Open,historical-outside-range
T09B,2023,0,Open,historical-outside-range
T09B,2024,0,Open,historical-outside-range
T09B,2025,0,Open,historical-outside-range
T09D,1975,0,Open,current
T09D,1976,0,Open,current
T09D,1977,0,Open,current
T09D,1978,0,Open,current
T09D,1979,0,Open,current
T09D,1980,0,Open,current
T09D,1981,0,Open,current
T09D,1982,0,Open,current
T09D,1983,0,Open,current
T09D,1984,0,Open,current
T09D,1985,0,Open,historical
T09D,1986,0,Open,historical
T09D,1987,0,Open,historical
T09D,1988,0,Open,historical
T09D,1989,0,Open,historical
T09D,1990,0,Open,historical
T09D,1991,0,Open,historical
T09D,1992,0,Open,historical
T09D,1993,0,Open,historical
T09D,1994,0,Open,historical
T09D,1995,0,Open,historical
T09D,1996,0,Open,current
T09D,1997,0,Open,current
T09D,1998,0,Open,current
T09D,1999,0,Open,current
T09D,2000,0,Open,current
T09D,2001,0,Open,current
T09D,2002,0,Open,current
T09D,2003,0,Open,current
T09D,2004,0,Open,current
T09D,2005,0,Open,current
T09D,2006,0,Open,current
T09D,2007,0,Open,current
T09D,2008,0,Open,current
T09D,2009,0,Open,current
T09D,2010,0,Open,current
T09D,2011,0,Open,current
T09D,2012,0,Open,current
T09D,2013,0,Open,current
T09D,2014,0,Open,current
T09D,2015,0,Open,current
T09D,2016,0,Open,current
T09D,2017,0,Open,current
T09D,2018,0,Open,current
T09D,2019,0,Open,current
T09D,2020,0,Open,current
T09D,2021,0,Open,current
T09D,2022,0,Open,current
T09D,2023,0,Open,current
T09D,2024,0,Open,current
T09D,2025,0,Open,current
T09E,1975,0,Open,current
T09E,1976,0,Open,current
T09E,1977,0,Open,current
T09E,1978,0,Open,current
T09E,1979,0,Open,current
T09E,1980,0,Open,current
T09E,1981,0,Open,historical
T09E,1982,0,Open,historical
T09E,1983,0,Open,historical
T09E,1984,0,Open,historical
T09E,1985,0,Open,historical
T09E,1986,0,Open,historical
T09E,1987,0,Open,historical
T09E,1988,0,Open,historical
T09E,1989,0,Open,historical
T09E,1990,0,Open,historical
T09E,1991,0,Open,historical
T09E,1992,0,Open,historical
T09E,1993,0,Open,historical
T09E,1994,0,Open,historical
T09E,1995,0,Open,historical
T09E,1996,0,Open,current
T09E,1997,0,Open,current
T09E,1998,0,Open,current
T09E,1999,0,Open,current
T09E,2000,0,Open,current
T09E,2001,0,Open,current
T09E,2002,0,Open,current
T09E,2003,0,Open,current
T09E,2004,0,Open,current
T09E,2005,0,Open,current
T09E,2006,0,Open,current
T09E,2007,0,Open,current
T09E,2008,0,Open,current
T09E,2009,0,Open,current
T09E,2010,0,Open,current
T09E,2011,0,Open,current
T09E,2012,0,Open,current
T09E,2013,0,Open,current
T09E,2014,0,Open,current
T09E,2015,0,Open,current
T09E,2016,0,Open,current
T09E,2017,0,Open,current
T09E,2018,0,Open,current
T09E,2019,0,Open,current
T09E,2020,0,Open,current
T09E,2021,0,Open,current
T09E,2022,0,Open,current
T09E,2023,0,Open,current
T09E,2024,0,Open,current
T09E,2025,0,Open,current
T09H,1975,0,Open,current
T09H,1976,0,Open,current
T09H,1977,0,Open,current
T09H,1978,0,Open,current
T09H,1979,0,Open,current
T09H,1980,0,Open,current
T09H,1981,0,Open,historical
T09H,1982,0,Open,historical
T09H,1983,0,Open,historical
T09H,1984,0,Open,historical
T09H,1985,0,Open,historical
T09H,1986,0,Open,historical
T09H,1987,0,Open,historical
T09H,1988,0,Open,historical
T09H,1989,0,Open,historical
T09H,1990,0,Open,historical
T09H,1991,0,Open,historical
T09H,1992,0,Open,historical
T09H,1993,0,Open,historical
T09H,1994,0,Open,historical
T09H,1995,0,Open,historical
T09H,1996,0,Open,current
T09H,1997,0,Open,current
T09H,1998,0,Open,current
T09H,1999,0,Open,current
T09H,2000,0,Open,current
T09H,2001,0,Open,current
T09H,2002,0,Open,current
T09H,2003,0,Open,current
T09H,2004,0,Open,current
T09H,2005,0,Open,current
T09H,2006,0,Open,current
T09H,2007,0,Open,current
T09H,2008,0,Open,current
T09H,2009,0,Open,current
T09H,2010,0,Open,current
T09H,2011,0,Open,current
T09H,2012,0,Open,current
T09H,2013,0,Open,current
T09H,2014,0,Open,current
T09H,2015,0,Open,current
T09H,2016,0,Open,current
T09H,2017,0,Open,current
T09H,2018,0,Open,current
T09H,2019,0,Open,current
T09H,2020,0,Open,current
T09H,2021,0,Open,current
T09H,2022,0,Open,current
T09H,2023,0,Open,current
T09H,2024,0,Open,current
T09H,2025,0,Open,current
T09K,1975,0,Open,current
T09K,1976,0,Open,current
T09K,1977,0,Open,current
T09K,1978,0,Open,current
T09K,1979,0,Open,current
T09K,1980,0,Open,current
T09K,1981,0,Open,current
T09K,1982,0,Open,current
T09K,1983,0,Open,current
T09K,1984,0,Open,current
T09K,1985,0,Open,historical
T09K,1986,0,Open,historical
T09K,1987,0,Open,historical
T09K,1988,0,Open,historical
T09K,1989,0,Open,historical
T09K,1990,0,Open,historical
T09K,1991,0,Open,historical
T09K,1992,0,Open,historical
T09K,1993,0,Open,historical
T09K,1994,0,Open,historical
T09K,1995,0,Open,historical
T09K,1996,0,Open,current
T09K,1997,0,Open,current
T09K,1998,0,Open,current
T09K,1999,0,Open,current
T09K,2000,0,Open,current
T09K,2001,0,Open,current
T09K,2002,0,Open,current
T09K,2003,0,Open,current
T09K,2004,0,Open,current
T09K,2005,0,Open,current
T09K,2006,0,Open,current
T09K,2007,0,Open,current
T09K,2008,0,Open,current
T09K,2009,0,Open,current
T09K,2010,0,Open,current
T09K,2011,0,Open,current
T09K,2012,0,Open,current
T09K,2013,0,Open,current
T09K,2014,0,Open,current
T09K,2015,0,Open,current
T09K,2016,0,Open,current
T09K,2017,0,Open,current
T09K,2018,0,Open,current
T09K,2019,0,Open,current
T09K,2020,0,Open,current
T09K,2021,0,Open,current
T09K,2022,0,Open,current
T09K,2023,0,Open,current
T09K,2024,0,Open,current
T09K,2025,0,Open,current
T09L,1975,0,Open,current
T09L,1976,0,Open,current
T09L,1977,0,Open,current
T09L,1978,0,Open,current
T09L,1979,0,Open,current
T09L,1980,0,Open,current
T09L,1981,0,Open,current
T09L,1982,0,Open,current
T09L,1983,0,Open,current
T09L,1984,0,Open,current
T09L,1985,0,Open,current
T09L,1986,0,Open,current
T09L,1987,0,Open,current
T09L,1988,0,Open,current
T09L,1989,0,Open,current
T09L,1990,0,Open,current
T09L,1991,0,Open,current
T09L,1992,0,Open,current
T09L,1993,0,Open,current
T09L,1994,0,Open,current
T09L,1995,0,Open,current
T09L,1996,0,Open,current
T09L,1997,0,Open,current
T09L,1998,0,Open,current
T09L,1999,0,Open,current
T09L,2000,0,Open,current
T09L,2001,0,Open,current
T09L,2002,0,Open,current
T09L,2003,0,Open,current
T09L,2004,0,Open,current
T09L,2005,0,Open,historical
T09L,2006,0,Open,historical
T09L,2007,0,Open,historical
T09L,2008,0,Open,historical
T09L,2009,0,Open,historical
T09L,2010,0,Open,historical
T09L,2011,0,Open,historical
T09L,2012,0,Open,historical
T09L,2013,0,Open,historical
T09L,2014,0,Open,historical
T09L,2015,0,Open,historical
T09L,2016,0,Open,historical
T09L,2017,0,Open,historical
T09L,2018,0,Open,historical
T09L,2019,0,Open,historical
T09L,2020,0,Open,historical
T09L,2021,0,Open,historical
T09L,2022,0,Open,current
T09L,2023,0,Open,current
T09L,2024,0,Open,current
T09L,2025,0,Open,current
T09M,1975,0,Open,current
T09M,1976,0,Open,current
T09M,1977,0,Open,current
T09M,1978,0,Open,current
T09M,1979,0,Open,current
T09M,1980,0,Open,current
T09M,1981,0,Open,current
T09M,1982,0,Open,current
T09M,1983,0,Open,current
T09M,1984,0,Open,current
T09M,1985,0,Open,historical
T09M,1986,0,Open,historical
T09M,1987,0,Open,historical
T09M,1988,0,Open,historical
T09M,1989,0,Open,historical
T09M,1990,0,Open,historical
T09M,1991,0,Open,historical
T09M,1992,0,Open,historical
T09M,1993,0,Open,historical
T09M,1994,0,Open,historical
T09M,1995,0,Open,historical
T09M,1996,0,Open,current
T09M,1997,0,Open,current
T09M,1998,0,Open,current
T09M,1999,0,Open,current
T09M,2000,0,Open,current
T09M,2001,0,Open,current
T09M,2002,0,Open,current
T09M,2003,0,Open,current
T09M,2004,0,Open,current
T09M,2005,0,Open,current
T09M,2006,0,Open,current
T09M,2007,0,Open,current
T09M,2008,0,Open,current
T09M,2009,0,Open,current
T09M,2010,0,Open,current
T09M,2011,0,Open,current
T09M,2012,0,Open,current
T09M,2013,0,Open,current
T09M,2014,0,Open,current
T09M,2015,0,Open,current
T09M,2016,0,Open,current
T09M,2017,0,Open,current
T09M,2018,0,Open,current
T09M,2019,0,Open,current
T09M,2020,0,Open,current
T09M,2021,0,Open,current
T09M,2022,0,Open,current
T09M,2023,0,Open,current
T09M,2024,0,Open,current
T09M,2025,0,Open,current
T09O,1975,0,Open,current
T09O,1976,0,Open,current
T09O,1977,0,Open,current
T09O,1978,0,Open,current
T09O,1979,0,Open,current
T09O,1980,0,Open,current
T09O,1981,0,Open,current
T09O,1982,0,Open,current
T09O,1983,0,Open,current
T09O,1984,0,Open,current
T09O,1985,0,Open,historical
T09O,1986,0,Open,historical
T09O,1987,0,Open,historical
T09O,1988,0,Open,historical
T09O,1989,0,Open,historical
T09O,1990,0,Open,historical
T09O,1991,0,Open,historical
T09O,1992,0,Open,historical
T09O,1993,0,Open,historical
T09O,1994,0,Open,historical
T09O,1995,0,Open,historical
T09O,1996,0,Open,current
T09O,1997,0,Open,current
T09O,1998,0,Open,current
T09O,1999,0,Open,current
T09O,2000,0,Open,current
T09O,2001,0,Open,current
T09O,2002,0,Open,current
T09O,2003,0,Open,current
T09O,2004,0,Open,current
T09O,2005,0,Open,current
T09O,2006,0,Open,current
T09O,2007,0,Open,current
T09O,2008,0,Open,current
T09O,2009,0,Open,current
T09O,2010,0,Open,current
T09O,2011,0,Open,current
T09O,2012,0,Open,current
T09O,2013,0,Open,current
T09O,2014,0,Open,current
T09O,2015,0,Open,current
T09O,2016,0,Open,current
T09O,2017,0,Open,current
T09O,2018,0,Open,current
T09O,2019,0,Open,current
T09O,2020,0,Open,current
T09O,2021,0,Open,current
T09O,2022,0,Open,current
T09O,2023,0,Open,current
T09O,2024,0,Open,current
T09O,2025,0,Open,current
T09Q,1975,0,Open,current
T09Q,1976,0,Open,current
T09Q,1977,0,Open,current
T09Q,1978,0,Open,current
T09Q,1979,0,Open,current
T09Q,1980,0,Open,current
T09Q,1981,0,Open,current
T09Q,1982,0,Open,current
T09Q,1983,0,Open,current
T09Q,1984,0,Open,current
T09Q,1985,0,Open,historical
T09Q,1986,0,Open,historical
T09Q,1987,0,Open,historical
T09Q,1988,0,Open,historical
T09Q,1989,0,Open,historical
T09Q,1990,0,Open,historical
T09Q,1991,0,Open,historical
T09Q,1992,0,Open,historical
T09Q,1993,0,Open,historical
T09Q,1994,0,Open,historical
T09Q,1995,0,Open,historical
T09Q,1996,0,Open,historical
T09Q,1997,0,Open,current
T09Q,1998,0,Open,current
T09Q,1999,0,Open,current
T09Q,2000,0,Open,current
T09Q,2001,0,Open,current
T09Q,2002,0,Open,current
T09Q,2003,0,Open,current
T09Q,2004,0,Open,current
T09Q,2005,0,Open,current
T09Q,2006,0,Open,current
T09Q,2007,0,Open,current
T09Q,2008,0,Open,current
T09Q,2009,0,Open,current
T09Q,2010,0,Open,current
T09Q,2011,0,Open,current
T09Q,2012,0,Open,current
T09Q,2013,0,Open,current
T09Q,2014,0,Open,current
T09Q,2015,0,Open,current
T09Q,2016,0,Open,current
T09Q,2017,0,Open,current
T09Q,2018,0,Open,current
T09Q,2019,0,Open,current
T09Q,2020,0,Open,current
T09Q,2021,0,Open,current
T09Q,2022,0,Open,current
T09Q,2023,0,Open,current
T09Q,2024,0,Open,current
T09Q,2025,0,Open,current
T09QA,1975,0,Open,current
T09QA,1976,0,Open,current
T09QA,1977,0,Open,current
T09QA,1978,0,Open,current
T09QA,1979,0,Open,current
T09QA,1980,0,Open,current
T09QA,1981,0,Open,current
T09QA,1982,0,Open,current
T09QA,1983,0,Open,current
T09QA,1984,0,Open,current
T09QA,1985,0,Open,current
T09QA,1986,0,Open,current
T09QA,1987,0,Open,current
T09QA,1988,0,Open,current
T09QA,1989,0,Open,current
T09QA,1990,0,Open,current
T09QA,1991,0,Open,current
T09QA,1992,0,Open,current
T09QA,1993,0,Open,current
T09QA,1994,0,Open,current
T09QA,1995,0,Open,current
T09QA,1996,0,Open,current
T09QA,1997,0,Open,current
T09QA,1998,0,Open,historical
T09QA,1999,0,Open,historical
T09QA,2000,0,Open,historical
T09QA,2001,0,Open,historical
T09QA,2002,0,Open,historical
T09QA,2003,0,Open,historical
T09QA,2004,0,Open,historical
T09QA,2005,0,Open,historical
T09QA,2006,0,Open,historical
T09QA,2007,0,Open,historical
T09QA,2008,0,Open,historical
T09QA,2009,0,Open,historical
T09QA,2010,0,Open,historical
T09QA,2011,0,Open,historical
T09QA,2012,0,Open,historical
T09QA,2013,0,Open,historical
T09QA,2014,0,Open,historical
T09QA,2015,0,Open,historical
T09QA,2016,0,Open,historical
T09QA,2017,0,Open,historical
T09QA,2018,0,Open,historical
T09QA,2019,0,Open,historical
T09QA,2020,0,Open,historical
T09QA,2021,0,Open,historical
T09QA,2022,0,Open,current
T09QA,2023,0,Open,current
T09QA,2024,0,Open,current
T09QA,2025,0,Open,current
T09QB,1975,0,Open,current
T09QB,1976,0,Open,current
T09QB,1977,0,Open,current
T09QB,1978,0,Open,current
T09QB,1979,0,Open,current
T09QB,1980,0,Open,current
T09QB,1981,0,Open,current
T09QB,1982,0,Open,current
T09QB,1983,0,Open,current
T09QB,1984,0,Open,current
T09QB,1985,0,Open,current
T09QB,1986,0,Open,current
T09QB,1987,0,Open,current
T09QB,1988,0,Open,current
T09QB,1989,0,Open,current
T09QB,1990,0,Open,current
T09QB,1991,0,Open,current
T09QB,1992,0,Open,current
T09QB,1993,0,Open,current
T09QB,1994,0,Open,current
T09QB,1995,0,Open,current
T09QB,1996,0,Open,current
T09QB,1997,0,Open,current
T09QB,1998,0,Open,current
T09QB,1999,0,Open,current
T09QB,2000,0,Open,current
T09QB,2001,0,Open,current
T09QB,2002,0,Open,current
T09QB,2003,0,Open,current
T09QB,2004,0,Open,current
T09QB,2005,0,Open,current
T09QB,2006,0,Open,current
T09QB,2007,0,Open,current
T09QB,2008,0,Open,current
T09QB,2009,0,Open,current
T09QB,2010,0,Open,current
T09QB,2011,0,Open,current
T09QB,2012,0,Open,current
T09QB,2013,0,Open,current
T09QB,2014,0,Open,current
T09QB,2015,0,Open,current
T09QB,2016,0,Open,current
T09QB,2017,0,Open,current
T09QB,2018,0,Open,current
T09QB,2019,0,Open,current
T09QB,2020,0,Open,current
T09QB,2021,0,Open,current
T09QB,2022,0,Open,current
T09QB,2023,0,Open,current
T09QB,2024,0,Open,current
T09QB,2025,0,Open,current
T09QC,1975,0,Open,current
T09QC,1976,0,Open,current
T09QC,1977,0,Open,current
T09QC,1978,0,Open,current
T09QC,1979,0,Open,current
T09QC,1980,0,Open,current
T09QC,1981,0,Open,current
T09QC,1982,0,Open,current
T09QC,1983,0,Open,current
T09QC,1984,0,Open,current
T09QC,1985,0,Open,current
T09QC,1986,0,Open,current
T09QC,1987,0,Open,current
T09QC,1988,0,Open,current
T09QC,1989,0,Open,current
T09QC,1990,0,Open,current
T09QC,1991,0,Open,current
T09QC,1992,0,Open,current
T09QC,1993,0,Open,current
T09QC,1994,0,Open,current
T09QC,1995,0,Open,current
T09QC,1996,0,Open,current
T09QC,1997,0,Open,current
T09QC,1998,0,Open,historical
T09QC,1999,0,Open,historical
T09QC,2000,0,Open,historical
T09QC,2001,0,Open,historical
T09QC,2002,0,Open,historical
T09QC,2003,0,Open,historical
T09QC,2004,0,Open,historical
T09QC,2005,0,Open,historical
T09QC,2006,0,Open,historical
T09QC,2007,0,Open,historical
T09QC,2008,0,Open,historical
T09QC,2009,0,Open,historical
T09QC,2010,0,Open,historical
T09QC,2011,0,Open,historical
T09QC,2012,0,Open,historical
T09QC,2013,0,Open,historical
T09QC,2014,0,Open,historical
T09QC,2015,0,Open,historical
T09QC,2016,0,Open,historical
T09QC,2017,0,Open,historical
T09QC,2018,0,Open,historical
T09QC,2019,0,Open,historical
T09QC,2020,0,Open,historical
T09QC,2021,0,Open,historical
T09QC,2022,0,Open,current
T09QC,2023,0,Open,current
T09QC,2024,0,Open,current
T09QC,2025,0,Open,current
T09QD,1975,0,Open,current
T09QD,1976,0,Open,current
T09QD,1977,0,Open,current
T09QD,1978,0,Open,current
T09QD,1979,0,Open,current
T09QD,1980,0,Open,current
T09QD,1981,0,Open,current
T09QD,1982,0,Open,current
T09QD,1983,0,Open,current
T09QD,1984,0,Open,current
T09QD,1985,0,Open,current
T09QD,1986,0,Open,current
T09QD,1987,0,Open,current
T09QD,1988,0,Open,current
T09QD,1989,0,Open,current
T09QD,1990,0,Open,current
T09QD,1991,0,Open,current
T09QD,1992,0,Open,current
T09QD,1993,0,Open,current
T09QD,1994,0,Open,current
T09QD,1995,0,Open,current
T09QD,1996,0,Open,current
T09QD,1997,0,Open,current
T09QD,1998,0,Open,historical
T09QD,1999,0,Open,historical
T09QD,2000,0,Open,historical
T09QD,2001,0,Open,historical
T09QD,2002,0,Open,historical
T09QD,2003,0,Open,historical
T09QD,2004,0,Open,historical
T09QD,2005,0,Open,historical
T09QD,2006,0,Open,historical
T09QD,2007,0,Open,historical
T09QD,2008,0,Open,historical
T09QD,2009,0,Open,historical
T09QD,2010,0,Open,historical
T09QD,2011,0,Open,historical
T09QD,2012,0,Open,historical
T09QD,2013,0,Open,historical
T09QD,2014,0,Open,historical
T09QD,2015,0,Open,historical
T09QD,2016,0,Open,historical
T09QD,2017,0,Open,historical
T09QD,2018,0,Open,historical
T09QD,2019,0,Open,historical
T09QD,2020,0,Open,historical
T09QD,2021,0,Open,historical
T09QD,2022,0,Open,current
T09QD,2023,0,Open,current
T09QD,2024,0,Open,current
T09QD,2025,0,Open,current
T09QE,1975,0,Open,current
T09QE,1976,0,Open,current
T09QE,1977,0,Open,current
T09QE,1978,0,Open,current
T09QE,1979,0,Open,current
T09QE,1980,0,Open,current
T09QE,1981,0,Open,current
T09QE,1982,0,Open,current
T09QE,1983,0,Open,current
T09QE,1984,0,Open,current
T09QE,1985,0,Open,current
T09QE,1986,0,Open,current
T09QE,1987,0,Open,current
T09QE,1988,0,Open,current
T09QE,1989,0,Open,current
T09QE,1990,0,Open,current
T09QE,1991,0,Open,current
T09QE,1992,0,Open,current
T09QE,1993,0,Open,current
T09QE,1994,0,Open,current
T09QE,1995,0,Open,current
T09QE,1996,0,Open,current
T09QE,1997,0,Open,current
T09QE,1998,0,Open,historical
T09QE,1999,0,Open,historical
T09QE,2000,0,Open,historical
T09QE,2001,0,Open,historical
T09QE,2002,0,Open,historical
T09QE,2003,0,Open,historical
T09QE,2004,0,Open,historical
T09QE,2005,0,Open,historical
T09QE,2006,0,Open,historical
T09QE,2007,0,Open,historical
T09QE,2008,0,Open,historical
T09QE,2009,0,Open,historical
T09QE,2010,0,Open,historical
T09QE,2011,0,Open,historical
T09QE,2012,0,Open,historical
T09QE,2013,0,Open,historical
T09QE,2014,0,Open,historical
T09QE,2015,0,Open,historical
T09QE,2016,0,Open,historical
T09QE,2017,0,Open,historical
T09QE,2018,0,Open,historical
T09QE,2019,0,Open,historical
T09QE,2020,0,Open,historical
T09QE,2021,0,Open,historical
T09QE,2022,0,Open,current
T09QE,2023,0,Open,current
T09QE,2024,0,Open,current
T09QE,2025,0,Open,current
T09QF,1975,0,Open,current
T09QF,1976,0,Open,current
T09QF,1977,0,Open,current
T09QF,1978,0,Open,current
T09QF,1979,0,Open,current
T09QF,1980,0,Open,current
T09QF,1981,0,Open,current
T09QF,1982,0,Open,current
T09QF,1983,0,Open,current
T09QF,1984,0,Open,current
T09QF,1985,0,Open,current
T09QF,1986,0,Open,current
T09QF,1987,0,Open,current
T09QF,1988,0,Open,current
T09QF,1989,0,Open,current
T09QF,1990,0,Open,current
T09QF,1991,0,Open,current
T09QF,1992,0,Open,current
T09QF,1993,0,Open,current
T09QF,1994,0,Open,current
T09QF,1995,0,Open,current
T09QF,1996,0,Open,current
T09QF,1997,0,Open,current
T09QF,1998,0,Open,historical
T09QF,1999,0,Open,historical
T09QF,2000,0,Open,historical
T09QF,2001,0,Open,historical
T09QF,2002,0,Open,historical
T09QF,2003,0,Open,historical
T09QF,2004,0,Open,historical
T09QF,2005,0,Open,historical
T09QF,2006,0,Open,historical
T09QF,2007,0,Open,historical
T09QF,2008,0,Open,historical
T09QF,2009,0,Open,historical
T09QF,2010,0,Open,historical
T09QF,2011,0,Open,historical
T09QF,2012,0,Open,historical
T09QF,2013,0,Open,historical
T09QF,2014,0,Open,historical
T09QF,2015,0,Open,historical
T09QF,2016,0,Open,historical
T09QF,2017,0,Open,historical
T09QF,2018,0,Open,historical
T09QF,2019,0,Open,historical
T09QF,2020,0,Open,historical
T09QF,2021,0,Open,historical
T09QF,2022,0,Open,current
T09QF,2023,0,Open,current
T09QF,2024,0,Open,current
T09QF,2025,0,Open,current
T09R,1975,0,Open,historical-outside-range
T09R,1976,0,Open,historical-outside-range
T09R,1977,0,Open,historical-outside-range
T09R,1978,0,Open,historical-outside-range
T09R,1979,0,Open,historical-outside-range
T09R,1980,0,Open,historical-outside-range
T09R,1981,0,Open,historical-outside-range
T09R,1982,0,Open,historical-outside-range
T09R,1983,0,Open,historical-outside-range
T09R,1984,0,Open,historical-outside-range
T09R,1985,0,Open,historical
T09R,1986,0,Open,historical
T09R,1987,0,Open,historical
T09R,1988,0,Open,historical
T09R,1989,0,Open,historical
T09R,1990,0,Open,historical
T09R,1991,0,Open,historical
T09R,1992,0,Open,historical
T09R,1993,0,Open,historical
T09R,1994,0,Open,historical-outside-range
T09R,1995,0,Open,historical-outside-range
T09R,1996,0,Open,historical-outside-range
T09R,1997,0,Open,historical-outside-range
T09R,1998,0,Open,historical-outside-range
T09R,1999,0,Open,historical-outside-range
T09R,2000,0,Open,historical-outside-range
T09R,2001,0,Open,historical-outside-range
T09R,2002,0,Open,historical-outside-range
T09R,2003,0,Open,historical-outside-range
T09R,2004,0,Open,historical-outside-range
T09R,2005,0,Open,historical-outside-range
T09R,2006,0,Open,historical-outside-range
T09R,2007,0,Open,historical-outside-range
T09R,2008,0,Open,historical-outside-range
T09R,2009,0,Open,historical-outside-range
T09R,2010,0,Open,historical-outside-range
T09R,2011,0,Open,historical-outside-range
T09R,2012,0,Open,historical-outside-range
T09R,2013,0,Open,historical-outside-range
T09R,2014,0,Open,historical-outside-range
T09R,2015,0,Open,historical-outside-range
T09R,2016,0,Open,historical-outside-range
T09R,2017,0,Open,historical-outside-range
T09R,2018,0,Open,historical-outside-range
T09R,2019,0,Open,historical-outside-range
T09R,2020,0,Open,historical-outside-range
T09R,2021,0,Open,historical-outside-range
T09R,2022,0,Open,historical-outside-range
T09R,2023,0,Open,historical-outside-range
T09R,2024,0,Open,historical-outside-range
T09R,2025,0,Open,historical-outside-range
T10A,1975,0,Open,current
T10A,1976,0,Open,current
T10A,1977,0,Open,current
T10A,1978,0,Open,current
T10A,1979,0,Open,current
T10A,1980,0,Open,current
T10A,1981,0,Open,current
T10A,1982,0,Open,current
T10A,1983,0,Open,current
T10A,1984,0,Open,current
T10A,1985,0,Open,current
T10A,1986,0,Open,current
T10A,1987,0,Open,current
T10A,1988,0,Open,current
T10A,1989,0,Open,current
T10A,1990,0,Open,current
T10A,1991,0,Open,historical
T10A,1992,0,Open,historical
T10A,1993,0,Open,historical
T10A,1994,0,Open,historical
T10A,1995,0,Open,historical
T10A,1996,0,Open,historical
T10A,1997,0,Open,historical
T10A,1998,0,Open,historical
T10A,1999,0,Open,historical
T10A,2000,0,Open,historical
T10A,2001,0,Open,historical
T10A,2002,0,Open,historical
T10A,2003,0,Open,historical
T10A,2004,0,Open,historical
T10A,2005,0,Open,historical
T10A,2006,0,Open,historical
T10A,2007,0,Open,historical
T10A,2008,0,Open,historical
T10A,2009,0,Open,historical
T10A,2010,0,Open,historical
T10A,2011,0,Open,historical
T10A,2012,0,Open,historical
T10A,2013,0,Open,historical
T10A,2014,0,Open,historical
T10A,2015,0,Open,historical
T10A,2016,0,Open,historical
T10A,2017,0,Open,historical
T10A,2018,0,Open,historical
T10A,2019,0,Open,historical
T10A,2020,0,Open,historical
T10A,2021,0,Open,historical
T10A,2022,0,Open,current
T10A,2023,0,Open,current
T10A,2024,0,Open,current
T10A,2025,0,Open,current
T10D,1975,0,Open,current
T10D,1976,0,Open,current
T10D,1977,0,Open,current
T10D,1978,0,Open,current
T10D,1979,0,Open,current
T10D,1980,0,Open,current
T10D,1981,0,Open,current
T10D,1982,0,Open,current
T10D,1983,0,Open,current
T10D,1984,0,Open,current
T10D,1985,0,Open,current
T10D,1986,0,Open,current
T10D,1987,0,Open,current
T10D,1988,0,Open,current
T10D,1989,0,Open,current
T10D,1990,0,Open,current
T10D,1991,0,Open,historical
T10D,1992,0,Open,historical
T10D,1993,0,Open,historical
T10D,1994,0,Open,historical
T10D,1995,0,Open,historical
T10D,1996,0,Open,historical
T10D,1997,0,Open,historical
T10D,1998,0,Open,historical
T10D,1999,0,Open,historical
T10D,2000,0,Open,historical
T10D,2001,0,Open,historical
T10D,2002,0,Open,historical
T10D,2003,0,Open,historical
T10D,2004,0,Open,historical
T10D,2005,0,Open,historical
T10D,2006,0,Open,historical
T10D,2007,0,Open,historical
T10D,2008,0,Open,historical
T10D,2009,0,Open,historical
T10D,2010,0,Open,historical
T10D,2011,0,Open,historical
T10D,2012,0,Open,historical
T10D,2013,0,Open,historical
T10D,2014,0,Open,historical
T10D,2015,0,Open,historical
T10D,2016,0,Open,historical
T10D,2017,0,Open,historical
T10D,2018,0,Open,historical
T10D,2019,0,Open,historical
T10D,2020,0,Open,historical
T10D,2021,0,Open,historical
T10D,2022,0,Open,current
T10D,2023,0,Open,current
T10D,2024,0,Open,current
T10D,2025,0,Open,current
T10E,1975,0,Open,historical-outside-range
T10E,1976,0,Open,historical-outside-range
T10E,1977,0,Open,historical-outside-range
T10E,1978,0,Open,historical-outside-range
T10E,1979,0,Open,historical-outside-range
T10E,1980,0,Open,historical-outside-range
T10E,1981,0,Open,historical-outside-range
T10E,1982,0,Open,historical-outside-range
T10E,1983,0,Open,historical-outside-range
T10E,1984,0,Open,historical-outside-range
T10E,1985,0,Open,historical-outside-range
T10E,1986,0,Open,historical-outside-range
T10E,1987,0,Open,historical-outside-range
T10E,1988,0,Open,historical-outside-range
T10E,1989,0,Open,historical-outside-range
T10E,1990,0,Open,historical-outside-range
T10E,1991,0,Open,historical-outside-range
T10E,1992,0,Open,historical-outside-range
T10E,1993,0,Open,historical-outside-range
T10E,1994,0,Open,historical-outside-range
T10E,1995,0,Open,historical-outside-range
T10E,1996,0,Open,historical-outside-range
T10E,1997,0,Open,historical-outside-range
T10E,1998,0,Open,historical-outside-range
T10E,1999,0,Open,historical-outside-range
T10E,2000,0,Open,historical-outside-range
T10E,2001,0,Open,historical-outside-range
T10E,2002,0,Open,historical-outside-range
T10E,2003,0,Open,historical-outside-range
T10E,2004,0,Open,historical-outside-range
T10E,2005,0,Open,historical-outside-range
T10E,2006,0,Open,historical-outside-range
T10E,2007,0,Open,historical-outside-range
T10E,2008,0,Open,historical-outside-range
T10E,2009,0,Open,historical-outside-range
T10E,2010,0,Open,historical-outside-range
T10E,2011,0,Open,historical-outside-range
T10E,2012,0,Open,historical-outside-range
T10E,2013,0,Open,historical-outside-range
T10E,2014,0,Open,historical-outside-range
T10E,2015,0,Open,historical-outside-range
T10E,2016,0,Open,historical-outside-range
T10E,2017,0,Open,historical-outside-range
T10E,2018,0,Open,historical-outside-range
T10E,2019,0,Open,historical-outside-range
T10E,2020,0,Open,historical-outside-range
T10E,2021,0,Open,historical-outside-range
T10E,2022,0,Open,historical-outside-range
T10E,2023,0,Open,historical-outside-range
T10E,2024,0,Open,historical-outside-range
T10E,2025,0,Open,historical-outside-range
T10H,1975,0,Open,historical-outside-range
T10H,1976,0,Open,historical-outside-range
T10H,1977,0,Open,historical-outside-range
T10H,1978,0,Open,historical-outside-range
T10H,1979,0,Open,historical-outside-range
T10H,1980,0,Open,historical-outside-range
T10H,1981,0,Open,historical-outside-range
T10H,1982,0,Open,historical-outside-range
T10H,1983,0,Open,historical-outside-range
T10H,1984,0,Open,historical-outside-range
T10H,1985,0,Open,historical-outside-range
T10H,1986,0,Open,historical-outside-range
T10H,1987,0,Open,historical-outside-range
T10H,1988,0,Open,historical-outside-range
T10H,1989,0,Open,historical-outside-range
T10H,1990,0,Open,historical-outside-range
T10H,1991,0,Open,historical
T10H,1992,0,Open,historical
T10H,1993,0,Open,historical-outside-range
T10H,1994,0,Open,historical-outside-range
T10H,1995,0,Open,historical-outside-range
T10H,1996,0,Open,historical-outside-range
T10H,1997,0,Open,historical-outside-range
T10H,1998,0,Open,historical-outside-range
T10H,1999,0,Open,historical-outside-range
T10H,2000,0,Open,historical-outside-range
T10H,2001,0,Open,historical-outside-range
T10H,2002,0,Open,historical-outside-range
T10H,2003,0,Open,historical-outside-range
T10H,2004,0,Open,historical-outside-range
T10H,2005,0,Open,historical-outside-range
T10H,2006,0,Open,historical-outside-range
T10H,2007,0,Open,historical-outside-range
T10H,2008,0,Open,historical-outside-range
T10H,2009,0,Open,historical-outside-range
T10H,2010,0,Open,historical-outside-range
T10H,2011,0,Open,historical-outside-range
T10H,2012,0,Open,historical-outside-range
T10H,2013,0,Open,historical-outside-range
T10H,2014,0,Open,historical-outside-range
T10H,2015,0,Open,historical-outside-range
T10H,2016,0,Open,historical-outside-range
T10H,2017,0,Open,historical-outside-range
T10H,2018,0,Open,historical-outside-range
T10H,2019,0,Open,historical-outside-range
T10H,2020,0,Open,historical-outside-range
T10H,2021,0,Open,historical-outside-range
T10H,2022,0,Open,historical-outside-range
T10H,2023,0,Open,historical-outside-range
T10H,2024,0,Open,historical-outside-range
T10H,2025,0,Open,historical-outside-range
T19A,1975,1,Limited,current
T19A,1976,1,Limited,current
T19A,1977,1,Limited,current
T19A,1978,1,Limited,current
T19A,1979,1,Limited,current
T19A,1980,1,Limited,current
T19A,1981,1,Limited,current
T19A,1982,1,Limited,current
T19A,1983,1,Limited,current
T19A,1984,1,Limited,current
T19A,1985,1,Limited,historical
T19A,1986,1,Limited,historical
T19A,1987,1,Limited,historical
T19A,1988,1,Limited,historical
T19A,1989,1,Limited,historical
T19A,1990,1,Limited,historical
T19A,1991,1,Limited,historical
T19A,1992,1,Limited,historical
T19A,1993,1,Limited,historical
T19A,1994,1,Limited,historical
T19A,1995,1,Limited,historical
T19A,1996,1,Limited,historical
T19A,1997,1,Limited,historical
T19A,1998,1,Limited,historical
T19A,1999,1,Limited,historical
T19A,2000,1,Limited,historical
T19A,2001,1,Limited,historical
T19A,2002,1,Limited,historical
T19A,2003,1,Limited,historical
T19A,2004,1,Limited,historical
T19A,2005,1,Limited,historical
T19A,2006,1,Limited,historical
T19A,2007,1,Limited,historical
T19A,2008,1,Limited,historical
T19A,2009,1,Limited,historical
T19A,2010,1,Limited,historical
T19A,2011,1,Limited,historical
T19A,2012,1,Limited,historical
T19A,2013,1,Limited,historical
T19A,2014,1,Limited,historical
T19A,2015,1,Limited,historical
T19A,2016,1,Limited,historical
T19A,2017,1,Limited,historical
T19A,2018,1,Limited,historical
T19A,2019,1,Limited,historical
T19A,2020,1,Limited,historical
T19A,2021,1,Limited,historical
T19A,2022,1,Limited,current
T19A,2023,1,Limited,current
T19A,2024,1,Limited,current
T19A,2025,1,Limited,current
T91B,1975,0,Open,historical
T91B,1976,0,Open,historical
T91B,1977,0,Open,historical
T91B,1978,0,Open,historical
T91B,1979,0,Open,historical
T91B,1980,0,Open,historical
T91B,1981,0,Open,historical
T91B,1982,0,Open,historical
T91B,1983,0,Open,historical
T91B,1984,0,Open,historical
T91B,1985,0,Open,historical-outside-range
T91B,1986,0,Open,historical-outside-range
T91B,1987,0,Open,historical-outside-range
T91B,1988,0,Open,historical-outside-range
T91B,1989,0,Open,historical-outside-range
T91B,1990,0,Open,historical-outside-range
T91B,1991,0,Open,historical-outside-range
T91B,1992,0,Open,historical-outside-range
T91B,1993,0,Open,historical-outside-range
T91B,1994,0,Open,historical-outside-range
T91B,1995,0,Open,historical-outside-range
T91B,1996,0,Open,historical-outside-range
T91B,1997,0,Open,historical-outside-range
T91B,1998,0,Open,historical-outside-range
T91B,1999,0,Open,historical-outside-range
T91B,2000,0,Open,historical-outside-range
T91B,2001,0,Open,historical-outside-range
T91B,2002,0,Open,historical-outside-range
T91B,2003,0,Open,historical-outside-range
T91B,2004,0,Open,historical-outside-range
T91B,2005,0,Open,historical-outside-range
T91B,2006,0,Open,historical-outside-range
T91B,2007,0,Open,historical-outside-range
T91B,2008,0,Open,historical-outside-range
T91B,2009,0,Open,historical-outside-range
T91B,2010,0,Open,historical-outside-range
T91B,2011,0,Open,historical-outside-range
T91B,2012,0,Open,historical-outside-range
T91B,2013,0,Open,historical-outside-range
T91B,2014,0,Open,historical-outside-range
T91B,2015,0,Open,historical-outside-range
T91B,2016,0,Open,historical-outside-range
T91B,2017,0,Open,historical-outside-range
T91B,2018,0,Open,historical-outside-range
T91B,2019,0,Open,historical-outside-range
T91B,2020,0,Open,historical-outside-range
T91B,2021,0,Open,historical-outside-range
T91B,2022,0,Open,historical-outside-range
T91B,2023,0,Open,historical-outside-range
T91B,2024,0,Open,historical-outside-range
T91B,2025,0,Open,historical-outside-range
T91D,1975,0,Open,current
T91D,1976,0,Open,current
T91D,1977,0,Open,current
T91D,1978,0,Open,current
T91D,1979,0,Open,current
T91D,1980,0,Open,current
T91D,1981,0,Open,current
T91D,1982,0,Open,current
T91D,1983,0,Open,current
T91D,1984,0,Open,current
T91D,1985,0,Open,historical
T91D,1986,0,Open,historical
T91D,1987,0,Open,historical
T91D,1988,0,Open,historical
T91D,1989,0,Open,historical
T91D,1990,0,Open,historical
T91D,1991,0,Open,historical
T91D,1992,0,Open,historical
T91D,1993,0,Open,historical
T91D,1994,0,Open,historical
T91D,1995,0,Open,historical
T91D,1996,0,Open,current
T91D,1997,0,Open,current
T91D,1998,0,Open,current
T91D,1999,0,Open,current
T91D,2000,0,Open,current
T91D,2001,0,Open,current
T91D,2002,0,Open,current
T91D,2003,0,Open,current
T91D,2004,0,Open,current
T91D,2005,0,Open,current
T91D,2006,0,Open,current
T91D,2007,0,Open,current
T91D,2008,0,Open,current
T91D,2009,0,Open,current
T91D,2010,0,Open,current
T91D,2011,0,Open,current
T91D,2012,0,Open,current
T91D,2013,0,Open,current
T91D,2014,0,Open,current
T91D,2015,0,Open,current
T91D,2016,0,Open,current
T91D,2017,0,Open,current
T91D,2018,0,Open,current
T91D,2019,0,Open,current
T91D,2020,0,Open,current
T91D,2021,0,Open,current
T91D,2022,0,Open,current
T91D,2023,0,Open,current
T91D,2024,0,Open,current
T91D,2025,0,Open,current
T91E,1975,0,Open,current
T91E,1976,0,Open,current
T91E,1977,0,Open,current
T91E,1978,0,Open,current
T91E,1979,0,Open,current
T91E,1980,0,Open,current
T91E,1981,0,Open,historical
T91E,1982,0,Open,historical
T91E,1983,0,Open,historical
T91E,1984,0,Open,historical
T91E,1985,0,Open,historical
T91E,1986,0,Open,historical
T91E,1987,0,Open,historical
T91E,1988,0,Open,historical
T91E,1989,0,Open,historical
T91E,1990,0,Open,historical
T91E,1991,0,Open,historical
T91E,1992,0,Open,historical
T91E,1993,0,Open,historical
T91E,1994,0,Open,current
T91E,1995,0,Open,current
T91E,1996,0,Open,current
T91E,1997,0,Open,current
T91E,1998,0,Open,current
T91E,1999,0,Open,current
T91E,2000,0,Open,current
T91E,2001,0,Open,current
T91E,2002,0,Open,current
T91E,2003,0,Open,current
T91E,2004,0,Open,current
T91E,2005,0,Open,current
T91E,2006,0,Open,current
T91E,2007,0,Open,current
T91E,2008,0,Open,current
T91E,2009,0,Open,current
T91E,2010,0,Open,current
T91E,2011,0,Open,current
T91E,2012,0,Open,current
T91E,2013,0,Open,current
T91E,2014,0,Open,current
T91E,2015,0,Open,current
T91E,2016,0,Open,current
T91E,2017,0,Open,current
T91E,2018,0,Open,current
T91E,2019,0,Open,current
T91E,2020,0,Open,current
T91E,2021,0,Open,current
T91E,2022,0,Open,current
T91E,2023,0,Open,current
T91E,2024,0,Open,current
T91E,2025,0,Open,current
T91H,1975,0,Open,current
T91H,1976,0,Open,current
T91H,1977,0,Open,current
T91H,1978,0,Open,current
T91H,1979,0,Open,current
T91H,1980,0,Open,current
T91H,1981,0,Open,historical
T91H,1982,0,Open,historical
T91H,1983,0,Open,historical
T91H,1984,0,Open,historical
T91H,1985,0,Open,historical
T91H,1986,0,Open,historical
T91H,1987,0,Open,historical
T91H,1988,0,Open,historical
T91H,1989,0,Open,historical
T91H,1990,0,Open,historical
T91H,1991,0,Open,historical
T91H,1992,0,Open,historical
T91H,1993,0,Open,historical
T91H,1994,0,Open,historical
T91H,1995,0,Open,historical
T91H,1996,0,Open,current
T91H,1997,0,Open,current
T91H,1998,0,Open,current
T91H,1999,0,Open,current
T91H,2000,0,Open,current
T91H,2001,0,Open,current
T91H,2002,0,Open,current
T91H,2003,0,Open,current
T91H,2004,0,Open,current
T91H,2005,0,Open,current
T91H,2006,0,Open,current
T91H,2007,0,Open,current
T91H,2008,0,Open,current
T91H,2009,0,Open,current
T91H,2010,0,Open,current
T91H,2011,0,Open,current
T91H,2012,0,Open,current
T91H,2013,0,Open,current
T91H,2014,0,Open,current
T91H,2015,0,Open,current
T91H,2016,0,Open,current
T91H,2017,0,Open,current
T91H,2018,0,Open,current
T91H,2019,0,Open,current
T91H,2020,0,Open,current
T91H,2021,0,Open,current
T91H,2022,0,Open,current
T91H,2023,0,Open,current
T91H,2024,0,Open,current
T91H,2025,0,Open,current
T91K,1975,0,Open,current
T91K,1976,0,Open,current
T91K,1977,0,Open,current
T91K,1978,0,Open,current
T91K,1979,0,Open,current
T91K,1980,0,Open,current
T91K,1981,0,Open,current
T91K,1982,0,Open,current
T91K,1983,0,Open,current
T91K,1984,0,Open,current
T91K,1985,0,Open,historical
T91K,1986,0,Open,historical
T91K,1987,0,Open,historical
T91K,1988,0,Open,historical
T91K,1989,0,Open,historical
T91K,1990,0,Open,historical
T91K,1991,0,Open,historical
T91K,1992,0,Open,historical
T91K,1993,0,Open,historical
T91K,1994,0,Open,historical
T91K,1995,0,Open,historical
T91K,1996,0,Open,current
T91K,1997,0,Open,current
T91K,1998,0,Open,current
T91K,1999,0,Open,current
T91K,2000,0,Open,current
T91K,2001,0,Open,current
T91K,2002,0,Open,current
T91K,2003,0,Open,current
T91K,2004,0,Open,current
T91K,2005,0,Open,current
T91K,2006,0,Open,current
T91K,2007,0,Open,current
T91K,2008,0,Open,current
T91K,2009,0,Open,current
T91K,2010,0,Open,current
T91K,2011,0,Open,current
T91K,2012,0,Open,current
T91K,2013,0,Open,current
T91K,2014,0,Open,current
T91K,2015,0,Open,current
T91K,2016,0,Open,current
T91K,2017,0,Open,current
T91K,2018,0,Open,current
T91K,2019,0,Open,current
T91K,2020,0,Open,current
T91K,2021,0,Open,current
T91K,2022,0,Open,current
T91K,2023,0,Open,current
T91K,2024,0,Open,current
T91K,2025,0,Open,current
T91L,1975,0,Open,historical-outside-range
T91L,1976,0,Open,historical-outside-range
T91L,1977,0,Open,historical-outside-range
T91L,1978,0,Open,historical-outside-range
T91L,1979,0,Open,historical-outside-range
T91L,1980,0,Open,historical-outside-range
T91L,1981,0,Open,historical-outside-range
T91L,1982,0,Open,historical-outside-range
T91L,1983,0,Open,historical-outside-range
T91L,1984,0,Open,historical-outside-range
T91L,1985,0,Open,historical-outside-range
T91L,1986,0,Open,historical-outside-range
T91L,1987,0,Open,historical-outside-range
T91L,1988,0,Open,historical-outside-range
T91L,1989,0,Open,historical-outside-range
T91L,1990,0,Open,historical-outside-range
T91L,1991,0,Open,historical-outside-range
T91L,1992,0,Open,historical-outside-range
T91L,1993,0,Open,historical-outside-range
T91L,1994,0,Open,historical-outside-range
T91L,1995,0,Open,historical-outside-range
T91L,1996,0,Open,historical-outside-range
T91L,1997,0,Open,historical-outside-range
T91L,1998,0,Open,historical-outside-range
T91L,1999,0,Open,historical-outside-range
T91L,2000,0,Open,historical-outside-range
T91L,2001,0,Open,historical-outside-range
T91L,2002,0,Open,historical-outside-range
T91L,2003,0,Open,historical-outside-range
T91L,2004,0,Open,historical-outside-range
T91L,2005,0,Open,historical
T91L,2006,0,Open,historical
T91L,2007,0,Open,historical
T91L,2008,0,Open,historical
T91L,2009,0,Open,historical-outside-range
T91L,2010,0,Open,historical-outside-range
T91L,2011,0,Open,historical-outside-range
T91L,2012,0,Open,historical-outside-range
T91L,2013,0,Open,historical-outside-range
T91L,2014,0,Open,historical-outside-range
T91L,2015,0,Open,historical-outside-range
T91L,2016,0,Open,historical-outside-range
T91L,2017,0,Open,historical-outside-range
T91L,2018,0,Open,historical-outside-range
T91L,2019,0,Open,historical-outside-range
T91L,2020,0,Open,historical-outside-range
T91L,2021,0,Open,historical-outside-range
T91L,2022,0,Open,historical-outside-range
T91L,2023,0,Open,historical-outside-range
T91L,2024,0,Open,historical-outside-range
T91L,2025,0,Open,historical-outside-range
T91M,1975,0,Open,current
T91M,1976,0,Open,current
T91M,1977,0,Open,current
T91M,1978,0,Open,current
T91M,1979,0,Open,current
T91M,1980,0,Open,current
T91M,1981,0,Open,current
T91M,1982,0,Open,current
T91M,1983,0,Open,current
T91M,1984,0,Open,current
T91M,1985,0,Open,historical
T91M,1986,0,Open,historical
T91M,1987,0,Open,historical
T91M,1988,0,Open,historical
T91M,1989,0,Open,historical
T91M,1990,0,Open,historical
T91M,1991,0,Open,historical
T91M,1992,0,Open,historical
T91M,1993,0,Open,historical
T91M,1994,0,Open,historical
T91M,1995,0,Open,historical
T91M,1996,0,Open,current
T91M,1997,0,Open,current
T91M,1998,0,Open,current
T91M,1999,0,Open,current
T91M,2000,0,Open,current
T91M,2001,0,Open,current
T91M,2002,0,Open,current
T91M,2003,0,Open,current
T91M,2004,0,Open,current
T91M,2005,0,Open,current
T91M,2006,0,Open,current
T91M,2007,0,Open,current
T91M,2008,0,Open,current
T91M,2009,0,Open,current
T91M,2010,0,Open,current
T91M,2011,0,Open,current
T91M,2012,0,Open,current
T91M,2013,0,Open,current
T91M,2014,0,Open,current
T91M,2015,0,Open,current
T91M,2016,0,Open,current
T91M,2017,0,Open,current
T91M,2018,0,Open,current
T91M,2019,0,Open,current
T91M,2020,0,Open,current
T91M,2021,0,Open,current
T91M,2022,0,Open,current
T91M,2023,0,Open,current
T91M,2024,0,Open,current
T91M,2025,0,Open,current
T91O,1975,0,Open,current
T91O,1976,0,Open,current
T91O,1977,0,Open,current
T91O,1978,0,Open,current
T91O,1979,0,Open,current
T91O,1980,0,Open,current
T91O,1981,0,Open,current
T91O,1982,0,Open,current
T91O,1983,0,Open,current
T91O,1984,0,Open,current
T91O,1985,0,Open,historical
T91O,1986,0,Open,historical
T91O,1987,0,Open,historical
T91O,1988,0,Open,historical
T91O,1989,0,Open,historical
T91O,1990,0,Open,historical
T91O,1991,0,Open,historical
T91O,1992,0,Open,historical
T91O,1993,0,Open,historical
T91O,1994,0,Open,historical
T91O,1995,0,Open,historical
T91O,1996,0,Open,current
T91O,1997,0,Open,current
T91O,1998,0,Open,current
T91O,1999,0,Open,current
T91O,2000,0,Open,current
T91O,2001,0,Open,current
T91O,2002,0,Open,current
T91O,2003,0,Open,current
T91O,2004,0,Open,current
T91O,2005,0,Open,current
T91O,2006,0,Open,current
T91O,2007,0,Open,current
T91O,2008,0,Open,current
T91O,2009,0,Open,current
T91O,2010,0,Open,current
T91O,2011,0,Open,current
T91O,2012,0,Open,current
T91O,2013,0,Open,current
T91O,2014,0,Open,current
T91O,2015,0,Open,current
T91O,2016,0,Open,current
T91O,2017,0,Open,current
T91O,2018,0,Open,current
T91O,2019,0,Open,current
T91O,2020,0,Open,current
T91O,2021,0,Open,current
T91O,2022,0,Open,current
T91O,2023,0,Open,current
T91O,2024,0,Open,current
T91O,2025,0,Open,current
T91Q,1975,0,Open,current
T91Q,1976,0,Open,current
T91Q,1977,0,Open,current
T91Q,1978,0,Open,current
T91Q,1979,0,Open,current
T91Q,1980,0,Open,current
T91Q,1981,0,Open,current
T91Q,1982,0,Open,current
T91Q,1983,0,Open,current
T91Q,1984,0,Open,current
T91Q,1985,0,Open,historical
T91Q,1986,0,Open,historical
T91Q,1987,0,Open,historical
T91Q,1988,0,Open,historical
T91Q,1989,0,Open,historical
T91Q,1990,0,Open,historical
T91Q,1991,0,Open,historical
T91Q,1992,0,Open,historical
T91Q,1993,0,Open,historical
T91Q,1994,0,Open,historical
T91Q,1995,0,Open,historical
T91Q,1996,0,Open,current
T91Q,1997,0,Open,current
T91Q,1998,0,Open,current
T91Q,1999,0,Open,current
T91Q,2000,0,Open,current
T91Q,2001,0,Open,current
T91Q,2002,0,Open,current
T91Q,2003,0,Open,current
T91Q,2004,0,Open,current
T91Q,2005,0,Open,current
T91Q,2006,0,Open,current
T91Q,2007,0,Open,current
T91Q,2008,0,Open,current
T91Q,2009,0,Open,current
T91Q,2010,0,Open,current
T91Q,2011,0,Open,current
T91Q,2012,0,Open,current
T91Q,2013,0,Open,current
T91Q,2014,0,Open,current
T91Q,2015,0,Open,current
T91Q,2016,0,Open,current
T91Q,2017,0,Open,current
T91Q,2018,0,Open,current
T91Q,2019,0,Open,current
T91Q,2020,0,Open,current
T91Q,2021,0,Open,current
T91Q,2022,0,Open,current
T91Q,2023,0,Open,current
T91Q,2024,0,Open,current
T91Q,2025,0,Open,current
T91QA,1975,0,Open,current
T91QA,1976,0,Open,current
T91QA,1977,0,Open,current
T91QA,1978,0,Open,current
T91QA,1979,0,Open,current
T91QA,1980,0,Open,current
T91QA,1981,0,Open,current
T91QA,1982,0,Open,current
T91QA,1983,0,Open,current
T91QA,1984,0,Open,current
T91QA,1985,0,Open,current
T91QA,1986,0,Open,current
T91QA,1987,0,Open,current
T91QA,1988,0,Open,current
T91QA,1989,0,Open,current
T91QA,1990,0,Open,current
T91QA,1991,0,Open,current
T91QA,1992,0,Open,current
T91QA,1993,0,Open,current
T91QA,1994,0,Open,current
T91QA,1995,0,Open,current
T91QA,1996,0,Open,current
T91QA,1997,0,Open,current
T91QA,1998,0,Open,historical
T91QA,1999,0,Open,historical
T91QA,2000,0,Open,historical
T91QA,2001,0,Open,historical
T91QA,2002,0,Open,historical
T91QA,2003,0,Open,historical
T91QA,2004,0,Open,historical
T91QA,2005,0,Open,historical
T91QA,2006,0,Open,historical
T91QA,2007,0,Open,historical
T91QA,2008,0,Open,historical
T91QA,2009,0,Open,historical
T91QA,2010,0,Open,historical
T91QA,2011,0,Open,historical
T91QA,2012,0,Open,historical
T91QA,2013,0,Open,historical
T91QA,2014,0,Open,historical
T91QA,2015,0,Open,historical
T91QA,2016,0,Open,historical
T91QA,2017,0,Open,historical
T91QA,2018,0,Open,historical
T91QA,2019,0,Open,historical
T91QA,2020,0,Open,historical
T91QA,2021,0,Open,historical
T91QA,2022,0,Open,current
T91QA,2023,0,Open,current
T91QA,2024,0,Open,current
T91QA,2025,0,Open,current
T91QB,1975,0,Open,current
T91QB,1976,0,Open,current
T91QB,1977,0,Open,current
T91QB,1978,0,Open,current
T91QB,1979,0,Open,current
T91QB,1980,0,Open,current
T91QB,1981,0,Open,current
T91QB,1982,0,Open,current
T91QB,1983,0,Open,current
T91QB,1984,0,Open,current
T91QB,1985,0,Open,current
T91QB,1986,0,Open,current
T91QB,1987,0,Open,current
T91QB,1988,0,Open,current
T91QB,1989,0,Open,current
T91QB,1990,0,Open,current
T91QB,1991,0,Open,current
T91QB,1992,0,Open,current
T91QB,1993,0,Open,current
T91QB,1994,0,Open,current
T91QB,1995,0,Open,current
T91QB,1996,0,Open,current
T91QB,1997,0,Open,current
T91QB,1998,0,Open,historical
T91QB,1999,0,Open,historical
T91QB,2000,0,Open,historical
T91QB,2001,0,Open,historical
T91QB,2002,0,Open,historical
T91QB,2003,0,Open,historical
T91QB,2004,0,Open,historical
T91QB,2005,0,Open,historical
T91QB,2006,0,Open,historical
T91QB,2007,0,Open,historical
T91QB,2008,0,Open,historical
T91QB,2009,0,Open,historical
T91QB,2010,0,Open,historical
T91QB,2011,0,Open,historical
T91QB,2012,0,Open,historical
T91QB,2013,0,Open,historical
T91QB,2014,0,Open,historical
T91QB,2015,0,Open,historical
T91QB,2016,0,Open,historical
T91QB,2017,0,Open,historical
T91QB,2018,0,Open,historical
T91QB,2019,0,Open,historical
T91QB,2020,0,Open,historical
T91QB,2021,0,Open,historical
T91QB,2022,0,Open,current
T91QB,2023,0,Open,current
T91QB,2024,0,Open,current
T91QB,2025,0,Open,current
T91QC,1975,0,Open,current
T91QC,1976,0,Open,current
T91QC,1977,0,Open,current
T91QC,1978,0,Open,current
T91QC,1979,0,Open,current
T91QC,1980,0,Open,current
T91QC,1981,0,Open,current
T91QC,1982,0,Open,current
T91QC,1983,0,Open,current
T91QC,1984,0,Open,current
T91QC,1985,0,Open,current
T91QC,1986,0,Open,current
T91QC,1987,0,Open,current
T91QC,1988,0,Open,current
T91QC,1989,0,Open,current
T91QC,1990,0,Open,current
T91QC,1991,0,Open,current
T91QC,1992,0,Open,current
T91QC,1993,0,Open,current
T91QC,1994,0,Open,current
T91QC,1995,0,Open,current
T91QC,1996,0,Open,current
T91QC,1997,0,Open,current
T91QC,1998,0,Open,historical
T91QC,1999,0,Open,historical
T91QC,2000,0,Open,historical
T91QC,2001,0,Open,historical
T91QC,2002,0,Open,historical
T91QC,2003,0,Open,historical
T91QC,2004,0,Open,historical
T91QC,2005,0,Open,historical
T91QC,2006,0,Open,historical
T91QC,2007,0,Open,historical
T91QC,2008,0,Open,historical
T91QC,2009,0,Open,historical
T91QC,2010,0,Open,historical
T91QC,2011,0,Open,historical
T91QC,2012,0,Open,historical
T91QC,2013,0,Open,historical
T91QC,2014,0,Open,historical
T91QC,2015,0,Open,historical
T91QC,2016,0,Open,historical
T91QC,2017,0,Open,historical
T91QC,2018,0,Open,historical
T91QC,2019,0,Open,historical
T91QC,2020,0,Open,historical
T91QC,2021,0,Open,historical
T91QC,2022,0,Open,current
T91QC,2023,0,Open,current
T91QC,2024,0,Open,current
T91QC,2025,0,Open,current
T91QD,1975,0,Open,current
T91QD,1976,0,Open,current
T91QD,1977,0,Open,current
T91QD,1978,0,Open,current
T91QD,1979,0,Open,current
T91QD,1980,0,Open,current
T91QD,1981,0,Open,current
T91QD,1982,0,Open,current
T91QD,1983,0,Open,current
T91QD,1984,0,Open,current
T91QD,1985,0,Open,current
T91QD,1986,0,Open,current
T91QD,1987,0,Open,current
T91QD,1988,0,Open,current
T91QD,1989,0,Open,current
T91QD,1990,0,Open,current
T91QD,1991,0,Open,current
T91QD,1992,0,Open,current
T91QD,1993,0,Open,current
T91QD,1994,0,Open,current
T91QD,1995,0,Open,current
T91QD,1996,0,Open,current
T91QD,1997,0,Open,current
T91QD,1998,0,Open,historical
T91QD,1999,0,Open,historical
T91QD,2000,0,Open,historical
T91QD,2001,0,Open,historical
T91QD,2002,0,Open,historical
T91QD,2003,0,Open,historical
T91QD,2004,0,Open,historical
T91QD,2005,0,Open,historical
T91QD,2006,0,Open,historical
T91QD,2007,0,Open,historical
T91QD,2008,0,Open,historical
T91QD,2009,0,Open,historical
T91QD,2010,0,Open,historical
T91QD,2011,0,Open,historical
T91QD,2012,0,Open,historical
T91QD,2013,0,Open,historical
T91QD,2014,0,Open,historical
T91QD,2015,0,Open,historical
T91QD,2016,0,Open,historical
T91QD,2017,0,Open,historical
T91QD,2018,0,Open,historical
T91QD,2019,0,Open,historical
T91QD,2020,0,Open,historical
T91QD,2021,0,Open,historical
T91QD,2022,0,Open,current
T91QD,2023,0,Open,current
T91QD,2024,0,Open,current
T91QD,2025,0,Open,current
T91QE,1975,0,Open,current
T91QE,1976,0,Open,current
T91QE,1977,0,Open,current
T91QE,1978,0,Open,current
T91QE,1979,0,Open,current
T91QE,1980,0,Open,current
T91QE,1981,0,Open,current
T91QE,1982,0,Open,current
T91QE,1983,0,Open,current
T91QE,1984,0,Open,current
T91QE,1985,0,Open,current
T91QE,1986,0,Open,current
T91QE,1987,0,Open,current
T91QE,1988,0,Open,current
T91QE,1989,0,Open,current
T91QE,1990,0,Open,current
T91QE,1991,0,Open,current
T91QE,1992,0,Open,current
T91QE,1993,0,Open,current
T91QE,1994,0,Open,current
T91QE,1995,0,Open,current
T91QE,1996,0,Open,current
T91QE,1997,0,Open,current
T91QE,1998,0,Open,historical
T91QE,1999,0,Open,historical
T91QE,2000,0,Open,historical
T91QE,2001,0,Open,historical
T91QE,2002,0,Open,historical
T91QE,2003,0,Open,historical
T91QE,2004,0,Open,historical
T91QE,2005,0,Open,historical
T91QE,2006,0,Open,historical
T91QE,2007,0,Open,historical
T91QE,2008,0,Open,historical
T91QE,2009,0,Open,historical
T91QE,2010,0,Open,historical
T91QE,2011,0,Open,historical
T91QE,2012,0,Open,historical
T91QE,2013,0,Open,historical
T91QE,2014,0,Open,historical
T91QE,2015,0,Open,historical
T91QE,2016,0,Open,historical
T91QE,2017,0,Open,historical
T91QE,2018,0,Open,historical
T91QE,2019,0,Open,historical
T91QE,2020,0,Open,historical
T91QE,2021,0,Open,historical
T91QE,2022,0,Open,current
T91QE,2023,0,Open,current
T91QE,2024,0,Open,current
T91QE,2025,0,Open,current
T91QF,1975,0,Open,current
T91QF,1976,0,Open,current
T91QF,1977,0,Open,current
T91QF,1978,0,Open,current
T91QF,1979,0,Open,current
T91QF,1980,0,Open,current
T91QF,1981,0,Open,current
T91QF,1982,0,Open,current
T91QF,1983,0,Open,current
T91QF,1984,0,Open,current
T91QF,1985,0,Open,current
T91QF,1986,0,Open,current
T91QF,1987,0,Open,current
T91QF,1988,0,Open,current
T91QF,1989,0,Open,current
T91QF,1990,0,Open,current
T91QF,1991,0,Open,current
T91QF,1992,0,Open,current
T91QF,1993,0,Open,current
T91QF,1994,0,Open,current
T91QF,1995,0,Open,current
T91QF,1996,0,Open,current
T91QF,1997,0,Open,current
T91QF,1998,0,Open,historical
T91QF,1999,0,Open,historical
T91QF,2000,0,Open,historical
T91QF,2001,0,Open,historical
T91QF,2002,0,Open,historical
T91QF,2003,0,Open,historical
T91QF,2004,0,Open,historical
T91QF,2005,0,Open,historical
T91QF,2006,0,Open,historical
T91QF,2007,0,Open,historical
T91QF,2008,0,Open,historical
T91QF,2009,0,Open,historical
T91QF,2010,0,Open,historical
T91QF,2011,0,Open,historical
T91QF,2012,0,Open,historical
T91QF,2013,0,Open,historical
T91QF,2014,0,Open,historical
T91QF,2015,0,Open,historical
T91QF,2016,0,Open,historical
T91QF,2017,0,Open,historical
T91QF,2018,0,Open,historical
T91QF,2019,0,Open,historical
T91QF,2020,0,Open,historical
T91QF,2021,0,Open,historical
T91QF,2022,0,Open,current
T91QF,2023,0,Open,current
T91QF,2024,0,Open,current
T91QF,2025,0,Open,current
T91R,1975,0,Open,current
T91R,1976,0,Open,current
T91R,1977,0,Open,current
T91R,1978,0,Open,current
T91R,1979,0,Open,current
T91R,1980,0,Open,current
T91R,1981,0,Open,current
T91R,1982,0,Open,current
T91R,1983,0,Open,current
T91R,1984,0,Open,current
T91R,1985,0,Open,historical
T91R,1986,0,Open,historical
T91R,1987,0,Open,historical
T91R,1988,0,Open,historical
T91R,1989,0,Open,historical
T91R,1990,0,Open,historical
T91R,1991,0,Open,historical
T91R,1992,0,Open,historical
T91R,1993,0,Open,historical
T91R,1994,0,Open,historical
T91R,1995,0,Open,historical
T91R,1996,0,Open,current
T91R,1997,0,Open,current
T91R,1998,0,Open,current
T91R,1999,0,Open,current
T91R,2000,0,Open,current
T91R,2001,0,Open,current
T91R,2002,0,Open,current
T91R,2003,0,Open,current
T91R,2004,0,Open,current
T91R,2005,0,Open,current
T91R,2006,0,Open,current
T91R,2007,0,Open,current
T91R,2008,0,Open,current
T91R,2009,0,Open,current
T91R,2010,0,Open,current
T91R,2011,0,Open,current
T91R,2012,0,Open,current
T91R,2013,0,Open,current
T91R,2014,0,Open,current
T91R,2015,0,Open,current
T91R,2016,0,Open,current
T91R,2017,0,Open,current
T91R,2018,0,Open,current
T91R,2019,0,Open,current
T91R,2020,0,Open,current
T91R,2021,0,Open,current
T91R,2022,0,Open,current
T91R,2023,0,Open,current
T91R,2024,0,Open,current
T91R,2025,0,Open,current
T99A,1975,0,Open,historical-outside-range
T99A,1976,0,Open,historical-outside-range
T99A,1977,0,Open,historical-outside-range
T99A,1978,0,Open,historical-outside-range
T99A,1979,0,Open,historical-outside-range
T99A,1980,0,Open,historical-outside-range
T99A,1981,0,Open,historical-outside-range
T99A,1982,0,Open,historical-outside-range
T99A,1983,0,Open,historical-outside-range
T99A,1984,0,Open,historical-outside-range
T99A,1985,0,Open,historical
T99A,1986,0,Open,historical
T99A,1987,0,Open,historical
T99A,1988,0,Open,historical
T99A,1989,0,Open,historical
T99A,1990,0,Open,historical
T99A,1991,0,Open,historical-outside-range
T99A,1992,0,Open,historical-outside-range
T99A,1993,0,Open,historical-outside-range
T99A,1994,0,Open,historical-outside-range
T99A,1995,0,Open,historical-outside-range
T99A,1996,0,Open,historical-outside-range
T99A,1997,0,Open,historical-outside-range
T99A,1998,0,Open,historical-outside-range
T99A,1999,0,Open,historical-outside-range
T99A,2000,0,Open,historical-outside-range
T99A,2001,0,Open,historical-outside-range
T99A,2002,0,Open,historical-outside-range
T99A,2003,0,Open,historical-outside-range
T99A,2004,0,Open,historical-outside-range
T99A,2005,0,Open,historical-outside-range
T99A,2006,0,Open,historical-outside-range
T99A,2007,0,Open,historical-outside-range
T99A,2008,0,Open,historical-outside-range
T99A,2009,0,Open,historical-outside-range
T99A,2010,0,Open,historical-outside-range
T99A,2011,0,Open,historical-outside-range
T99A,2012,0,Open,historical-outside-range
T99A,2013,0,Open,historical-outside-range
T99A,2014,0,Open,historical-outside-range
T99A,2015,0,Open,historical-outside-range
T99A,2016,0,Open,historical-outside-range
T99A,2017,0,Open,historical-outside-range
T99A,2018,0,Open,historical-outside-range
T99A,2019,0,Open,historical-outside-range
T99A,2020,0,Open,historical-outside-range
T99A,2021,0,Open,historical-outside-range
T99A,2022,0,Open,historical-outside-range
T99A,2023,0,Open,historical-outside-range
T99A,2024,0,Open,historical-outside-range
T99A,2025,0,Open,historical-outside-range
T99B,1975,0,Open,historical
T99B,1976,0,Open,historical
T99B,1977,0,Open,historical
T99B,1978,0,Open,historical
T99B,1979,0,Open,historical
T99B,1980,0,Open,historical
T99B,1981,0,Open,historical
T99B,1982,0,Open,historical
T99B,1983,0,Open,historical
T99B,1984,0,Open,historical
T99B,1985,0,Open,historical-outside-range
T99B,1986,0,Open,historical-outside-range
T99B,1987,0,Open,historical-outside-range
T99B,1988,0,Open,historical-outside-range
T99B,1989,0,Open,historical-outside-range
T99B,1990,0,Open,historical-outside-range
T99B,1991,0,Open,historical-outside-range
T99B,1992,0,Open,historical-outside-range
T99B,1993,0,Open,historical-outside-range
T99B,1994,0,Open,historical-outside-range
T99B,1995,0,Open,historical-outside-range
T99B,1996,0,Open,historical-outside-range
T99B,1997,0,Open,historical-outside-range
T99B,1998,0,Open,historical-outside-range
T99B,1999,0,Open,historical-outside-range
T99B,2000,0,Open,historical-outside-range
T99B,2001,0,Open,historical-outside-range
T99B,2002,0,Open,historical-outside-range
T99B,2003,0,Open,historical-outside-range
T99B,2004,0,Open,historical-outside-range
T99B,2005,0,Open,historical-outside-range
T99B,2006,0,Open,historical-outside-range
T99B,2007,0,Open,historical-outside-range
T99B,2008,0,Open,historical-outside-range
T99B,2009,0,Open,historical-outside-range
T99B,2010,0,Open,historical-outside-range
T99B,2011,0,Open,historical-outside-range
T99B,2012,0,Open,historical-outside-range
T99B,2013,0,Open,historical-outside-range
T99B,2014,0,Open,historical-outside-range
T99B,2015,0,Open,historical-outside-range
T99B,2016,0,Open,historical-outside-range
T99B,2017,0,Open,historical-outside-range
T99B,2018,0,Open,historical-outside-range
T99B,2019,0,Open,historical-outside-range
T99B,2020,0,Open,historical-outside-range
T99B,2021,0,Open,historical-outside-range
T99B,2022,0,Open,historical-outside-range
T99B,2023,0,Open,historical-outside-range
T99B,2024,0,Open,historical-outside-range
T99B,2025,0,Open,historical-outside-range
T99E,1975,0,Open,historical-outside-range
T99E,1976,0,Open,historical-outside-range
T99E,1977,0,Open,historical-outside-range
T99E,1978,0,Open,historical-outside-range
T99E,1979,0,Open,historical-outside-range
T99E,1980,0,Open,historical-outside-range
T99E,1981,0,Open,historical
T99E,1982,0,Open,historical
T99E,1983,0,Open,historical
T99E,1984,0,Open,historical
T99E,1985,0,Open,historical-outside-range
T99E,1986,0,Open,historical-outside-range
T99E,1987,0,Open,historical-outside-range
T99E,1988,0,Open,historical-outside-range
T99E,1989,0,Open,historical-outside-range
T99E,1990,0,Open,historical-outside-range
T99E,1991,0,Open,historical-outside-range
T99E,1992,0,Open,historical-outside-range
T99E,1993,0,Open,historical-outside-range
T99E,1994,0,Open,historical-outside-range
T99E,1995,0,Open,historical-outside-range
T99E,1996,0,Open,historical-outside-range
T99E,1997,0,Open,historical-outside-range
T99E,1998,0,Open,historical-outside-range
T99E,1999,0,Open,historical-outside-range
T99E,2000,0,Open,historical-outside-range
T99E,2001,0,Open,historical-outside-range
T99E,2002,0,Open,historical-outside-range
T99E,2003,0,Open,historical-outside-range
T99E,2004,0,Open,historical-outside-range
T99E,2005,0,Open,historical-outside-range
T99E,2006,0,Open,historical-outside-range
T99E,2007,0,Open,historical-outside-range
T99E,2008,0,Open,historical-outside-range
T99E,2009,0,Open,historical-outside-range
T99E,2010,0,Open,historical-outside-range
T99E,2011,0,Open,historical-outside-range
T99E,2012,0,Open,historical-outside-range
T99E,2013,0,Open,historical-outside-range
T99E,2014,0,Open,historical-outside-range
T99E,2015,0,Open,historical-outside-range
T99E,2016,0,Open,historical-outside-range
T99E,2017,0,Open,historical-outside-range
T99E,2018,0,Open,historical-outside-range
T99E,2019,0,Open,historical-outside-range
T99E,2020,0,Open,historical-outside-range
T99E,2021,0,Open,historical-outside-range
T99E,2022,0,Open,historical-outside-range
T99E,2023,0,Open,historical-outside-range
T99E,2024,0,Open,historical-outside-range
T99E,2025,0,Open,historical-outside-range
T99H,1975,0,Open,historical-outside-range
T99H,1976,0,Open,historical-outside-range
T99H,1977,0,Open,historical-outside-range
T99H,1978,0,Open,historical-outside-range
T99H,1979,0,Open,historical-outside-range
T99H,1980,0,Open,historical-outside-range
T99H,1981,0,Open,historical
T99H,1982,0,Open,historical
T99H,1983,0,Open,historical
T99H,1984,0,Open,historical
T99H,1985,0,Open,historical
T99H,1986,0,Open,historical
T99H,1987,0,Open,historical
T99H,1988,0,Open,historical
T99H,1989,0,Open,historical-outside-range
T99H,1990,0,Open,historical-outside-range
T99H,1991,0,Open,historical-outside-range
T99H,1992,0,Open,historical-outside-range
T99H,1993,0,Open,historical-outside-range
T99H,1994,0,Open,historical-outside-range
T99H,1995,0,Open,historical-outside-range
T99H,1996,0,Open,historical-outside-range
T99H,1997,0,Open,historical-outside-range
T99H,1998,0,Open,historical-outside-range
T99H,1999,0,Open,historical-outside-range
T99H,2000,0,Open,historical-outside-range
T99H,2001,0,Open,historical-outside-range
T99H,2002,0,Open,historical-outside-range
T99H,2003,0,Open,historical-outside-range
T99H,2004,0,Open,historical-outside-range
T99H,2005,0,Open,historical-outside-range
T99H,2006,0,Open,historical-outside-range
T99H,2007,0,Open,historical-outside-range
T99H,2008,0,Open,historical-outside-range
T99H,2009,0,Open,historical-outside-range
T99H,2010,0,Open,historical-outside-range
T99H,2011,0,Open,historical-outside-range
T99H,2012,0,Open,historical-outside-range
T99H,2013,0,Open,historical-outside-range
T99H,2014,0,Open,historical-outside-range
T99H,2015,0,Open,historical-outside-range
T99H,2016,0,Open,historical-outside-range
T99H,2017,0,Open,historical-outside-range
T99H,2018,0,Open,historical-outside-range
T99H,2019,0,Open,historical-outside-range
T99H,2020,0,Open,historical-outside-range
T99H,2021,0,Open,historical-outside-range
T99H,2022,0,Open,historical-outside-range
T99H,2023,0,Open,historical-outside-range
T99H,2024,0,Open,historical-outside-range
T99H,2025,0,Open,historical-outside-range
TB9AK,1975,1,Limited,current
TB9AK,1976,1,Limited,current
TB9AK,1977,1,Limited,current
TB9AK,1978,1,Limited,current
TB9AK,1979,1,Limited,current
TB9AK,1980,1,Limited,current
TB9AK,1981,1,Limited,current
TB9AK,1982,1,Limited,current
TB9AK,1983,1,Limited,current
TB9AK,1984,1,Limited,current
TB9AK,1985,1,Limited,current
TB9AK,1986,1,Limited,current
TB9AK,1987,1,Limited,current
TB9AK,1988,1,Limited,current
TB9AK,1989,1,Limited,current
TB9AK,1990,1,Limited,current
TB9AK,1991,1,Limited,current
TB9AK,1992,1,Limited,current
TB9AK,1993,1,Limited,current
TB9AK,1994,1,Limited,current
TB9AK,1995,1,Limited,current
TB9AK,1996,1,Limited,current
TB9AK,1997,1,Limited,current
TB9AK,1998,1,Limited,current
TB9AK,1999,1,Limited,current
TB9AK,2000,1,Limited,current
TB9AK,2001,1,Limited,current
TB9AK,2002,1,Limited,current
TB9AK,2003,1,Limited,historical
TB9AK,2004,1,Limited,historical
TB9AK,2005,1,Limited,historical
TB9AK,2006,1,Limited,historical
TB9AK,2007,1,Limited,historical
TB9AK,2008,1,Limited,historical
TB9AK,2009,1,Limited,historical
TB9AK,2010,1,Limited,historical
TB9AK,2011,1,Limited,historical
TB9AK,2012,1,Limited,historical
TB9AK,2013,1,Limited,historical
TB9AK,2014,1,Limited,historical
TB9AK,2015,1,Limited,historical
TB9AK,2016,1,Limited,historical
TB9AK,2017,1,Limited,historical
TB9AK,2018,1,Limited,historical
TB9AK,2019,1,Limited,historical
TB9AK,2020,1,Limited,historical
TB9AK,2021,1,Limited,historical
TB9AK,2022,1,Limited,current
TB9AK,2023,1,Limited,current
TB9AK,2024,1,Limited,current
TB9AK,2025,1,Limited,current
TB9BK,1975,1,Limited,current
TB9BK,1976,1,Limited,current
TB9BK,1977,1,Limited,current
TB9BK,1978,1,Limited,current
TB9BK,1979,1,Limited,current
TB9BK,1980,1,Limited,current
TB9BK,1981,1,Limited,current
TB9BK,1982,1,Limited,current
TB9BK,1983,1,Limited,current
TB9BK,1984,1,Limited,current
TB9BK,1985,1,Limited,current
TB9BK,1986,1,Limited,current
TB9BK,1987,1,Limited,current
TB9BK,1988,1,Limited,current
TB9BK,1989,1,Limited,current
TB9BK,1990,1,Limited,current
TB9BK,1991,1,Limited,current
TB9BK,1992,1,Limited,current
TB9BK,1993,1,Limited,current
TB9BK,1994,1,Limited,current
TB9BK,1995,1,Limited,current
TB9BK,1996,1,Limited,current
TB9BK,1997,1,Limited,current
TB9BK,1998,1,Limited,current
TB9BK,1999,1,Limited,current
TB9BK,2000,1,Limited,current
TB9BK,2001,1,Limited,current
TB9BK,2002,1,Limited,current
TB9BK,2003,1,Limited,historical
TB9BK,2004,1,Limited,historical
TB9BK,2005,1,Limited,historical
TB9BK,2006,1,Limited,historical
TB9BK,2007,1,Limited,historical
TB9BK,2008,1,Limited,historical
TB9BK,2009,1,Limited,historical
TB9BK,2010,1,Limited,historical
TB9BK,2011,1,Limited,historical
TB9BK,2012,1,Limited,historical
TB9BK,2013,1,Limited,historical
TB9BK,2014,1,Limited,historical
TB9BK,2015,1,Limited,historical
TB9BK,2016,1,Limited,historical
TB9BK,2017,1,Limited,historical
TB9BK,2018,1,Limited,historical
TB9BK,2019,1,Limited,historical
TB9BK,2020,1,Limited,historical
TB9BK,2021,1,Limited,historical
TB9BK,2022,1,Limited,current
TB9BK,2023,1,Limited,current
TB9BK,2024,1,Limited,current
TB9BK,2025,1,Limited,current
U11A,1975,1,Limited,current
U11A,1976,1,Limited,current
U11A,1977,1,Limited,current
U11A,1978,1,Limited,current
U11A,1979,1,Limited,current
U11A,1980,1,Limited,current
U11A,1981,1,Limited,current
U11A,1982,1,Limited,current
U11A,1983,1,Limited,current
U11A,1984,1,Limited,current
U11A,1985,1,Limited,current
U11A,1986,1,Limited,current
U11A,1987,1,Limited,current
U11A,1988,1,Limited,current
U11A,1989,1,Limited,current
U11A,1990,1,Limited,current
U11A,1991,1,Limited,current
U11A,1992,1,Limited,current
U11A,1993,1,Limited,current
U11A,1994,1,Limited,current
U11A,1995,1,Limited,current
U11A,1996,1,Limited,historical
U11A,1997,1,Limited,historical
U11A,1998,1,Limited,historical
U11A,1999,1,Limited,historical
U11A,2000,1,Limited,historical
U11A,2001,1,Limited,historical
U11A,2002,1,Limited,historical
U11A,2003,1,Limited,historical
U11A,2004,1,Limited,historical
U11A,2005,1,Limited,historical
U11A,2006,1,Limited,historical
U11A,2007,1,Limited,historical
U11A,2008,1,Limited,historical
U11A,2009,1,Limited,historical
U11A,2010,1,Limited,historical
U11A,2011,1,Limited,historical
U11A,2012,1,Limited,historical
U11A,2013,1,Limited,historical
U11A,2014,1,Limited,historical
U11A,2015,1,Limited,historical
U11A,2016,1,Limited,historical
U11A,2017,1,Limited,historical
U11A,2018,1,Limited,historical
U11A,2019,1,Limited,historical
U11A,2020,1,Limited,historical
U11A,2021,1,Limited,historical
U11A,2022,1,Limited,current
U11A,2023,1,Limited,current
U11A,2024,1,Limited,current
U11A,2025,1,Limited,current
U11B,1975,0,Open,current
U11B,1976,0,Open,current
U11B,1977,0,Open,current
U11B,1978,0,Open,current
U11B,1979,0,Open,current
U11B,1980,0,Open,current
U11B,1981,0,Open,current
U11B,1982,0,Open,current
U11B,1983,0,Open,current
U11B,1984,0,Open,current
U11B,1985,0,Open,current
U11B,1986,0,Open,current
U11B,1987,0,Open,current
U11B,1988,0,Open,current
U11B,1989,0,Open,current
U11B,1990,0,Open,current
U11B,1991,0,Open,current
U11B,1992,0,Open,current
U11B,1993,0,Open,current
U11B,1994,0,Open,historical
U11B,1995,0,Open,historical
U11B,1996,0,Open,historical
U11B,1997,0,Open,historical
U11B,1998,0,Open,historical
U11B,1999,0,Open,historical
U11B,2000,0,Open,historical
U11B,2001,0,Open,historical
U11B,2002,0,Open,historical
U11B,2003,0,Open,historical
U11B,2004,0,Open,historical
U11B,2005,0,Open,historical
U11B,2006,0,Open,historical
U11B,2007,0,Open,historical
U11B,2008,0,Open,historical
U11B,2009,0,Open,historical
U11B,2010,0,Open,historical
U11B,2011,0,Open,historical
U11B,2012,0,Open,historical
U11B,2013,0,Open,historical
U11B,2014,0,Open,historical
U11B,2015,0,Open,historical
U11B,2016,0,Open,historical
U11B,2017,0,Open,historical
U11B,2018,0,Open,historical
U11B,2019,0,Open,historical
U11B,2020,0,Open,historical
U11B,2021,0,Open,historical
U11B,2022,0,Open,current
U11B,2023,0,Open,current
U11B,2024,0,Open,current
U11B,2025,0,Open,current
U11K,1975,0,Open,current
U11K,1976,0,Open,current
U11K,1977,0,Open,current
U11K,1978,0,Open,current
U11K,1979,0,Open,current
U11K,1980,0,Open,current
U11K,1981,0,Open,current
U11K,1982,0,Open,current
U11K,1983,0,Open,current
U11K,1984,0,Open,current
U11K,1985,0,Open,current
U11K,1986,0,Open,current
U11K,1987,0,Open,current
U11K,1988,0,Open,current
U11K,1989,0,Open,current
U11K,1990,0,Open,current
U11K,1991,0,Open,current
U11K,1992,0,Open,current
U11K,1993,0,Open,current
U11K,1994,0,Open,current
U11K,1995,0,Open,current
U11K,1996,0,Open,current
U11K,1997,0,Open,current
U11K,1998,0,Open,current
U11K,1999,0,Open,current
U11K,2000,0,Open,current
U11K,2001,0,Open,current
U11K,2002,0,Open,current
U11K,2003,0,Open,current
U11K,2004,0,Open,current
U11K,2005,0,Open,historical
U11K,2006,0,Open,historical
U11K,2007,0,Open,historical
U11K,2008,0,Open,historical
U11K,2009,0,Open,historical
U11K,2010,0,Open,historical
U11K,2011,0,Open,historical
U11K,2012,0,Open,historical
U11K,2013,0,Open,historical
U11K,2014,0,Open,historical
U11K,2015,0,Open,historical
U11K,2016,0,Open,historical
U11K,2017,0,Open,historical
U11K,2018,0,Open,historical
U11K,2019,0,Open,historical
U11K,2020,0,Open,historical
U11K,2021,0,Open,historical
U11K,2022,0,Open,current
U11K,2023,0,Open,current
U11K,2024,0,Open,current
U11K,2025,0,Open,current
U12B,1975,0,Open,historical-outside-range
U12B,1976,0,Open,historical-outside-range
U12B,1977,0,Open,historical-outside-range
U12B,1978,0,Open,historical-outside-range
U12B,1979,0,Open,historical-outside-range
U12B,1980,0,Open,historical-outside-range
U12B,1981,0,Open,historical-outside-range
U12B,1982,0,Open,historical-outside-range
U12B,1983,0,Open,historical-outside-range
U12B,1984,0,Open,historical-outside-range
U12B,1985,0,Open,historical-outside-range
U12B,1986,0,Open,historical-outside-range
U12B,1987,0,Open,historical-outside-range
U12B,1988,0,Open,historical-outside-range
U12B,1989,0,Open,historical-outside-range
U12B,1990,0,Open,historical
U12B,1991,0,Open,historical
U12B,1992,0,Open,historical
U12B,1993,0,Open,historical
U12B,1994,0,Open,historical-outside-range
U12B,1995,0,Open,historical-outside-range
U12B,1996,0,Open,historical-outside-range
U12B,1997,0,Open,historical-outside-range
U12B,1998,0,Open,historical-outside-range
U12B,1999,0,Open,historical-outside-range
U12B,2000,0,Open,historical-outside-range
U12B,2001,0,Open,historical-outside-range
U12B,2002,0,Open,historical-outside-range
U12B,2003,0,Open,historical-outside-range
U12B,2004,0,Open,historical-outside-range
U12B,2005,0,Open,historical-outside-range
U12B,2006,0,Open,historical-outside-range
U12B,2007,0,Open,historical-outside-range
U12B,2008,0,Open,historical-outside-range
U12B,2009,0,Open,historical-outside-range
U12B,2010,0,Open,historical-outside-range
U12B,2011,0,Open,historical-outside-range
U12B,2012,0,Open,historical-outside-range
U12B,2013,0,Open,historical-outside-range
U12B,2014,0,Open,historical-outside-range
U12B,2015,0,Open,historical-outside-range
U12B,2016,0,Open,historical-outside-range
U12B,2017,0,Open,historical-outside-range
U12B,2018,0,Open,historical-outside-range
U12B,2019,0,Open,historical-outside-range
U12B,2020,0,Open,historical-outside-range
U12B,2021,0,Open,historical-outside-range
U12B,2022,0,Open,historical-outside-range
U12B,2023,0,Open,historical-outside-range
U12B,2024,0,Open,historical-outside-range
U12B,2025,0,Open,historical-outside-range
W07B,1975,0,Open,historical-outside-range
W07B,1976,0,Open,historical-outside-range
W07B,1977,0,Open,historical-outside-range
W07B,1978,0,Open,historical-outside-range
W07B,1979,0,Open,historical-outside-range
W07B,1980,0,Open,historical-outside-range
W07B,1981,0,Open,historical-outside-range
W07B,1982,0,Open,historical-outside-range
W07B,1983,0,Open,historical-outside-range
W07B,1984,0,Open,historical-outside-range
W07B,1985,0,Open,historical-outside-range
W07B,1986,0,Open,historical-outside-range
W07B,1987,0,Open,historical-outside-range
W07B,1988,0,Open,historical-outside-range
W07B,1989,0,Open,historical-outside-range
W07B,1990,0,Open,historical-outside-range
W07B,1991,0,Open,historical-outside-range
W07B,1992,0,Open,historical-outside-range
W07B,1993,0,Open,historical-outside-range
W07B,1994,0,Open,historical-outside-range
W07B,1995,0,Open,historical-outside-range
W07B,1996,0,Open,historical-outside-range
W07B,1997,0,Open,historical-outside-range
W07B,1998,0,Open,historical-outside-range
W07B,1999,0,Open,historical-outside-range
W07B,2000,0,Open,historical-outside-range
W07B,2001,0,Open,historical-outside-range
W07B,2002,0,Open,historical-outside-range
W07B,2003,0,Open,historical-outside-range
W07B,2004,0,Open,historical-outside-range
W07B,2005,0,Open,historical-outside-range
W07B,2006,0,Open,historical-outside-range
W07B,2007,0,Open,historical-outside-range
W07B,2008,0,Open,historical-outside-range
W07B,2009,0,Open,historical-outside-range
W07B,2010,0,Open,historical-outside-range
W07B,2011,0,Open,historical-outside-range
W07B,2012,0,Open,historical-outside-range
W07B,2013,0,Open,historical-outside-range
W07B,2014,0,Open,historical-outside-range
W07B,2015,0,Open,historical-outside-range
W07B,2016,0,Open,historical-outside-range
W07B,2017,0,Open,historical-outside-range
W07B,2018,0,Open,historical-outside-range
W07B,2019,0,Open,historical-outside-range
W07B,2020,0,Open,historical-outside-range
W07B,2021,0,Open,historical-outside-range
W07B,2022,0,Open,historical-outside-range
W07B,2023,0,Open,historical-outside-range
W07B,2024,0,Open,historical-outside-range
W07B,2025,0,Open,historical-outside-range
W12B,1975,0,Open,historical-outside-range
W12B,1976,0,Open,historical-outside-range
W12B,1977,0,Open,historical-outside-range
W12B,1978,0,Open,historical-outside-range
W12B,1979,0,Open,historical-outside-range
W12B,1980,0,Open,historical-outside-range
W12B,1981,0,Open,historical-outside-range
W12B,1982,0,Open,historical-outside-range
W12B,1983,0,Open,historical-outside-range
W12B,1984,0,Open,historical-outside-range
W12B,1985,0,Open,historical-outside-range
W12B,1986,0,Open,historical-outside-range
W12B,1987,0,Open,historical-outside-range
W12B,1988,0,Open,historical-outside-range
W12B,1989,0,Open,historical-outside-range
W12B,1990,0,Open,historical-outside-range
W12B,1991,0,Open,historical-outside-range
W12B,1992,0,Open,historical-outside-range
W12B,1993,0,Open,historical-outside-range
W12B,1994,0,Open,historical-outside-range
W12B,1995,0,Open,historical-outside-range
W12B,1996,0,Open,historical-outside-range
W12B,1997,0,Open,historical-outside-range
W12B,1998,0,Open,historical-outside-range
W12B,1999,0,Open,historical-outside-range
W12B,2000,0,Open,historical-outside-range
W12B,2001,0,Open,historical-outside-range
W12B,2002,0,Open,historical-outside-range
W12B,2003,0,Open,historical-outside-range
W12B,2004,0,Open,historical-outside-range
W12B,2005,0,Open,historical-outside-range
W12B,2006,0,Open,historical-outside-range
W12B,2007,0,Open,historical-outside-range
W12B,2008,0,Open,historical-outside-range
W12B,2009,0,Open,historical-outside-range
W12B,2010,0,Open,historical-outside-range
W12B,2011,0,Open,historical-outside-range
W12B,2012,0,Open,historical-outside-range
W12B,2013,0,Open,historical-outside-range
W12B,2014,0,Open,historical-outside-range
W12B,2015,0,Open,historical-outside-range
W12B,2016,0,Open,historical-outside-range
W12B,2017,0,Open,historical-outside-range
W12B,2018,0,Open,historical-outside-range
W12B,2019,0,Open,historical-outside-range
W12B,2020,0,Open,historical-outside-range
W12B,2021,0,Open,historical-outside-range
W12B,2022,0,Open,historical-outside-range
W12B,2023,0,Open,historical-outside-range
W12B,2024,0,Open,historical-outside-range
W12B,2025,0,Open,historical-outside-range
W17B,1975,0,Open,historical-outside-range
W17B,1976,0,Open,historical-outside-range
W17B,1977,0,Open,historical-outside-range
W17B,1978,0,Open,historical-outside-range
W17B,1979,0,Open,historical-outside-range
W17B,1980,0,Open,historical-outside-range
W17B,1981,0,Open,historical
W17B,1982,0,Open,historical
W17B,1983,0,Open,historical
W17B,1984,0,Open,historical
W17B,1985,0,Open,historical
W17B,1986,0,Open,historical
W17B,1987,0,Open,historical
W17B,1988,0,Open,historical-outside-range
W17B,1989,0,Open,historical-outside-range
W17B,1990,0,Open,historical-outside-range
W17B,1991,0,Open,historical-outside-range
W17B,1992,0,Open,historical-outside-range
W17B,1993,0,Open,historical-outside-range
W17B,1994,0,Open,historical-outside-range
W17B,1995,0,Open,historical-outside-range
W17B,1996,0,Open,historical-outside-range
W17B,1997,0,Open,historical-outside-range
W17B,1998,0,Open,historical-outside-range
W17B,1999,0,Open,historical-outside-range
W17B,2000,0,Open,historical-outside-range
W17B,2001,0,Open,historical-outside-range
W17B,2002,0,Open,historical-outside-range
W17B,2003,0,Open,historical-outside-range
W17B,2004,0,Open,historical-outside-range
W17B,2005,0,Open,historical-outside-range
W17B,2006,0,Open,historical-outside-range
W17B,2007,0,Open,historical-outside-range
W17B,2008,0,Open,historical-outside-range
W17B,2009,0,Open,historical-outside-range
W17B,2010,0,Open,historical-outside-range
W17B,2011,0,Open,historical-outside-range
W17B,2012,0,Open,historical-outside-range
W17B,2013,0,Open,historical-outside-range
W17B,2014,0,Open,historical-outside-range
W17B,2015,0,Open,historical-outside-range
W17B,2016,0,Open,historical-outside-range
W17B,2017,0,Open,historical-outside-range
W17B,2018,0,Open,historical-outside-range
W17B,2019,0,Open,historical-outside-range
W17B,2020,0,Open,historical-outside-range
W17B,2021,0,Open,historical-outside-range
W17B,2022,0,Open,historical-outside-range
W17B,2023,0,Open,historical-outside-range
W17B,2024,0,Open,historical-outside-range
W17B,2025,0,Open,historical-outside-range
W22B,1975,0,Open,historical-outside-range
W22B,1976,0,Open,historical-outside-range
W22B,1977,0,Open,historical-outside-range
W22B,1978,0,Open,historical-outside-range
W22B,1979,0,Open,historical-outside-range
W22B,1980,0,Open,historical-outside-range
W22B,1981,0,Open,historical
W22B,1982,0,Open,historical
W22B,1983,0,Open,historical
W22B,1984,0,Open,historical
W22B,1985,0,Open,historical
W22B,1986,0,Open,historical
W22B,1987,0,Open,historical
W22B,1988,0,Open,historical
W22B,1989,0,Open,historical
W22B,1990,0,Open,historical
W22B,1991,0,Open,historical
W22B,1992,0,Open,historical
W22B,1993,0,Open,historical
W22B,1994,0,Open,historical
W22B,1995,0,Open,historical
W22B,1996,0,Open,historical
W22B,1997,0,Open,historical
W22B,1998,0,Open,historical
W22B,1999,0,Open,historical
W22B,2000,0,Open,historical
W22B,2001,0,Open,historical
W22B,2002,0,Open,historical
W22B,2003,0,Open,historical
W22B,2004,0,Open,historical
W22B,2005,0,Open,historical
W22B,2006,0,Open,historical-outside-range
W22B,2007,0,Open,historical-outside-range
W22B,2008,0,Open,historical-outside-range
W22B,2009,0,Open,historical-outside-range
W22B,2010,0,Open,historical-outside-range
W22B,2011,0,Open,historical-outside-range
W22B,2012,0,Open,historical-outside-range
W22B,2013,0,Open,historical-outside-range
W22B,2014,0,Open,historical-outside-range
W22B,2015,0,Open,historical-outside-range
W22B,2016,0,Open,historical-outside-range
W22B,2017,0,Open,historical-outside-range
W22B,2018,0,Open,historical-outside-range
W22B,2019,0,Open,historical-outside-range
W22B,2020,0,Open,historical-outside-range
W22B,2021,0,Open,historical-outside-range
W22B,2022,0,Open,historical-outside-range
W22B,2023,0,Open,historical-outside-range
W22B,2024,0,Open,historical-outside-range
W22B,2025,0,Open,historical-outside-range
W22BV,1975,0,Open,historical-outside-range
W22BV,1976,0,Open,historical-outside-range
W22BV,1977,0,Open,historical-outside-range
W22BV,1978,0,Open,historical-outside-range
W22BV,1979,0,Open,historical-outside-range
W22BV,1980,0,Open,historical-outside-range
W22BV,1981,0,Open,historical-outside-range
W22BV,1982,0,Open,historical-outside-range
W22BV,1983,0,Open,historical-outside-range
W22BV,1984,0,Open,historical-outside-range
W22BV,1985,0,Open,historical-outside-range
W22BV,1986,0,Open,historical-outside-range
W22BV,1987,0,Open,historical-outside-range
W22BV,1988,0,Open,historical-outside-range
W22BV,1989,0,Open,historical-outside-range
W22BV,1990,0,Open,historical-outside-range
W22BV,1991,0,Open,historical-outside-range
W22BV,1992,0,Open,historical-outside-range
W22BV,1993,0,Open,historical-outside-range
W22BV,1994,0,Open,historical-outside-range
W22BV,1995,0,Open,historical-outside-range
W22BV,1996,0,Open,historical-outside-range
W22BV,1997,0,Open,historical-outside-range
W22BV,1998,0,Open,historical-outside-range
W22BV,1999,0,Open,historical-outside-range
W22BV,2000,0,Open,historical-outside-range
W22BV,2001,0,Open,historical-outside-range
W22BV,2002,0,Open,historical-outside-range
W22BV,2003,0,Open,historical-outside-range
W22BV,2004,0,Open,historical-outside-range
W22BV,2005,0,Open,historical-outside-range
W22BV,2006,0,Open,historical-outside-range
W22BV,2007,0,Open,historical-outside-range
W22BV,2008,0,Open,historical-outside-range
W22BV,2009,0,Open,historical-outside-range
W22BV,2010,0,Open,historical-outside-range
W22BV,2011,0,Open,historical-outside-range
W22BV,2012,0,Open,historical-outside-range
W22BV,2013,0,Open,historical-outside-range
W22BV,2014,0,Open,historical-outside-range
W22BV,2015,0,Open,historical-outside-range
W22BV,2016,0,Open,historical-outside-range
W22BV,2017,0,Open,historical-outside-range
W22BV,2018,0,Open,historical-outside-range
W22BV,2019,0,Open,historical-outside-range
W22BV,2020,0,Open,historical-outside-range
W22BV,2021,0,Open,historical-outside-range
W22BV,2022,0,Open,historical-outside-range
W22BV,2023,0,Open,historical-outside-range
W22BV,2024,0,Open,historical-outside-range
W22BV,2025,0,Open,historical-outside-range
W22HV,1975,0,Open,historical-outside-range
W22HV,1976,0,Open,historical-outside-range
W22HV,1977,0,Open,historical-outside-range
W22HV,1978,0,Open,historical-outside-range
W22HV,1979,0,Open,historical-outside-range
W22HV,1980,0,Open,historical-outside-range
W22HV,1981,0,Open,historical-outside-range
W22HV,1982,0,Open,historical-outside-range
W22HV,1983,0,Open,historical-outside-range
W22HV,1984,0,Open,historical-outside-range
W22HV,1985,0,Open,historical-outside-range
W22HV,1986,0,Open,historical-outside-range
W22HV,1987,0,Open,historical-outside-range
W22HV,1988,0,Open,historical-outside-range
W22HV,1989,0,Open,historical-outside-range
W22HV,1990,0,Open,historical-outside-range
W22HV,1991,0,Open,historical-outside-range
W22HV,1992,0,Open,historical-outside-range
W22HV,1993,0,Open,historical-outside-range
W22HV,1994,0,Open,historical-outside-range
W22HV,1995,0,Open,historical-outside-range
W22HV,1996,0,Open,historical-outside-range
W22HV,1997,0,Open,historical-outside-range
W22HV,1998,0,Open,historical-outside-range
W22HV,1999,0,Open,historical-outside-range
W22HV,2000,0,Open,historical-outside-range
W22HV,2001,0,Open,historical-outside-range
W22HV,2002,0,Open,historical-outside-range
W22HV,2003,0,Open,historical-outside-range
W22HV,2004,0,Open,historical-outside-range
W22HV,2005,0,Open,historical-outside-range
W22HV,2006,0,Open,historical-outside-range
W22HV,2007,0,Open,historical-outside-range
W22HV,2008,0,Open,historical-outside-range
W22HV,2009,0,Open,historical-outside-range
W22HV,2010,0,Open,historical-outside-range
W22HV,2011,0,Open,historical-outside-range
W22HV,2012,0,Open,historical-outside-range
W22HV,2013,0,Open,historical-outside-range
W22HV,2014,0,Open,historical-outside-range
W22HV,2015,0,Open,historical-outside-range
W22HV,2016,0,Open,historical-outside-range
W22HV,2017,0,Open,historical-outside-range
W22HV,2018,0,Open,historical-outside-range
W22HV,2019,0,Open,historical-outside-range
W22HV,2020,0,Open,historical-outside-range
W22HV,2021,0,Open,historical-outside-range
W22HV,2022,0,Open,historical-outside-range
W22HV,2023,0,Open,historical-outside-range
W22HV,2024,0,Open,historical-outside-range
W22HV,2025,0,Open,historical-outside-range
W2AB,1975,0,Open,historical-outside-range
W2AB,1976,0,Open,historical-outside-range
W2AB,1977,0,Open,historical-outside-range
W2AB,1978,0,Open,historical-outside-range
W2AB,1979,0,Open,historical-outside-range
W2AB,1980,0,Open,historical-outside-range
W2AB,1981,0,Open,historical-outside-range
W2AB,1982,0,Open,historical-outside-range
W2AB,1983,0,Open,historical-outside-range
W2AB,1984,0,Open,historical-outside-range
W2AB,1985,0,Open,historical-outside-range
W2AB,1986,0,Open,historical-outside-range
W2AB,1987,0,Open,historical-outside-range
W2AB,1988,0,Open,historical-outside-range
W2AB,1989,0,Open,historical-outside-range
W2AB,1990,0,Open,historical-outside-range
W2AB,1991,0,Open,historical-outside-range
W2AB,1992,0,Open,historical-outside-range
W2AB,1993,0,Open,historical-outside-range
W2AB,1994,0,Open,historical-outside-range
W2AB,1995,0,Open,historical-outside-range
W2AB,1996,0,Open,historical-outside-range
W2AB,1997,0,Open,historical-outside-range
W2AB,1998,0,Open,historical-outside-range
W2AB,1999,0,Open,historical-outside-range
W2AB,2000,0,Open,historical-outside-range
W2AB,2001,0,Open,historical-outside-range
W2AB,2002,0,Open,historical-outside-range
W2AB,2003,0,Open,historical-outside-range
W2AB,2004,0,Open,historical-outside-range
W2AB,2005,0,Open,historical-outside-range
W2AB,2006,0,Open,historical
W2AB,2007,0,Open,historical
W2AB,2008,0,Open,historical
W2AB,2009,0,Open,historical
W2AB,2010,0,Open,historical
W2AB,2011,0,Open,historical
W2AB,2012,0,Open,historical
W2AB,2013,0,Open,historical
W2AB,2014,0,Open,historical-outside-range
W2AB,2015,0,Open,historical-outside-range
W2AB,2016,0,Open,historical-outside-range
W2AB,2017,0,Open,historical-outside-range
W2AB,2018,0,Open,historical-outside-range
W2AB,2019,0,Open,historical-outside-range
W2AB,2020,0,Open,historical-outside-range
W2AB,2021,0,Open,historical-outside-range
W2AB,2022,0,Open,historical-outside-range
W2AB,2023,0,Open,historical-outside-range
W2AB,2024,0,Open,historical-outside-range
W2AB,2025,0,Open,historical-outside-range
W2ABV,1975,0,Open,historical-outside-range
W2ABV,1976,0,Open,historical-outside-range
W2ABV,1977,0,Open,historical-outside-range
W2ABV,1978,0,Open,historical-outside-range
W2ABV,1979,0,Open,historical-outside-range
W2ABV,1980,0,Open,historical-outside-range
W2ABV,1981,0,Open,historical-outside-range
W2ABV,1982,0,Open,historical-outside-range
W2ABV,1983,0,Open,historical-outside-range
W2ABV,1984,0,Open,historical-outside-range
W2ABV,1985,0,Open,historical-outside-range
W2ABV,1986,0,Open,historical-outside-range
W2ABV,1987,0,Open,historical-outside-range
W2ABV,1988,0,Open,historical-outside-range
W2ABV,1989,0,Open,historical-outside-range
W2ABV,1990,0,Open,historical-outside-range
W2ABV,1991,0,Open,historical-outside-range
W2ABV,1992,0,Open,historical-outside-range
W2ABV,1993,0,Open,historical-outside-range
W2ABV,1994,0,Open,historical-outside-range
W2ABV,1995,0,Open,historical-outside-range
W2ABV,1996,0,Open,historical-outside-range
W2ABV,1997,0,Open,historical-outside-range
W2ABV,1998,0,Open,historical-outside-range
W2ABV,1999,0,Open,historical-outside-range
W2ABV,2000,0,Open,historical-outside-range
W2ABV,2001,0,Open,historical-outside-range
W2ABV,2002,0,Open,historical-outside-range
W2ABV,2003,0,Open,historical-outside-range
W2ABV,2004,0,Open,historical-outside-range
W2ABV,2005,0,Open,historical-outside-range
W2ABV,2006,0,Open,historical-outside-range
W2ABV,2007,0,Open,historical-outside-range
W2ABV,2008,0,Open,historical-outside-range
W2ABV,2009,0,Open,historical-outside-range
W2ABV,2010,0,Open,historical-outside-range
W2ABV,2011,0,Open,historical-outside-range
W2ABV,2012,0,Open,historical-outside-range
W2ABV,2013,0,Open,historical-outside-range
W2ABV,2014,0,Open,historical-outside-range
W2ABV,2015,0,Open,historical-outside-range
W2ABV,2016,0,Open,historical-outside-range
W2ABV,2017,0,Open,historical-outside-range
W2ABV,2018,0,Open,historical-outside-range
W2ABV,2019,0,Open,historical-outside-range
W2ABV,2020,0,Open,historical-outside-range
W2ABV,2021,0,Open,historical-outside-range
W2ABV,2022,0,Open,historical-outside-range
W2ABV,2023,0,Open,historical-outside-range
W2ABV,2024,0,Open,historical-outside-range
W2ABV,2025,0,Open,historical-outside-range
W2AFW,1975,0,Open,current
W2AFW,1976,0,Open,current
W2AFW,1977,0,Open,current
W2AFW,1978,0,Open,current
W2AFW,1979,0,Open,current
W2AFW,1980,0,Open,current
W2AFW,1981,0,Open,current
W2AFW,1982,0,Open,current
W2AFW,1983,0,Open,current
W2AFW,1984,0,Open,current
W2AFW,1985,0,Open,current
W2AFW,1986,0,Open,current
W2AFW,1987,0,Open,current
W2AFW,1988,0,Open,current
W2AFW,1989,0,Open,current
W2AFW,1990,0,Open,current
W2AFW,1991,0,Open,current
W2AFW,1992,0,Open,current
W2AFW,1993,0,Open,current
W2AFW,1994,0,Open,current
W2AFW,1995,0,Open,current
W2AFW,1996,0,Open,current
W2AFW,1997,0,Open,current
W2AFW,1998,0,Open,current
W2AFW,1999,0,Open,current
W2AFW,2000,0,Open,current
W2AFW,2001,0,Open,current
W2AFW,2002,0,Open,current
W2AFW,2003,0,Open,current
W2AFW,2004,0,Open,current
W2AFW,2005,0,Open,current
W2AFW,2006,0,Open,current
W2AFW,2007,0,Open,current
W2AFW,2008,0,Open,current
W2AFW,2009,0,Open,current
W2AFW,2010,0,Open,current
W2AFW,2011,0,Open,current
W2AFW,2012,0,Open,current
W2AFW,2013,0,Open,current
W2AFW,2014,0,Open,historical
W2AFW,2015,0,Open,historical
W2AFW,2016,0,Open,historical
W2AFW,2017,0,Open,historical
W2AFW,2018,0,Open,historical
W2AFW,2019,0,Open,historical
W2AFW,2020,0,Open,historical
W2AFW,2021,0,Open,historical
W2AFW,2022,0,Open,current
W2AFW,2023,0,Open,current
W2AFW,2024,0,Open,current
W2AFW,2025,0,Open,current
W2ASW,1975,0,Open,current
W2ASW,1976,0,Open,current
W2ASW,1977,0,Open,current
W2ASW,1978,0,Open,current
W2ASW,1979,0,Open,current
W2ASW,1980,0,Open,current
W2ASW,1981,0,Open,current
W2ASW,1982,0,Open,current
W2ASW,1983,0,Open,current
W2ASW,1984,0,Open,current
W2ASW,1985,0,Open,current
W2ASW,1986,0,Open,current
W2ASW,1987,0,Open,current
W2ASW,1988,0,Open,current
W2ASW,1989,0,Open,current
W2ASW,1990,0,Open,current
W2ASW,1991,0,Open,current
W2ASW,1992,0,Open,current
W2ASW,1993,0,Open,current
W2ASW,1994,0,Open,current
W2ASW,1995,0,Open,current
W2ASW,1996,0,Open,current
W2ASW,1997,0,Open,current
W2ASW,1998,0,Open,current
W2ASW,1999,0,Open,current
W2ASW,2000,0,Open,current
W2ASW,2001,0,Open,current
W2ASW,2002,0,Open,current
W2ASW,2003,0,Open,current
W2ASW,2004,0,Open,current
W2ASW,2005,0,Open,current
W2ASW,2006,0,Open,current
W2ASW,2007,0,Open,current
W2ASW,2008,0,Open,current
W2ASW,2009,0,Open,current
W2ASW,2010,0,Open,current
W2ASW,2011,0,Open,current
W2ASW,2012,0,Open,current
W2ASW,2013,0,Open,current
W2ASW,2014,0,Open,historical
W2ASW,2015,0,Open,historical
W2ASW,2016,0,Open,historical
W2ASW,2017,0,Open,historical
W2ASW,2018,0,Open,historical
W2ASW,2019,0,Open,historical
W2ASW,2020,0,Open,historical
W2ASW,2021,0,Open,historical
W2ASW,2022,0,Open,current
W2ASW,2023,0,Open,current
W2ASW,2024,0,Open,current
W2ASW,2025,0,Open,current
W2BB,1975,0,Open,historical-outside-range
W2BB,1976,0,Open,historical-outside-range
W2BB,1977,0,Open,historical-outside-range
W2BB,1978,0,Open,historical-outside-range
W2BB,1979,0,Open,historical-outside-range
W2BB,1980,0,Open,historical-outside-range
W2BB,1981,0,Open,historical-outside-range
W2BB,1982,0,Open,historical-outside-range
W2BB,1983,0,Open,historical-outside-range
W2BB,1984,0,Open,historical-outside-range
W2BB,1985,0,Open,historical-outside-range
W2BB,1986,0,Open,historical-outside-range
W2BB,1987,0,Open,historical-outside-range
W2BB,1988,0,Open,historical-outside-range
W2BB,1989,0,Open,historical-outside-range
W2BB,1990,0,Open,historical-outside-range
W2BB,1991,0,Open,historical-outside-range
W2BB,1992,0,Open,historical-outside-range
W2BB,1993,0,Open,historical-outside-range
W2BB,1994,0,Open,historical-outside-range
W2BB,1995,0,Open,historical-outside-range
W2BB,1996,0,Open,historical-outside-range
W2BB,1997,0,Open,historical-outside-range
W2BB,1998,0,Open,historical-outside-range
W2BB,1999,0,Open,historical-outside-range
W2BB,2000,0,Open,historical-outside-range
W2BB,2001,0,Open,historical-outside-range
W2BB,2002,0,Open,historical-outside-range
W2BB,2003,0,Open,historical-outside-range
W2BB,2004,0,Open,historical-outside-range
W2BB,2005,0,Open,historical-outside-range
W2BB,2006,0,Open,historical
W2BB,2007,0,Open,historical
W2BB,2008,0,Open,historical
W2BB,2009,0,Open,historical
W2BB,2010,0,Open,historical
W2BB,2011,0,Open,historical
W2BB,2012,0,Open,historical
W2BB,2013,0,Open,historical
W2BB,2014,0,Open,historical-outside-range
W2BB,2015,0,Open,historical-outside-range
W2BB,2016,0,Open,historical-outside-range
W2BB,2017,0,Open,historical-outside-range
W2BB,2018,0,Open,historical-outside-range
W2BB,2019,0,Open,historical-outside-range
W2BB,2020,0,Open,historical-outside-range
W2BB,2021,0,Open,historical-outside-range
W2BB,2022,0,Open,historical-outside-range
W2BB,2023,0,Open,historical-outside-range
W2BB,2024,0,Open,historical-outside-range
W2BB,2025,0,Open,historical-outside-range
W2BBV,1975,0,Open,historical-outside-range
W2BBV,1976,0,Open,historical-outside-range
W2BBV,1977,0,Open,historical-outside-range
W2BBV,1978,0,Open,historical-outside-range
W2BBV,1979,0,Open,historical-outside-range
W2BBV,1980,0,Open,historical-outside-range
W2BBV,1981,0,Open,historical-outside-range
W2BBV,1982,0,Open,historical-outside-range
W2BBV,1983,0,Open,historical-outside-range
W2BBV,1984,0,Open,historical-outside-range
W2BBV,1985,0,Open,historical-outside-range
W2BBV,1986,0,Open,historical-outside-range
W2BBV,1987,0,Open,historical-outside-range
W2BBV,1988,0,Open,historical-outside-range
W2BBV,1989,0,Open,historical-outside-range
W2BBV,1990,0,Open,historical-outside-range
W2BBV,1991,0,Open,historical-outside-range
W2BBV,1992,0,Open,historical-outside-range
W2BBV,1993,0,Open,historical-outside-range
W2BBV,1994,0,Open,historical-outside-range
W2BBV,1995,0,Open,historical-outside-range
W2BBV,1996,0,Open,historical-outside-range
W2BBV,1997,0,Open,historical-outside-range
W2BBV,1998,0,Open,historical-outside-range
W2BBV,1999,0,Open,historical-outside-range
W2BBV,2000,0,Open,historical-outside-range
W2BBV,2001,0,Open,historical-outside-range
W2BBV,2002,0,Open,historical-outside-range
W2BBV,2003,0,Open,historical-outside-range
W2BBV,2004,0,Open,historical-outside-range
W2BBV,2005,0,Open,historical-outside-range
W2BBV,2006,0,Open,historical-outside-range
W2BBV,2007,0,Open,historical-outside-range
W2BBV,2008,0,Open,historical-outside-range
W2BBV,2009,0,Open,historical-outside-range
W2BBV,2010,0,Open,historical-outside-range
W2BBV,2011,0,Open,historical-outside-range
W2BBV,2012,0,Open,historical-outside-range
W2BBV,2013,0,Open,historical-outside-range
W2BBV,2014,0,Open,historical-outside-range
W2BBV,2015,0,Open,historical-outside-range
W2BBV,2016,0,Open,historical-outside-range
W2BBV,2017,0,Open,historical-outside-range
W2BBV,2018,0,Open,historical-outside-range
W2BBV,2019,0,Open,historical-outside-range
W2BBV,2020,0,Open,historical-outside-range
W2BBV,2021,0,Open,historical-outside-range
W2BBV,2022,0,Open,historical-outside-range
W2BBV,2023,0,Open,historical-outside-range
W2BBV,2024,0,Open,historical-outside-range
W2BBV,2025,0,Open,historical-outside-range
W2BFW,1975,0,Open,current
W2BFW,1976,0,Open,current
W2BFW,1977,0,Open,current
W2BFW,1978,0,Open,current
W2BFW,1979,0,Open,current
W2BFW,1980,0,Open,current
W2BFW,1981,0,Open,current
W2BFW,1982,0,Open,current
W2BFW,1983,0,Open,current
W2BFW,1984,0,Open,current
W2BFW,1985,0,Open,current
W2BFW,1986,0,Open,current
W2BFW,1987,0,Open,current
W2BFW,1988,0,Open,current
W2BFW,1989,0,Open,current
W2BFW,1990,0,Open,current
W2BFW,1991,0,Open,current
W2BFW,1992,0,Open,current
W2BFW,1993,0,Open,current
W2BFW,1994,0,Open,current
W2BFW,1995,0,Open,current
W2BFW,1996,0,Open,current
W2BFW,1997,0,Open,current
W2BFW,1998,0,Open,current
W2BFW,1999,0,Open,current
W2BFW,2000,0,Open,current
W2BFW,2001,0,Open,current
W2BFW,2002,0,Open,current
W2BFW,2003,0,Open,current
W2BFW,2004,0,Open,current
W2BFW,2005,0,Open,current
W2BFW,2006,0,Open,current
W2BFW,2007,0,Open,current
W2BFW,2008,0,Open,current
W2BFW,2009,0,Open,current
W2BFW,2010,0,Open,current
W2BFW,2011,0,Open,current
W2BFW,2012,0,Open,current
W2BFW,2013,0,Open,current
W2BFW,2014,0,Open,historical
W2BFW,2015,0,Open,historical
W2BFW,2016,0,Open,historical
W2BFW,2017,0,Open,historical
W2BFW,2018,0,Open,historical
W2BFW,2019,0,Open,historical
W2BFW,2020,0,Open,historical
W2BFW,2021,0,Open,historical
W2BFW,2022,0,Open,current
W2BFW,2023,0,Open,current
W2BFW,2024,0,Open,current
W2BFW,2025,0,Open,current
W2BSW,1975,0,Open,current
W2BSW,1976,0,Open,current
W2BSW,1977,0,Open,current
W2BSW,1978,0,Open,current
W2BSW,1979,0,Open,current
W2BSW,1980,0,Open,current
W2BSW,1981,0,Open,current
W2BSW,1982,0,Open,current
W2BSW,1983,0,Open,current
W2BSW,1984,0,Open,current
W2BSW,1985,0,Open,current
W2BSW,1986,0,Open,current
W2BSW,1987,0,Open,current
W2BSW,1988,0,Open,current
W2BSW,1989,0,Open,current
W2BSW,1990,0,Open,current
W2BSW,1991,0,Open,current
W2BSW,1992,0,Open,current
W2BSW,1993,0,Open,current
W2BSW,1994,0,Open,current
W2BSW,1995,0,Open,current
W2BSW,1996,0,Open,current
W2BSW,1997,0,Open,current
W2BSW,1998,0,Open,current
W2BSW,1999,0,Open,current
W2BSW,2000,0,Open,current
W2BSW,2001,0,Open,current
W2BSW,2002,0,Open,current
W2BSW,2003,0,Open,current
W2BSW,2004,0,Open,current
W2BSW,2005,0,Open,current
W2BSW,2006,0,Open,current
W2BSW,2007,0,Open,current
W2BSW,2008,0,Open,current
W2BSW,2009,0,Open,current
W2BSW,2010,0,Open,current
W2BSW,2011,0,Open,current
W2BSW,2012,0,Open,current
W2BSW,2013,0,Open,current
W2BSW,2014,0,Open,historical
W2BSW,2015,0,Open,historical
W2BSW,2016,0,Open,historical
W2BSW,2017,0,Open,historical
W2BSW,2018,0,Open,historical
W2BSW,2019,0,Open,historical
W2BSW,2020,0,Open,historical
W2BSW,2021,0,Open,historical
W2BSW,2022,0,Open,current
W2BSW,2023,0,Open,current
W2BSW,2024,0,Open,current
W2BSW,2025,0,Open,current
W99B,1975,0,Open,historical-outside-range
W99B,1976,0,Open,historical-outside-range
W99B,1977,0,Open,historical-outside-range
W99B,1978,0,Open,historical-outside-range
W99B,1979,0,Open,historical-outside-range
W99B,1980,0,Open,historical-outside-range
W99B,1981,0,Open,historical-outside-range
W99B,1982,0,Open,historical-outside-range
W99B,1983,0,Open,historical-outside-range
W99B,1984,0,Open,historical-outside-range
W99B,1985,0,Open,historical-outside-range
W99B,1986,0,Open,historical-outside-range
W99B,1987,0,Open,historical-outside-range
W99B,1988,0,Open,historical-outside-range
W99B,1989,0,Open,historical-outside-range
W99B,1990,0,Open,historical-outside-range
W99B,1991,0,Open,historical-outside-range
W99B,1992,0,Open,historical-outside-range
W99B,1993,0,Open,historical-outside-range
W99B,1994,0,Open,historical-outside-range
W99B,1995,0,Open,historical-outside-range
W99B,1996,0,Open,historical-outside-range
W99B,1997,0,Open,historical-outside-range
W99B,1998,0,Open,historical-outside-range
W99B,1999,0,Open,historical-outside-range
W99B,2000,0,Open,historical-outside-range
W99B,2001,0,Open,historical-outside-range
W99B,2002,0,Open,historical-outside-range
W99B,2003,0,Open,historical-outside-range
W99B,2004,0,Open,historical-outside-range
W99B,2005,0,Open,historical-outside-range
W99B,2006,0,Open,historical-outside-range
W99B,2007,0,Open,historical-outside-range
W99B,2008,0,Open,historical-outside-range
W99B,2009,0,Open,historical-outside-range
W99B,2010,0,Open,historical-outside-range
W99B,2011,0,Open,historical-outside-range
W99B,2012,0,Open,historical-outside-range
W99B,2013,0,Open,historical-outside-range
W99B,2014,0,Open,historical-outside-range
W99B,2015,0,Open,historical-outside-range
W99B,2016,0,Open,historical-outside-range
W99B,2017,0,Open,historical-outside-range
W99B,2018,0,Open,historical-outside-range
W99B,2019,0,Open,historical-outside-range
W99B,2020,0,Open,historical-outside-range
W99B,2021,0,Open,historical-outside-range
W99B,2022,0,Open,historical-outside-range
W99B,2023,0,Open,historical-outside-range
W99B,2024,0,Open,historical-outside-range
W99B,2025,0,Open,historical-outside-range
Y05A,1975,0,Open,current
Y05A,1976,0,Open,current
Y05A,1977,0,Open,current
Y05A,1978,0,Open,current
Y05A,1979,0,Open,current
Y05A,1980,0,Open,current
Y05A,1981,0,Open,current
Y05A,1982,0,Open,current
Y05A,1983,0,Open,current
Y05A,1984,0,Open,current
Y05A,1985,0,Open,current
Y05A,1986,0,Open,current
Y05A,1987,0,Open,current
Y05A,1988,0,Open,current
Y05A,1989,0,Open,current
Y05A,1990,0,Open,historical
Y05A,1991,0,Open,historical
Y05A,1992,0,Open,historical
Y05A,1993,0,Open,historical
Y05A,1994,0,Open,historical
Y05A,1995,0,Open,historical
Y05A,1996,0,Open,historical
Y05A,1997,0,Open,historical
Y05A,1998,0,Open,historical
Y05A,1999,0,Open,historical
Y05A,2000,0,Open,historical
Y05A,2001,0,Open,historical
Y05A,2002,0,Open,historical
Y05A,2003,0,Open,historical
Y05A,2004,0,Open,historical
Y05A,2005,0,Open,historical
Y05A,2006,0,Open,historical
Y05A,2007,0,Open,historical
Y05A,2008,0,Open,historical
Y05A,2009,0,Open,historical
Y05A,2010,0,Open,historical
Y05A,2011,0,Open,historical
Y05A,2012,0,Open,historical
Y05A,2013,0,Open,historical
Y05A,2014,0,Open,historical
Y05A,2015,0,Open,historical
Y05A,2016,0,Open,historical
Y05A,2017,0,Open,historical
Y05A,2018,0,Open,historical
Y05A,2019,0,Open,historical
Y05A,2020,0,Open,historical
Y05A,2021,0,Open,historical
Y05A,2022,0,Open,current
Y05A,2023,0,Open,current
Y05A,2024,0,Open,current
Y05A,2025,0,Open,current
Y06A,1975,0,Open,current
Y06A,1976,0,Open,current
Y06A,1977,0,Open,current
Y06A,1978,0,Open,current
Y06A,1979,0,Open,current
Y06A,1980,0,Open,current
Y06A,1981,0,Open,current
Y06A,1982,0,Open,current
Y06A,1983,0,Open,current
Y06A,1984,0,Open,current
Y06A,1985,0,Open,current
Y06A,1986,0,Open,current
Y06A,1987,0,Open,current
Y06A,1988,0,Open,current
Y06A,1989,0,Open,current
Y06A,1990,0,Open,historical
Y06A,1991,0,Open,historical
Y06A,1992,0,Open,historical
Y06A,1993,0,Open,historical
Y06A,1994,0,Open,historical
Y06A,1995,0,Open,historical
Y06A,1996,0,Open,current
Y06A,1997,0,Open,current
Y06A,1998,0,Open,current
Y06A,1999,0,Open,current
Y06A,2000,0,Open,current
Y06A,2001,0,Open,current
Y06A,2002,0,Open,current
Y06A,2003,0,Open,current
Y06A,2004,0,Open,current
Y06A,2005,0,Open,current
Y06A,2006,0,Open,current
Y06A,2007,0,Open,current
Y06A,2008,0,Open,current
Y06A,2009,0,Open,current
Y06A,2010,0,Open,current
Y06A,2011,0,Open,current
Y06A,2012,0,Open,current
Y06A,2013,0,Open,current
Y06A,2014,0,Open,current
Y06A,2015,0,Open,current
Y06A,2016,0,Open,current
Y06A,2017,0,Open,current
Y06A,2018,0,Open,current
Y06A,2019,0,Open,current
Y06A,2020,0,Open,current
Y06A,2021,0,Open,current
Y06A,2022,0,Open,current
Y06A,2023,0,Open,current
Y06A,2024,0,Open,current
Y06A,2025,0,Open,current
Y25A,1975,0,Open,current
Y25A,1976,0,Open,current
Y25A,1977,0,Open,current
Y25A,1978,0,Open,current
Y25A,1979,0,Open,current
Y25A,1980,0,Open,current
Y25A,1981,0,Open,current
Y25A,1982,0,Open,current
Y25A,1983,0,Open,current
Y25A,1984,0,Open,current
Y25A,1985,0,Open,current
Y25A,1986,0,Open,current
Y25A,1987,0,Open,current
Y25A,1988,0,Open,current
Y25A,1989,0,Open,current
Y25A,1990,0,Open,current
Y25A,1991,0,Open,current
Y25A,1992,0,Open,current
Y25A,1993,0,Open,current
Y25A,1994,0,Open,current
Y25A,1995,0,Open,current
Y25A,1996,0,Open,current
Y25A,1997,0,Open,historical
Y25A,1998,0,Open,historical
Y25A,1999,0,Open,historical
Y25A,2000,0,Open,historical
Y25A,2001,0,Open,historical
Y25A,2002,0,Open,historical
Y25A,2003,0,Open,historical
Y25A,2004,0,Open,historical
Y25A,2005,0,Open,historical
Y25A,2006,0,Open,historical
Y25A,2007,0,Open,historical
Y25A,2008,0,Open,historical
Y25A,2009,0,Open,historical
Y25A,2010,0,Open,historical
Y25A,2011,0,Open,historical
Y25A,2012,0,Open,historical
Y25A,2013,0,Open,historical
Y25A,2014,0,Open,historical
Y25A,2015,0,Open,historical
Y25A,2016,0,Open,historical
Y25A,2017,0,Open,historical
Y25A,2018,0,Open,historical
Y25A,2019,0,Open,historical
Y25A,2020,0,Open,historical
Y25A,2021,0,Open,historical
Y25A,2022,0,Open,current
Y25A,2023,0,Open,current
Y25A,2024,0,Open,current
Y25A,2025,0,Open,current
Y26A,1975,0,Open,current
Y26A,1976,0,Open,current
Y26A,1977,0,Open,current
Y26A,1978,0,Open,current
Y26A,1979,0,Open,current
Y26A,1980,0,Open,current
Y26A,1981,0,Open,current
Y26A,1982,0,Open,current
Y26A,1983,0,Open,current
Y26A,1984,0,Open,current
Y26A,1985,0,Open,current
Y26A,1986,0,Open,current
Y26A,1987,0,Open,current
Y26A,1988,0,Open,current
Y26A,1989,0,Open,current
Y26A,1990,0,Open,historical
Y26A,1991,0,Open,historical
Y26A,1992,0,Open,historical
Y26A,1993,0,Open,historical
Y26A,1994,0,Open,historical
Y26A,1995,0,Open,historical
Y26A,1996,0,Open,historical
Y26A,1997,0,Open,historical
Y26A,1998,0,Open,historical
Y26A,1999,0,Open,historical
Y26A,2000,0,Open,historical
Y26A,2001,0,Open,historical
Y26A,2002,0,Open,historical
Y26A,2003,0,Open,historical
Y26A,2004,0,Open,historical
Y26A,2005,0,Open,historical
Y26A,2006,0,Open,historical
Y26A,2007,0,Open,historical
Y26A,2008,0,Open,historical
Y26A,2009,0,Open,historical
Y26A,2010,0,Open,historical
Y26A,2011,0,Open,historical
Y26A,2012,0,Open,historical
Y26A,2013,0,Open,historical
Y26A,2014,0,Open,historical
Y26A,2015,0,Open,historical
Y26A,2016,0,Open,historical
Y26A,2017,0,Open,historical
Y26A,2018,0,Open,historical
Y26A,2019,0,Open,historical
Y26A,2020,0,Open,historical
Y26A,2021,0,Open,historical
Y26A,2022,0,Open,current
Y26A,2023,0,Open,current
Y26A,2024,0,Open,current
Y26A,2025,0,Open,current
Y61A,1975,0,Open,current
Y61A,1976,0,Open,current
Y61A,1977,0,Open,current
Y61A,1978,0,Open,current
Y61A,1979,0,Open,current
Y61A,1980,0,Open,current
Y61A,1981,0,Open,current
Y61A,1982,0,Open,current
Y61A,1983,0,Open,current
Y61A,1984,0,Open,current
Y61A,1985,0,Open,current
Y61A,1986,0,Open,current
Y61A,1987,0,Open,current
Y61A,1988,0,Open,current
Y61A,1989,0,Open,current
Y61A,1990,0,Open,historical
Y61A,1991,0,Open,historical
Y61A,1992,0,Open,historical
Y61A,1993,0,Open,historical
Y61A,1994,0,Open,historical
Y61A,1995,0,Open,historical
Y61A,1996,0,Open,current
Y61A,1997,0,Open,current
Y61A,1998,0,Open,current
Y61A,1999,0,Open,current
Y61A,2000,0,Open,current
Y61A,2001,0,Open,current
Y61A,2002,0,Open,current
Y61A,2003,0,Open,current
Y61A,2004,0,Open,current
Y61A,2005,0,Open,current
Y61A,2006,0,Open,current
Y61A,2007,0,Open,current
Y61A,2008,0,Open,current
Y61A,2009,0,Open,current
Y61A,2010,0,Open,current
Y61A,2011,0,Open,current
Y61A,2012,0,Open,current
Y61A,2013,0,Open,current
Y61A,2014,0,Open,current
Y61A,2015,0,Open,current
Y61A,2016,0,Open,current
Y61A,2017,0,Open,current
Y61A,2018,0,Open,current
Y61A,2019,0,Open,current
Y61A,2020,0,Open,current
Y61A,2021,0,Open,current
Y61A,2022,0,Open,current
Y61A,2023,0,Open,current
Y61A,2024,0,Open,current
Y61A,2025,0,Open,current
Y99A,1975,0,Open,current
Y99A,1976,0,Open,current
Y99A,1977,0,Open,current
Y99A,1978,0,Open,current
Y99A,1979,0,Open,current
Y99A,1980,0,Open,current
Y99A,1981,0,Open,current
Y99A,1982,0,Open,current
Y99A,1983,0,Open,current
Y99A,1984,0,Open,current
Y99A,1985,0,Open,current
Y99A,1986,0,Open,current
Y99A,1987,0,Open,current
Y99A,1988,0,Open,current
Y99A,1989,0,Open,current
Y99A,1990,0,Open,current
Y99A,1991,0,Open,current
Y99A,1992,0,Open,current
Y99A,1993,0,Open,current
Y99A,1994,0,Open,current
Y99A,1995,0,Open,current
Y99A,1996,0,Open,current
Y99A,1997,0,Open,current
Y99A,1998,0,Open,current
Y99A,1999,0,Open,current
Y99A,2000,0,Open,current
Y99A,2001,0,Open,current
Y99A,2002,0,Open,current
Y99A,2003,0,Open,current
Y99A,2004,0,Open,current
Y99A,2005,0,Open,current
Y99A,2006,0,Open,current
Y99A,2007,0,Open,current
Y99A,2008,0,Open,current
Y99A,2009,0,Open,current
Y99A,2010,0,Open,current
Y99A,2011,0,Open,current
Y99A,2012,0,Open,current
Y99A,2013,0,Open,current
Y99A,2014,0,Open,current
Y99A,2015,0,Open,current
Y99A,2016,0,Open,current
Y99A,2017,0,Open,current
Y99A,2018,0,Open,current
Y99A,2019,0,Open,current
Y99A,2020,0,Open,current
Y99A,2021,0,Open,current
Y99A,2022,0,Open,current
Y99A,2023,0,Open,current
Y99A,2024,0,Open,current
Y99A,2025,0,Open,current
Z01B,1975,0,Open,historical
Z01B,1976,0,Open,historical
Z01B,1977,0,Open,historical
Z01B,1978,0,Open,historical
Z01B,1979,0,Open,historical
Z01B,1980,0,Open,historical
Z01B,1981,0,Open,historical
Z01B,1982,0,Open,historical
Z01B,1983,0,Open,historical
Z01B,1984,0,Open,historical
Z01B,1985,0,Open,historical
Z01B,1986,0,Open,historical
Z01B,1987,0,Open,historical
Z01B,1988,0,Open,historical
Z01B,1989,0,Open,historical
Z01B,1990,0,Open,historical-outside-range
Z01B,1991,0,Open,historical-outside-range
Z01B,1992,0,Open,historical-outside-range
Z01B,1993,0,Open,historical-outside-range
Z01B,1994,0,Open,historical-outside-range
Z01B,1995,0,Open,historical-outside-range
Z01B,1996,0,Open,historical-outside-range
Z01B,1997,0,Open,historical-outside-range
Z01B,1998,0,Open,historical-outside-range
Z01B,1999,0,Open,historical-outside-range
Z01B,2000,0,Open,historical-outside-range
Z01B,2001,0,Open,historical-outside-range
Z01B,2002,0,Open,historical-outside-range
Z01B,2003,0,Open,historical-outside-range
Z01B,2004,0,Open,historical-outside-range
Z01B,2005,0,Open,historical-outside-range
Z01B,2006,0,Open,historical-outside-range
Z01B,2007,0,Open,historical-outside-range
Z01B,2008,0,Open,historical-outside-range
Z01B,2009,0,Open,historical-outside-range
Z01B,2010,0,Open,historical-outside-range
Z01B,2011,0,Open,historical-outside-range
Z01B,2012,0,Open,historical-outside-range
Z01B,2013,0,Open,historical-outside-range
Z01B,2014,0,Open,historical-outside-range
Z01B,2015,0,Open,historical-outside-range
Z01B,2016,0,Open,historical-outside-range
Z01B,2017,0,Open,historical-outside-range
Z01B,2018,0,Open,historical-outside-range
Z01B,2019,0,Open,historical-outside-range
Z01B,2020,0,Open,historical-outside-range
Z01B,2021,0,Open,historical-outside-range
Z01B,2022,0,Open,historical-outside-range
Z01B,2023,0,Open,historical-outside-range
Z01B,2024,0,Open,historical-outside-range
Z01B,2025,0,Open,historical-outside-range
Z02B,1975,0,Open,historical
Z02B,1976,0,Open,historical
Z02B,1977,0,Open,historical
Z02B,1978,0,Open,historical
Z02B,1979,0,Open,historical
Z02B,1980,0,Open,historical
Z02B,1981,0,Open,historical-outside-range
Z02B,1982,0,Open,historical-outside-range
Z02B,1983,0,Open,historical-outside-range
Z02B,1984,0,Open,historical-outside-range
Z02B,1985,0,Open,historical-outside-range
Z02B,1986,0,Open,historical-outside-range
Z02B,1987,0,Open,historical-outside-range
Z02B,1988,0,Open,historical-outside-range
Z02B,1989,0,Open,historical-outside-range
Z02B,1990,0,Open,historical-outside-range
Z02B,1991,0,Open,historical-outside-range
Z02B,1992,0,Open,historical-outside-range
Z02B,1993,0,Open,historical-outside-range
Z02B,1994,0,Open,historical-outside-range
Z02B,1995,0,Open,historical-outside-range
Z02B,1996,0,Open,historical-outside-range
Z02B,1997,0,Open,historical-outside-range
Z02B,1998,0,Open,historical-outside-range
Z02B,1999,0,Open,historical-outside-range
Z02B,2000,0,Open,historical-outside-range
Z02B,2001,0,Open,historical-outside-range
Z02B,2002,0,Open,historical-outside-range
Z02B,2003,0,Open,historical-outside-range
Z02B,2004,0,Open,historical-outside-range
Z02B,2005,0,Open,historical-outside-range
Z02B,2006,0,Open,historical-outside-range
Z02B,2007,0,Open,historical-outside-range
Z02B,2008,0,Open,historical-outside-range
Z02B,2009,0,Open,historical-outside-range
Z02B,2010,0,Open,historical-outside-range
Z02B,2011,0,Open,historical-outside-range
Z02B,2012,0,Open,historical-outside-range
Z02B,2013,0,Open,historical-outside-range
Z02B,2014,0,Open,historical-outside-range
Z02B,2015,0,Open,historical-outside-range
Z02B,2016,0,Open,historical-outside-range
Z02B,2017,0,Open,historical-outside-range
Z02B,2018,0,Open,historical-outside-range
Z02B,2019,0,Open,historical-outside-range
Z02B,2020,0,Open,historical-outside-range
Z02B,2021,0,Open,historical-outside-range
Z02B,2022,0,Open,historical-outside-range
Z02B,2023,0,Open,historical-outside-range
Z02B,2024,0,Open,historical-outside-range
Z02B,2025,0,Open,historical-outside-range
Z03B,1975,0,Open,historical
Z03B,1976,0,Open,historical
Z03B,1977,0,Open,historical
Z03B,1978,0,Open,historical
Z03B,1979,0,Open,historical
Z03B,1980,0,Open,historical
Z03B,1981,0,Open,historical-outside-range
Z03B,1982,0,Open,historical-outside-range
Z03B,1983,0,Open,historical-outside-range
Z03B,1984,0,Open,historical-outside-range
Z03B,1985,0,Open,historical-outside-range
Z03B,1986,0,Open,historical-outside-range
Z03B,1987,0,Open,historical-outside-range
Z03B,1988,0,Open,historical-outside-range
Z03B,1989,0,Open,historical-outside-range
Z03B,1990,0,Open,historical-outside-range
Z03B,1991,0,Open,historical-outside-range
Z03B,1992,0,Open,historical-outside-range
Z03B,1993,0,Open,historical-outside-range
Z03B,1994,0,Open,historical-outside-range
Z03B,1995,0,Open,historical-outside-range
Z03B,1996,0,Open,historical-outside-range
Z03B,1997,0,Open,historical-outside-range
Z03B,1998,0,Open,historical-outside-range
Z03B,1999,0,Open,historical-outside-range
Z03B,2000,0,Open,historical-outside-range
Z03B,2001,0,Open,historical-outside-range
Z03B,2002,0,Open,historical-outside-range
Z03B,2003,0,Open,historical-outside-range
Z03B,2004,0,Open,historical-outside-range
Z03B,2005,0,Open,historical-outside-range
Z03B,2006,0,Open,historical-outside-range
Z03B,2007,0,Open,historical-outside-range
Z03B,2008,0,Open,historical-outside-range
Z03B,2009,0,Open,historical-outside-range
Z03B,2010,0,Open,historical-outside-range
Z03B,2011,0,Open,historical-outside-range
Z03B,2012,0,Open,historical-outside-range
Z03B,2013,0,Open,historical-outside-range
Z03B,2014,0,Open,historical-outside-range
Z03B,2015,0,Open,historical-outside-range
Z03B,2016,0,Open,historical-outside-range
Z03B,2017,0,Open,historical-outside-range
Z03B,2018,0,Open,historical-outside-range
Z03B,2019,0,Open,historical-outside-range
Z03B,2020,0,Open,historical-outside-range
Z03B,2021,0,Open,historical-outside-range
Z03B,2022,0,Open,historical-outside-range
Z03B,2023,0,Open,historical-outside-range
Z03B,2024,0,Open,historical-outside-range
Z03B,2025,0,Open,historical-outside-range
Z04B,1975,0,Open,historical
Z04B,1976,0,Open,historical
Z04B,1977,0,Open,historical
Z04B,1978,0,Open,historical
Z04B,1979,0,Open,historical
Z04B,1980,0,Open,historical
Z04B,1981,0,Open,historical
Z04B,1982,0,Open,historical-outside-range
Z04B,1983,0,Open,historical-outside-range
Z04B,1984,0,Open,historical-outside-range
Z04B,1985,0,Open,historical-outside-range
Z04B,1986,0,Open,historical-outside-range
Z04B,1987,0,Open,historical-outside-range
Z04B,1988,0,Open,historical-outside-range
Z04B,1989,0,Open,historical-outside-range
Z04B,1990,0,Open,historical-outside-range
Z04B,1991,0,Open,historical-outside-range
Z04B,1992,0,Open,historical-outside-range
Z04B,1993,0,Open,historical-outside-range
Z04B,1994,0,Open,historical-outside-range
Z04B,1995,0,Open,historical-outside-range
Z04B,1996,0,Open,historical-outside-range
Z04B,1997,0,Open,historical-outside-range
Z04B,1998,0,Open,historical-outside-range
Z04B,1999,0,Open,historical-outside-range
Z04B,2000,0,Open,historical-outside-range
Z04B,2001,0,Open,historical-outside-range
Z04B,2002,0,Open,historical-outside-range
Z04B,2003,0,Open,historical-outside-range
Z04B,2004,0,Open,historical-outside-range
Z04B,2005,0,Open,historical-outside-range
Z04B,2006,0,Open,historical-outside-range
Z04B,2007,0,Open,historical-outside-range
Z04B,2008,0,Open,historical-outside-range
Z04B,2009,0,Open,historical-outside-range
Z04B,2010,0,Open,historical-outside-range
Z04B,2011,0,Open,historical-outside-range
Z04B,2012,0,Open,historical-outside-range
Z04B,2013,0,Open,historical-outside-range
Z04B,2014,0,Open,historical-outside-range
Z04B,2015,0,Open,historical-outside-range
Z04B,2016,0,Open,historical-outside-range
Z04B,2017,0,Open,historical-outside-range
Z04B,2018,0,Open,historical-outside-range
Z04B,2019,0,Open,historical-outside-range
Z04B,2020,0,Open,historical-outside-range
Z04B,2021,0,Open,historical-outside-range
Z04B,2022,0,Open,historical-outside-range
Z04B,2023,0,Open,historical-outside-range
Z04B,2024,0,Open,historical-outside-range
Z04B,2025,0,Open,historical-outside-range
Z06B,1975,0,Open,historical-outside-range
Z06B,1976,0,Open,historical-outside-range
Z06B,1977,0,Open,historical-outside-range
Z06B,1978,0,Open,historical
Z06B,1979,0,Open,historical
Z06B,1980,0,Open,historical
Z06B,1981,0,Open,historical
Z06B,1982,0,Open,historical
Z06B,1983,0,Open,historical
Z06B,1984,0,Open,historical
Z06B,1985,0,Open,historical
Z06B,1986,0,Open,historical
Z06B,1987,0,Open,historical
Z06B,1988,0,Open,historical
Z06B,1989,0,Open,historical
Z06B,1990,0,Open,historical-outside-range
Z06B,1991,0,Open,historical-outside-range
Z06B,1992,0,Open,historical-outside-range
Z06B,1993,0,Open,historical-outside-range
Z06B,1994,0,Open,historical-outside-range
Z06B,1995,0,Open,historical-outside-range
Z06B,1996,0,Open,historical-outside-range
Z06B,1997,0,Open,historical-outside-range
Z06B,1998,0,Open,historical-outside-range
Z06B,1999,0,Open,historical-outside-range
Z06B,2000,0,Open,historical-outside-range
Z06B,2001,0,Open,historical-outside-range
Z06B,2002,0,Open,historical-outside-range
Z06B,2003,0,Open,historical-outside-range
Z06B,2004,0,Open,historical-outside-range
Z06B,2005,0,Open,historical-outside-range
Z06B,2006,0,Open,historical-outside-range
Z06B,2007,0,Open,historical-outside-range
Z06B,2008,0,Open,historical-outside-range
Z06B,2009,0,Open,historical-outside-range
Z06B,2010,0,Open,historical-outside-range
Z06B,2011,0,Open,historical-outside-range
Z06B,2012,0,Open,historical-outside-range
Z06B,2013,0,Open,historical-outside-range
Z06B,2014,0,Open,historical-outside-range
Z06B,2015,0,Open,historical-outside-range
Z06B,2016,0,Open,historical-outside-range
Z06B,2017,0,Open,historical-outside-range
Z06B,2018,0,Open,historical-outside-range
Z06B,2019,0,Open,historical-outside-range
Z06B,2020,0,Open,historical-outside-range
Z06B,2021,0,Open,historical-outside-range
Z06B,2022,0,Open,historical-outside-range
Z06B,2023,0,Open,historical-outside-range
Z06B,2024,0,Open,historical-outside-range
Z06B,2025,0,Open,historical-outside-range
Z06K,1975,0,Open,historical-outside-range
Z06K,1976,0,Open,historical-outside-range
Z06K,1977,0,Open,historical-outside-range
Z06K,1978,0,Open,historical-outside-range
Z06K,1979,0,Open,historical-outside-range
Z06K,1980,0,Open,historical-outside-range
Z06K,1981,0,Open,historical-outside-range
Z06K,1982,0,Open,historical-outside-range
Z06K,1983,0,Open,historical-outside-range
Z06K,1984,0,Open,historical-outside-range
Z06K,1985,0,Open,historical-outside-range
Z06K,1986,0,Open,historical-outside-range
Z06K,1987,0,Open,historical-outside-range
Z06K,1988,0,Open,historical-outside-range
Z06K,1989,0,Open,historical-outside-range
Z06K,1990,0,Open,historical-outside-range
Z06K,1991,0,Open,historical-outside-range
Z06K,1992,0,Open,historical-outside-range
Z06K,1993,0,Open,historical-outside-range
Z06K,1994,0,Open,historical-outside-range
Z06K,1995,0,Open,historical-outside-range
Z06K,1996,0,Open,historical-outside-range
Z06K,1997,0,Open,historical-outside-range
Z06K,1998,0,Open,historical-outside-range
Z06K,1999,0,Open,historical-outside-range
Z06K,2000,0,Open,historical-outside-range
Z06K,2001,0,Open,historical-outside-range
Z06K,2002,0,Open,historical-outside-range
Z06K,2003,0,Open,historical-outside-range
Z06K,2004,0,Open,historical-outside-range
Z06K,2005,0,Open,historical-outside-range
Z06K,2006,0,Open,historical-outside-range
Z06K,2007,0,Open,historical-outside-range
Z06K,2008,0,Open,historical-outside-range
Z06K,2009,0,Open,historical-outside-range
Z06K,2010,0,Open,historical-outside-range
Z06K,2011,0,Open,historical-outside-range
Z06K,2012,0,Open,historical-outside-range
Z06K,2013,0,Open,historical-outside-range
Z06K,2014,0,Open,historical-outside-range
Z06K,2015,0,Open,historical-outside-range
Z06K,2016,0,Open,historical-outside-range
Z06K,2017,0,Open,historical-outside-range
Z06K,2018,0,Open,historical-outside-range
Z06K,2019,0,Open,historical-outside-range
Z06K,2020,0,Open,historical-outside-range
Z06K,2021,0,Open,historical-outside-range
Z06K,2022,0,Open,historical-outside-range
Z06K,2023,0,Open,historical-outside-range
Z06K,2024,0,Open,historical-outside-range
Z06K,2025,0,Open,historical-outside-range
Z07B,1975,0,Open,historical
Z07B,1976,0,Open,historical
Z07B,1977,0,Open,historical
Z07B,1978,0,Open,historical
Z07B,1979,0,Open,historical
Z07B,1980,0,Open,historical
Z07B,1981,0,Open,historical-outside-range
Z07B,1982,0,Open,historical-outside-range
Z07B,1983,0,Open,historical-outside-range
Z07B,1984,0,Open,historical-outside-range
Z07B,1985,0,Open,historical-outside-range
Z07B,1986,0,Open,historical-outside-range
Z07B,1987,0,Open,historical-outside-range
Z07B,1988,0,Open,historical-outside-range
Z07B,1989,0,Open,historical-outside-range
Z07B,1990,0,Open,historical-outside-range
Z07B,1991,0,Open,historical-outside-range
Z07B,1992,0,Open,historical-outside-range
Z07B,1993,0,Open,historical-outside-range
Z07B,1994,0,Open,historical-outside-range
Z07B,1995,0,Open,historical-outside-range
Z07B,1996,0,Open,historical-outside-range
Z07B,1997,0,Open,historical-outside-range
Z07B,1998,0,Open,historical-outside-range
Z07B,1999,0,Open,historical-outside-range
Z07B,2000,0,Open,historical-outside-range
Z07B,2001,0,Open,historical-outside-range
Z07B,2002,0,Open,historical-outside-range
Z07B,2003,0,Open,historical-outside-range
Z07B,2004,0,Open,historical-outside-range
Z07B,2005,0,Open,historical-outside-range
Z07B,2006,0,Open,historical-outside-range
Z07B,2007,0,Open,historical-outside-range
Z07B,2008,0,Open,historical-outside-range
Z07B,2009,0,Open,historical-outside-range
Z07B,2010,0,Open,historical-outside-range
Z07B,2011,0,Open,historical-outside-range
Z07B,2012,0,Open,historical-outside-range
Z07B,2013,0,Open,historical-outside-range
Z07B,2014,0,Open,historical-outside-range
Z07B,2015,0,Open,historical-outside-range
Z07B,2016,0,Open,historical-outside-range
Z07B,2017,0,Open,historical-outside-range
Z07B,2018,0,Open,historical-outside-range
Z07B,2019,0,Open,historical-outside-range
Z07B,2020,0,Open,historical-outside-range
Z07B,2021,0,Open,historical-outside-range
Z07B,2022,0,Open,historical-outside-range
Z07B,2023,0,Open,historical-outside-range
Z07B,2024,0,Open,historical-outside-range
Z07B,2025,0,Open,historical-outside-range
Z09B,1975,0,Open,historical
Z09B,1976,0,Open,historical
Z09B,1977,0,Open,historical
Z09B,1978,0,Open,historical
Z09B,1979,0,Open,historical
Z09B,1980,0,Open,historical
Z09B,1981,0,Open,historical
Z09B,1982,0,Open,historical
Z09B,1983,0,Open,historical
Z09B,1984,0,Open,historical
Z09B,1985,0,Open,historical
Z09B,1986,0,Open,historical
Z09B,1987,0,Open,historical
Z09B,1988,0,Open,historical
Z09B,1989,0,Open,historical
Z09B,1990,0,Open,historical
Z09B,1991,0,Open,current
Z09B,1992,0,Open,current
Z09B,1993,0,Open,current
Z09B,1994,0,Open,current
Z09B,1995,0,Open,current
Z09B,1996,0,Open,current
Z09B,1997,0,Open,current
Z09B,1998,0,Open,current
Z09B,1999,0,Open,current
Z09B,2000,0,Open,current
Z09B,2001,0,Open,current
Z09B,2002,0,Open,current
Z09B,2003,0,Open,current
Z09B,2004,0,Open,current
Z09B,2005,0,Open,current
Z09B,2006,0,Open,current
Z09B,2007,0,Open,current
Z09B,2008,0,Open,current
Z09B,2009,0,Open,current
Z09B,2010,0,Open,current
Z09B,2011,0,Open,current
Z09B,2012,0,Open,current
Z09B,2013,0,Open,current
Z09B,2014,0,Open,current
Z09B,2015,0,Open,current
Z09B,2016,0,Open,current
Z09B,2017,0,Open,current
Z09B,2018,0,Open,current
Z09B,2019,0,Open,current
Z09B,2020,0,Open,current
Z09B,2021,0,Open,current
Z09B,2022,0,Open,current
Z09B,2023,0,Open,current
Z09B,2024,0,Open,current
Z09B,2025,0,Open,current
Z09K,1975,0,Open,historical-outside-range
Z09K,1976,0,Open,historical-outside-range
Z09K,1977,0,Open,historical-outside-range
Z09K,1978,0,Open,historical-outside-range
Z09K,1979,0,Open,historical-outside-range
Z09K,1980,0,Open,historical-outside-range
Z09K,1981,0,Open,historical-outside-range
Z09K,1982,0,Open,historical-outside-range
Z09K,1983,0,Open,historical-outside-range
Z09K,1984,0,Open,historical-outside-range
Z09K,1985,0,Open,historical-outside-range
Z09K,1986,0,Open,historical-outside-range
Z09K,1987,0,Open,historical-outside-range
Z09K,1988,0,Open,historical-outside-range
Z09K,1989,0,Open,historical-outside-range
Z09K,1990,0,Open,historical-outside-range
Z09K,1991,0,Open,historical-outside-range
Z09K,1992,0,Open,historical-outside-range
Z09K,1993,0,Open,historical-outside-range
Z09K,1994,0,Open,historical-outside-range
Z09K,1995,0,Open,historical-outside-range
Z09K,1996,0,Open,historical-outside-range
Z09K,1997,0,Open,historical-outside-range
Z09K,1998,0,Open,historical-outside-range
Z09K,1999,0,Open,historical-outside-range
Z09K,2000,0,Open,historical-outside-range
Z09K,2001,0,Open,historical-outside-range
Z09K,2002,0,Open,historical-outside-range
Z09K,2003,0,Open,historical-outside-range
Z09K,2004,0,Open,historical-outside-range
Z09K,2005,0,Open,historical-outside-range
Z09K,2006,0,Open,historical-outside-range
Z09K,2007,0,Open,historical-outside-range
Z09K,2008,0,Open,historical-outside-range
Z09K,2009,0,Open,historical-outside-range
Z09K,2010,0,Open,historical-outside-range
Z09K,2011,0,Open,historical-outside-range
Z09K,2012,0,Open,historical-outside-range
Z09K,2013,0,Open,historical-outside-range
Z09K,2014,0,Open,historical-outside-range
Z09K,2015,0,Open,historical-outside-range
Z09K,2016,0,Open,historical-outside-range
Z09K,2017,0,Open,historical-outside-range
Z09K,2018,0,Open,historical-outside-range
Z09K,2019,0,Open,historical-outside-range
Z09K,2020,0,Open,historical-outside-range
Z09K,2021,0,Open,historical-outside-range
Z09K,2022,0,Open,historical-outside-range
Z09K,2023,0,Open,historical-outside-range
Z09K,2024,0,Open,historical-outside-range
Z09K,2025,0,Open,historical-outside-range
Z11B,1975,0,Open,historical-outside-range
Z11B,1976,0,Open,historical-outside-range
Z11B,1977,0,Open,historical-outside-range
Z11B,1978,0,Open,historical-outside-range
Z11B,1979,0,Open,historical-outside-range
Z11B,1980,0,Open,historical-outside-range
Z11B,1981,0,Open,historical-outside-range
Z11B,1982,0,Open,historical-outside-range
Z11B,1983,0,Open,historical-outside-range
Z11B,1984,0,Open,historical-outside-range
Z11B,1985,0,Open,historical-outside-range
Z11B,1986,0,Open,historical-outside-range
Z11B,1987,0,Open,historical-outside-range
Z11B,1988,0,Open,historical-outside-range
Z11B,1989,0,Open,historical-outside-range
Z11B,1990,0,Open,historical-outside-range
Z11B,1991,0,Open,historical-outside-range
Z11B,1992,0,Open,historical-outside-range
Z11B,1993,0,Open,historical-outside-range
Z11B,1994,0,Open,historical-outside-range
Z11B,1995,0,Open,historical-outside-range
Z11B,1996,0,Open,historical-outside-range
Z11B,1997,0,Open,historical-outside-range
Z11B,1998,0,Open,historical-outside-range
Z11B,1999,0,Open,historical-outside-range
Z11B,2000,0,Open,historical-outside-range
Z11B,2001,0,Open,historical-outside-range
Z11B,2002,0,Open,historical-outside-range
Z11B,2003,0,Open,historical-outside-range
Z11B,2004,0,Open,historical-outside-range
Z11B,2005,0,Open,historical-outside-range
Z11B,2006,0,Open,historical-outside-range
Z11B,2007,0,Open,historical-outside-range
Z11B,2008,0,Open,historical-outside-range
Z11B,2009,0,Open,historical-outside-range
Z11B,2010,0,Open,historical-outside-range
Z11B,2011,0,Open,historical-outside-range
Z11B,2012,0,Open,historical-outside-range
Z11B,2013,0,Open,historical-outside-range
Z11B,2014,0,Open,historical-outside-range
Z11B,2015,0,Open,historical-outside-range
Z11B,2016,0,Open,historical-outside-range
Z11B,2017,0,Open,historical-outside-range
Z11B,2018,0,Open,historical-outside-range
Z11B,2019,0,Open,historical-outside-range
Z11B,2020,0,Open,historical-outside-range
Z11B,2021,0,Open,historical-outside-range
Z11B,2022,0,Open,historical-outside-range
Z11B,2023,0,Open,historical-outside-range
Z11B,2024,0,Open,historical-outside-range
Z11B,2025,0,Open,historical-outside-range
Z12B,1975,0,Open,current
Z12B,1976,0,Open,current
Z12B,1977,0,Open,current
Z12B,1978,0,Open,current
Z12B,1979,0,Open,current
Z12B,1980,0,Open,current
Z12B,1981,0,Open,current
Z12B,1982,0,Open,current
Z12B,1983,0,Open,current
Z12B,1984,0,Open,current
Z12B,1985,0,Open,current
Z12B,1986,0,Open,current
Z12B,1987,0,Open,current
Z12B,1988,0,Open,current
Z12B,1989,0,Open,current
Z12B,1990,0,Open,current
Z12B,1991,0,Open,current
Z12B,1992,0,Open,current
Z12B,1993,0,Open,current
Z12B,1994,0,Open,current
Z12B,1995,0,Open,current
Z12B,1996,0,Open,current
Z12B,1997,0,Open,current
Z12B,1998,0,Open,current
Z12B,1999,0,Open,current
Z12B,2000,0,Open,current
Z12B,2001,0,Open,current
Z12B,2002,0,Open,current
Z12B,2003,0,Open,current
Z12B,2004,0,Open,current
Z12B,2005,0,Open,current
Z12B,2006,0,Open,current
Z12B,2007,0,Open,current
Z12B,2008,0,Open,current
Z12B,2009,0,Open,current
Z12B,2010,0,Open,current
Z12B,2011,0,Open,current
Z12B,2012,0,Open,current
Z12B,2013,0,Open,current
Z12B,2014,0,Open,current
Z12B,2015,0,Open,current
Z12B,2016,0,Open,current
Z12B,2017,0,Open,current
Z12B,2018,0,Open,current
Z12B,2019,0,Open,current
Z12B,2020,0,Open,current
Z12B,2021,0,Open,current
Z12B,2022,0,Open,current
Z12B,2023,0,Open,current
Z12B,2024,0,Open,current
Z12B,2025,0,Open,current
Z17B,1975,0,Open,historical-outside-range
Z17B,1976,0,Open,historical-outside-range
Z17B,1977,0,Open,historical
Z17B,1978,0,Open,historical
Z17B,1979,0,Open,historical
Z17B,1980,0,Open,historical
Z17B,1981,0,Open,historical
Z17B,1982,0,Open,historical
Z17B,1983,0,Open,historical
Z17B,1984,0,Open,historical
Z17B,1985,0,Open,historical
Z17B,1986,0,Open,historical
Z17B,1987,0,Open,historical
Z17B,1988,0,Open,historical-outside-range
Z17B,1989,0,Open,historical-outside-range
Z17B,1990,0,Open,historical-outside-range
Z17B,1991,0,Open,historical-outside-range
Z17B,1992,0,Open,historical-outside-range
Z17B,1993,0,Open,historical-outside-range
Z17B,1994,0,Open,historical-outside-range
Z17B,1995,0,Open,historical-outside-range
Z17B,1996,0,Open,historical-outside-range
Z17B,1997,0,Open,historical-outside-range
Z17B,1998,0,Open,historical-outside-range
Z17B,1999,0,Open,historical-outside-range
Z17B,2000,0,Open,historical-outside-range
Z17B,2001,0,Open,historical-outside-range
Z17B,2002,0,Open,historical-outside-range
Z17B,2003,0,Open,historical-outside-range
Z17B,2004,0,Open,historical-outside-range
Z17B,2005,0,Open,historical-outside-range
Z17B,2006,0,Open,historical-outside-range
Z17B,2007,0,Open,historical-outside-range
Z17B,2008,0,Open,historical-outside-range
Z17B,2009,0,Open,historical-outside-range
Z17B,2010,0,Open,historical-outside-range
Z17B,2011,0,Open,historical-outside-range
Z17B,2012,0,Open,historical-outside-range
Z17B,2013,0,Open,historical-outside-range
Z17B,2014,0,Open,historical-outside-range
Z17B,2015,0,Open,historical-outside-range
Z17B,2016,0,Open,historical-outside-range
Z17B,2017,0,Open,historical-outside-range
Z17B,2018,0,Open,historical-outside-range
Z17B,2019,0,Open,historical-outside-range
Z17B,2020,0,Open,historical-outside-range
Z17B,2021,0,Open,historical-outside-range
Z17B,2022,0,Open,historical-outside-range
Z17B,2023,0,Open,historical-outside-range
Z17B,2024,0,Open,historical-outside-range
Z17B,2025,0,Open,historical-outside-range
Z18B,1975,0,Open,historical
Z18B,1976,0,Open,historical
Z18B,1977,0,Open,historical
Z18B,1978,0,Open,historical
Z18B,1979,0,Open,historical
Z18B,1980,0,Open,historical
Z18B,1981,0,Open,historical
Z18B,1982,0,Open,historical
Z18B,1983,0,Open,historical
Z18B,1984,0,Open,historical
Z18B,1985,0,Open,historical
Z18B,1986,0,Open,historical
Z18B,1987,0,Open,historical
Z18B,1988,0,Open,historical
Z18B,1989,0,Open,historical
Z18B,1990,0,Open,historical
Z18B,1991,0,Open,historical
Z18B,1992,0,Open,historical
Z18B,1993,0,Open,historical
Z18B,1994,0,Open,historical-outside-range
Z18B,1995,0,Open,historical-outside-range
Z18B,1996,0,Open,historical-outside-range
Z18B,1997,0,Open,historical-outside-range
Z18B,1998,0,Open,historical-outside-range
Z18B,1999,0,Open,historical-outside-range
Z18B,2000,0,Open,historical-outside-range
Z18B,2001,0,Open,historical-outside-range
Z18B,2002,0,Open,historical-outside-range
Z18B,2003,0,Open,historical-outside-range
Z18B,2004,0,Open,historical-outside-range
Z18B,2005,0,Open,historical-outside-range
Z18B,2006,0,Open,historical-outside-range
Z18B,2007,0,Open,historical-outside-range
Z18B,2008,0,Open,historical-outside-range
Z18B,2009,0,Open,historical-outside-range
Z18B,2010,0,Open,historical-outside-range
Z18B,2011,0,Open,historical-outside-range
Z18B,2012,0,Open,historical-outside-range
Z18B,2013,0,Open,historical-outside-range
Z18B,2014,0,Open,historical-outside-range
Z18B,2015,0,Open,historical-outside-range
Z18B,2016,0,Open,historical-outside-range
Z18B,2017,0,Open,historical-outside-range
Z18B,2018,0,Open,historical-outside-range
Z18B,2019,0,Open,historical-outside-range
Z18B,2020,0,Open,historical-outside-range
Z18B,2021,0,Open,historical-outside-range
Z18B,2022,0,Open,historical-outside-range
Z18B,2023,0,Open,historical-outside-range
Z18B,2024,0,Open,historical-outside-range
Z18B,2025,0,Open,historical-outside-range
Z22B,1975,0,Open,historical
Z22B,1976,0,Open,historical
Z22B,1977,0,Open,historical
Z22B,1978,0,Open,historical
Z22B,1979,0,Open,historical
Z22B,1980,0,Open,historical
Z22B,1981,0,Open,historical
Z22B,1982,0,Open,historical
Z22B,1983,0,Open,historical-outside-range
Z22B,1984,0,Open,historical-outside-range
Z22B,1985,0,Open,historical-outside-range
Z22B,1986,0,Open,historical-outside-range
Z22B,1987,0,Open,historical-outside-range
Z22B,1988,0,Open,historical-outside-range
Z22B,1989,0,Open,historical-outside-range
Z22B,1990,0,Open,historical-outside-range
Z22B,1991,0,Open,historical-outside-range
Z22B,1992,0,Open,historical-outside-range
Z22B,1993,0,Open,historical-outside-range
Z22B,1994,0,Open,historical-outside-range
Z22B,1995,0,Open,historical-outside-range
Z22B,1996,0,Open,historical-outside-range
Z22B,1997,0,Open,historical-outside-range
Z22B,1998,0,Open,historical-outside-range
Z22B,1999,0,Open,historical-outside-range
Z22B,2000,0,Open,historical-outside-range
Z22B,2001,0,Open,historical-outside-range
Z22B,2002,0,Open,historical-outside-range
Z22B,2003,0,Open,historical-outside-range
Z22B,2004,0,Open,historical-outside-range
Z22B,2005,0,Open,historical-outside-range
Z22B,2006,0,Open,historical-outside-range
Z22B,2007,0,Open,historical-outside-range
Z22B,2008,0,Open,historical-outside-range
Z22B,2009,0,Open,historical-outside-range
Z22B,2010,0,Open,historical-outside-range
Z22B,2011,0,Open,historical-outside-range
Z22B,2012,0,Open,historical-outside-range
Z22B,2013,0,Open,historical-outside-range
Z22B,2014,0,Open,historical-outside-range
Z22B,2015,0,Open,historical-outside-range
Z22B,2016,0,Open,historical-outside-range
Z22B,2017,0,Open,historical-outside-range
Z22B,2018,0,Open,historical-outside-range
Z22B,2019,0,Open,historical-outside-range
Z22B,2020,0,Open,historical-outside-range
Z22B,2021,0,Open,historical-outside-range
Z22B,2022,0,Open,historical-outside-range
Z22B,2023,0,Open,historical-outside-range
Z22B,2024,0,Open,historical-outside-range
Z22B,2025,0,Open,historical-outside-range
Z26B,1975,0,Open,historical-outside-range
Z26B,1976,0,Open,historical-outside-range
Z26B,1977,0,Open,historical-outside-range
Z26B,1978,0,Open,historical-outside-range
Z26B,1979,0,Open,historical-outside-range
Z26B,1980,0,Open,historical
Z26B,1981,0,Open,historical
Z26B,1982,0,Open,historical
Z26B,1983,0,Open,historical
Z26B,1984,0,Open,historical
Z26B,1985,0,Open,historical
Z26B,1986,0,Open,historical
Z26B,1987,0,Open,historical
Z26B,1988,0,Open,historical
Z26B,1989,0,Open,historical-outside-range
Z26B,1990,0,Open,historical-outside-range
Z26B,1991,0,Open,historical-outside-range
Z26B,1992,0,Open,historical-outside-range
Z26B,1993,0,Open,historical-outside-range
Z26B,1994,0,Open,historical-outside-range
Z26B,1995,0,Open,historical-outside-range
Z26B,1996,0,Open,historical-outside-range
Z26B,1997,0,Open,historical-outside-range
Z26B,1998,0,Open,historical-outside-range
Z26B,1999,0,Open,historical-outside-range
Z26B,2000,0,Open,historical-outside-range
Z26B,2001,0,Open,historical-outside-range
Z26B,2002,0,Open,historical-outside-range
Z26B,2003,0,Open,historical-outside-range
Z26B,2004,0,Open,historical-outside-range
Z26B,2005,0,Open,historical-outside-range
Z26B,2006,0,Open,historical-outside-range
Z26B,2007,0,Open,historical-outside-range
Z26B,2008,0,Open,historical-outside-range
Z26B,2009,0,Open,historical-outside-range
Z26B,2010,0,Open,historical-outside-range
Z26B,2011,0,Open,historical-outside-range
Z26B,2012,0,Open,historical-outside-range
Z26B,2013,0,Open,historical-outside-range
Z26B,2014,0,Open,historical-outside-range
Z26B,2015,0,Open,historical-outside-range
Z26B,2016,0,Open,historical-outside-range
Z26B,2017,0,Open,historical-outside-range
Z26B,2018,0,Open,historical-outside-range
Z26B,2019,0,Open,historical-outside-range
Z26B,2020,0,Open,historical-outside-range
Z26B,2021,0,Open,historical-outside-range
Z26B,2022,0,Open,historical-outside-range
Z26B,2023,0,Open,historical-outside-range
Z26B,2024,0,Open,historical-outside-range
Z26B,2025,0,Open,historical-outside-range
Z37B,1975,0,Open,historical-outside-range
Z37B,1976,0,Open,historical-outside-range
Z37B,1977,0,Open,historical-outside-range
Z37B,1978,0,Open,historical-outside-range
Z37B,1979,0,Open,historical-outside-range
Z37B,1980,0,Open,historical-outside-range
Z37B,1981,0,Open,historical-outside-range
Z37B,1982,0,Open,historical-outside-range
Z37B,1983,0,Open,historical-outside-range
Z37B,1984,0,Open,historical-outside-range
Z37B,1985,0,Open,historical-outside-range
Z37B,1986,0,Open,historical-outside-range
Z37B,1987,0,Open,historical-outside-range
Z37B,1988,0,Open,historical-outside-range
Z37B,1989,0,Open,historical-outside-range
Z37B,1990,0,Open,historical-outside-range
Z37B,1991,0,Open,historical-outside-range
Z37B,1992,0,Open,historical-outside-range
Z37B,1993,0,Open,historical-outside-range
Z37B,1994,0,Open,historical-outside-range
Z37B,1995,0,Open,historical-outside-range
Z37B,1996,0,Open,historical-outside-range
Z37B,1997,0,Open,historical-outside-range
Z37B,1998,0,Open,historical-outside-range
Z37B,1999,0,Open,historical-outside-range
Z37B,2000,0,Open,historical-outside-range
Z37B,2001,0,Open,historical-outside-range
Z37B,2002,0,Open,historical-outside-range
Z37B,2003,0,Open,historical-outside-range
Z37B,2004,0,Open,historical-outside-range
Z37B,2005,0,Open,historical-outside-range
Z37B,2006,0,Open,historical-outside-range
Z37B,2007,0,Open,historical-outside-range
Z37B,2008,0,Open,historical-outside-range
Z37B,2009,0,Open,historical-outside-range
Z37B,2010,0,Open,historical-outside-range
Z37B,2011,0,Open,historical-outside-range
Z37B,2012,0,Open,historical-outside-range
Z37B,2013,0,Open,historical-outside-range
Z37B,2014,0,Open,historical-outside-range
Z37B,2015,0,Open,historical-outside-range
Z37B,2016,0,Open,historical-outside-range
Z37B,2017,0,Open,historical-outside-range
Z37B,2018,0,Open,historical-outside-range
Z37B,2019,0,Open,historical-outside-range
Z37B,2020,0,Open,historical-outside-range
Z37B,2021,0,Open,historical-outside-range
Z37B,2022,0,Open,historical-outside-range
Z37B,2023,0,Open,historical-outside-range
Z37B,2024,0,Open,historical-outside-range
Z37B,2025,0,Open,historical-outside-range
Z61B,1975,0,Open,historical-outside-range
Z61B,1976,0,Open,historical-outside-range
Z61B,1977,0,Open,historical-outside-range
Z61B,1978,0,Open,historical-outside-range
Z61B,1979,0,Open,historical-outside-range
Z61B,1980,0,Open,historical
Z61B,1981,0,Open,historical
Z61B,1982,0,Open,historical
Z61B,1983,0,Open,historical
Z61B,1984,0,Open,historical
Z61B,1985,0,Open,historical
Z61B,1986,0,Open,historical
Z61B,1987,0,Open,historical
Z61B,1988,0,Open,historical
Z61B,1989,0,Open,historical
Z61B,1990,0,Open,historical
Z61B,1991,0,Open,historical-outside-range
Z61B,1992,0,Open,historical-outside-range
Z61B,1993,0,Open,historical-outside-range
Z61B,1994,0,Open,historical-outside-range
Z61B,1995,0,Open,historical-outside-range
Z61B,1996,0,Open,historical-outside-range
Z61B,1997,0,Open,historical-outside-range
Z61B,1998,0,Open,historical-outside-range
Z61B,1999,0,Open,historical-outside-range
Z61B,2000,0,Open,historical-outside-range
Z61B,2001,0,Open,historical-outside-range
Z61B,2002,0,Open,historical-outside-range
Z61B,2003,0,Open,historical-outside-range
Z61B,2004,0,Open,historical-outside-range
Z61B,2005,0,Open,historical-outside-range
Z61B,2006,0,Open,historical-outside-range
Z61B,2007,0,Open,historical-outside-range
Z61B,2008,0,Open,historical-outside-range
Z61B,2009,0,Open,historical-outside-range
Z61B,2010,0,Open,historical-outside-range
Z61B,2011,0,Open,historical-outside-range
Z61B,2012,0,Open,historical-outside-range
Z61B,2013,0,Open,historical-outside-range
Z61B,2014,0,Open,historical-outside-range
Z61B,2015,0,Open,historical-outside-range
Z61B,2016,0,Open,historical-outside-range
Z61B,2017,0,Open,historical-outside-range
Z61B,2018,0,Open,historical-outside-range
Z61B,2019,0,Open,historical-outside-range
Z61B,2020,0,Open,historical-outside-range
Z61B,2021,0,Open,historical-outside-range
Z61B,2022,0,Open,historical-outside-range
Z61B,2023,0,Open,historical-outside-range
Z61B,2024,0,Open,historical-outside-range
Z61B,2025,0,Open,historical-outside-range
Z91B,1975,0,Open,historical-outside-range
Z91B,1976,0,Open,historical-outside-range
Z91B,1977,0,Open,historical-outside-range
Z91B,1978,0,Open,historical-outside-range
Z91B,1979,0,Open,historical
Z91B,1980,0,Open,historical
Z91B,1981,0,Open,historical
Z91B,1982,0,Open,historical
Z91B,1983,0,Open,historical
Z91B,1984,0,Open,historical
Z91B,1985,0,Open,historical
Z91B,1986,0,Open,historical
Z91B,1987,0,Open,historical
Z91B,1988,0,Open,historical
Z91B,1989,0,Open,historical
Z91B,1990,0,Open,historical
Z91B,1991,0,Open,historical
Z91B,1992,0,Open,historical
Z91B,1993,0,Open,historical-outside-range
Z91B,1994,0,Open,historical-outside-range
Z91B,1995,0,Open,historical-outside-range
Z91B,1996,0,Open,historical-outside-range
Z91B,1997,0,Open,historical-outside-range
Z91B,1998,0,Open,historical-outside-range
Z91B,1999,0,Open,historical-outside-range
Z91B,2000,0,Open,historical-outside-range
Z91B,2001,0,Open,historical-outside-range
Z91B,2002,0,Open,historical-outside-range
Z91B,2003,0,Open,historical-outside-range
Z91B,2004,0,Open,historical-outside-range
Z91B,2005,0,Open,historical-outside-range
Z91B,2006,0,Open,historical-outside-range
Z91B,2007,0,Open,historical-outside-range
Z91B,2008,0,Open,historical-outside-range
Z91B,2009,0,Open,historical-outside-range
Z91B,2010,0,Open,historical-outside-range
Z91B,2011,0,Open,historical-outside-range
Z91B,2012,0,Open,historical-outside-range
Z91B,2013,0,Open,historical-outside-range
Z91B,2014,0,Open,historical-outside-range
Z91B,2015,0,Open,historical-outside-range
Z91B,2016,0,Open,historical-outside-range
Z91B,2017,0,Open,historical-outside-range
Z91B,2018,0,Open,historical-outside-range
Z91B,2019,0,Open,historical-outside-range
Z91B,2020,0,Open,historical-outside-range
Z91B,2021,0,Open,historical-outside-range
Z91B,2022,0,Open,historical-outside-range
Z91B,2023,0,Open,historical-outside-range
Z91B,2024,0,Open,historical-outside-range
Z91B,2025,0,Open,historical-outside-range
Z99B,1975,0,Open,current
Z99B,1976,0,Open,current
Z99B,1977,0,Open,current
Z99B,1978,0,Open,current
Z99B,1979,0,Open,current
Z99B,1980,0,Open,current
Z99B,1981,0,Open,current
Z99B,1982,0,Open,current
Z99B,1983,0,Open,current
Z99B,1984,0,Open,current
Z99B,1985,0,Open,current
Z99B,1986,0,Open,current
Z99B,1987,0,Open,current
Z99B,1988,0,Open,current
Z99B,1989,0,Open,current
Z99B,1990,0,Open,current
Z99B,1991,0,Open,current
Z99B,1992,0,Open,current
Z99B,1993,0,Open,current
Z99B,1994,0,Open,current
Z99B,1995,0,Open,current
Z99B,1996,0,Open,current
Z99B,1997,0,Open,current
Z99B,1998,0,Open,current
Z99B,1999,0,Open,current
Z99B,2000,0,Open,current
Z99B,2001,0,Open,current
Z99B,2002,0,Open,current
Z99B,2003,0,Open,current
Z99B,2004,0,Open,current
Z99B,2005,0,Open,current
Z99B,2006,0,Open,current
Z99B,2007,0,Open,current
Z99B,2008,0,Open,current
Z99B,2009,0,Open,current
Z99B,2010,0,Open,current
Z99B,2011,0,Open,current
Z99B,2012,0,Open,current
Z99B,2013,0,Open,current
Z99B,2014,0,Open,current
Z99B,2015,0,Open,current
Z99B,2016,0,Open,current
Z99B,2017,0,Open,current
Z99B,2018,0,Open,current
Z99B,2019,0,Open,current
Z99B,2020,0,Open,current
Z99B,2021,0,Open,current
Z99B,2022,0,Open,current
Z99B,2023,0,Open,current
Z99B,2024,0,Open,current
Z99B,2025,0,Open,current
